ISO-10303-21;
HEADER;
FILE_DESCRIPTION(('FreeCAD Model'),'2;1');
FILE_NAME('Open CASCADE Shape Model','2025-11-21T13:49:13',('Author'),(
    ''),'Open CASCADE STEP processor 7.8','FreeCAD','Unknown');
FILE_SCHEMA(('AUTOMOTIVE_DESIGN { 1 0 10303 214 1 1 1 1 }'));
ENDSEC;
DATA;
#1 = APPLICATION_PROTOCOL_DEFINITION('international standard',
  'automotive_design',2000,#2);
#2 = APPLICATION_CONTEXT(
  'core data for automotive mechanical design processes');
#3 = SHAPE_DEFINITION_REPRESENTATION(#4,#10);
#4 = PRODUCT_DEFINITION_SHAPE('','',#5);
#5 = PRODUCT_DEFINITION('design','',#6,#9);
#6 = PRODUCT_DEFINITION_FORMATION('','',#7);
#7 = PRODUCT('Hull_Shell_Cut','Hull_Shell_Cut','',(#8));
#8 = PRODUCT_CONTEXT('',#2,'mechanical');
#9 = PRODUCT_DEFINITION_CONTEXT('part definition',#2,'design');
#10 = ADVANCED_BREP_SHAPE_REPRESENTATION('',(#11,#15),#951);
#11 = AXIS2_PLACEMENT_3D('',#12,#13,#14);
#12 = CARTESIAN_POINT('',(0.,0.,0.));
#13 = DIRECTION('',(0.,0.,1.));
#14 = DIRECTION('',(1.,0.,-0.));
#15 = MANIFOLD_SOLID_BREP('',#16);
#16 = CLOSED_SHELL('',(#17,#105,#344,#348,#422,#471,#518,#716,#765,#814,
    #841,#849,#857,#892,#947));
#17 = ADVANCED_FACE('',(#18),#31,.T.);
#18 = FACE_BOUND('',#19,.T.);
#19 = EDGE_LOOP('',(#20,#54,#77,#104));
#20 = ORIENTED_EDGE('',*,*,#21,.F.);
#21 = EDGE_CURVE('',#22,#22,#24,.T.);
#22 = VERTEX_POINT('',#23);
#23 = CARTESIAN_POINT('',(1.2E+03,-2.449293598292E-17,-0.1));
#24 = SURFACE_CURVE('',#25,(#30,#42),.PCURVE_S1.);
#25 = CIRCLE('',#26,9.999999999991E-02);
#26 = AXIS2_PLACEMENT_3D('',#27,#28,#29);
#27 = CARTESIAN_POINT('',(1.2E+03,0.,-2.6645352591E-13));
#28 = DIRECTION('',(1.,0.,-2.22044604925E-16));
#29 = DIRECTION('',(-2.22044604925E-16,0.,-1.));
#30 = PCURVE('',#31,#36);
#31 = CONICAL_SURFACE('',#32,450.,0.358697608908);
#32 = AXIS2_PLACEMENT_3D('',#33,#34,#35);
#33 = CARTESIAN_POINT('',(0.,0.,0.));
#34 = DIRECTION('',(-1.,-0.,2.22044604925E-16));
#35 = DIRECTION('',(-2.22044604925E-16,0.,-1.));
#36 = DEFINITIONAL_REPRESENTATION('',(#37),#41);
#37 = LINE('',#38,#39);
#38 = CARTESIAN_POINT('',(-0.,-1.2E+03));
#39 = VECTOR('',#40,1.);
#40 = DIRECTION('',(-1.,-0.));
#41 = ( GEOMETRIC_REPRESENTATION_CONTEXT(2) 
PARAMETRIC_REPRESENTATION_CONTEXT() REPRESENTATION_CONTEXT('2D SPACE',''
  ) );
#42 = PCURVE('',#43,#48);
#43 = PLANE('',#44);
#44 = AXIS2_PLACEMENT_3D('',#45,#46,#47);
#45 = CARTESIAN_POINT('',(1.2E+03,0.,0.));
#46 = DIRECTION('',(1.,0.,-2.22044604925E-16));
#47 = DIRECTION('',(-2.22044604925E-16,0.,-1.));
#48 = DEFINITIONAL_REPRESENTATION('',(#49),#53);
#49 = CIRCLE('',#50,9.999999999991E-02);
#50 = AXIS2_PLACEMENT_2D('',#51,#52);
#51 = CARTESIAN_POINT('',(2.6645352591E-13,0.));
#52 = DIRECTION('',(1.,0.));
#53 = ( GEOMETRIC_REPRESENTATION_CONTEXT(2) 
PARAMETRIC_REPRESENTATION_CONTEXT() REPRESENTATION_CONTEXT('2D SPACE',''
  ) );
#54 = ORIENTED_EDGE('',*,*,#55,.F.);
#55 = EDGE_CURVE('',#56,#22,#58,.T.);
#56 = VERTEX_POINT('',#57);
#57 = CARTESIAN_POINT('',(-9.992007221626E-14,-1.102182119233E-13,-450.)
  );
#58 = SEAM_CURVE('',#59,(#63,#70),.PCURVE_S1.);
#59 = LINE('',#60,#61);
#60 = CARTESIAN_POINT('',(-9.992007221626E-14,-1.102182119233E-13,-450.)
  );
#61 = VECTOR('',#62,1.);
#62 = DIRECTION('',(0.936354828627,8.598368404842E-17,0.351055031166));
#63 = PCURVE('',#31,#64);
#64 = DEFINITIONAL_REPRESENTATION('',(#65),#69);
#65 = LINE('',#66,#67);
#66 = CARTESIAN_POINT('',(-6.28318530718,0.));
#67 = VECTOR('',#68,1.);
#68 = DIRECTION('',(-0.,-1.));
#69 = ( GEOMETRIC_REPRESENTATION_CONTEXT(2) 
PARAMETRIC_REPRESENTATION_CONTEXT() REPRESENTATION_CONTEXT('2D SPACE',''
  ) );
#70 = PCURVE('',#31,#71);
#71 = DEFINITIONAL_REPRESENTATION('',(#72),#76);
#72 = LINE('',#73,#74);
#73 = CARTESIAN_POINT('',(0.,-0.));
#74 = VECTOR('',#75,1.);
#75 = DIRECTION('',(-0.,-1.));
#76 = ( GEOMETRIC_REPRESENTATION_CONTEXT(2) 
PARAMETRIC_REPRESENTATION_CONTEXT() REPRESENTATION_CONTEXT('2D SPACE',''
  ) );
#77 = ORIENTED_EDGE('',*,*,#78,.T.);
#78 = EDGE_CURVE('',#56,#56,#79,.T.);
#79 = SURFACE_CURVE('',#80,(#85,#92),.PCURVE_S1.);
#80 = CIRCLE('',#81,450.);
#81 = AXIS2_PLACEMENT_3D('',#82,#83,#84);
#82 = CARTESIAN_POINT('',(0.,0.,0.));
#83 = DIRECTION('',(1.,0.,-2.22044604925E-16));
#84 = DIRECTION('',(-2.22044604925E-16,0.,-1.));
#85 = PCURVE('',#31,#86);
#86 = DEFINITIONAL_REPRESENTATION('',(#87),#91);
#87 = LINE('',#88,#89);
#88 = CARTESIAN_POINT('',(-0.,-0.));
#89 = VECTOR('',#90,1.);
#90 = DIRECTION('',(-1.,-0.));
#91 = ( GEOMETRIC_REPRESENTATION_CONTEXT(2) 
PARAMETRIC_REPRESENTATION_CONTEXT() REPRESENTATION_CONTEXT('2D SPACE',''
  ) );
#92 = PCURVE('',#93,#98);
#93 = PLANE('',#94);
#94 = AXIS2_PLACEMENT_3D('',#95,#96,#97);
#95 = CARTESIAN_POINT('',(0.,0.,0.));
#96 = DIRECTION('',(1.,0.,-2.22044604925E-16));
#97 = DIRECTION('',(-2.22044604925E-16,0.,-1.));
#98 = DEFINITIONAL_REPRESENTATION('',(#99),#103);
#99 = CIRCLE('',#100,450.);
#100 = AXIS2_PLACEMENT_2D('',#101,#102);
#101 = CARTESIAN_POINT('',(0.,0.));
#102 = DIRECTION('',(1.,0.));
#103 = ( GEOMETRIC_REPRESENTATION_CONTEXT(2) 
PARAMETRIC_REPRESENTATION_CONTEXT() REPRESENTATION_CONTEXT('2D SPACE',''
  ) );
#104 = ORIENTED_EDGE('',*,*,#55,.T.);
#105 = ADVANCED_FACE('',(#106,#341),#43,.F.);
#106 = FACE_BOUND('',#107,.F.);
#107 = EDGE_LOOP('',(#108,#136,#165,#191,#217,#243,#267,#291,#317));
#108 = ORIENTED_EDGE('',*,*,#109,.F.);
#109 = EDGE_CURVE('',#110,#112,#114,.T.);
#110 = VERTEX_POINT('',#111);
#111 = CARTESIAN_POINT('',(1.2E+03,648.43561746714,187.5));
#112 = VERTEX_POINT('',#113);
#113 = CARTESIAN_POINT('',(1.2E+03,645.,187.5));
#114 = SURFACE_CURVE('',#115,(#119,#125),.PCURVE_S1.);
#115 = LINE('',#116,#117);
#116 = CARTESIAN_POINT('',(1.2E+03,322.5,187.5));
#117 = VECTOR('',#118,1.);
#118 = DIRECTION('',(0.,-1.,0.));
#119 = PCURVE('',#43,#120);
#120 = DEFINITIONAL_REPRESENTATION('',(#121),#124);
#121 = B_SPLINE_CURVE_WITH_KNOTS('',1,(#122,#123),.UNSPECIFIED.,.F.,.F.,
  (2,2),(-352.5,-322.5),.PIECEWISE_BEZIER_KNOTS.);
#122 = CARTESIAN_POINT('',(-187.5,675.));
#123 = CARTESIAN_POINT('',(-187.5,645.));
#124 = ( GEOMETRIC_REPRESENTATION_CONTEXT(2) 
PARAMETRIC_REPRESENTATION_CONTEXT() REPRESENTATION_CONTEXT('2D SPACE',''
  ) );
#125 = PCURVE('',#126,#131);
#126 = PLANE('',#127);
#127 = AXIS2_PLACEMENT_3D('',#128,#129,#130);
#128 = CARTESIAN_POINT('',(900.,645.,187.5));
#129 = DIRECTION('',(0.,0.,1.));
#130 = DIRECTION('',(1.,0.,0.));
#131 = DEFINITIONAL_REPRESENTATION('',(#132),#135);
#132 = B_SPLINE_CURVE_WITH_KNOTS('',1,(#133,#134),.UNSPECIFIED.,.F.,.F.,
  (2,2),(-352.5,-322.5),.PIECEWISE_BEZIER_KNOTS.);
#133 = CARTESIAN_POINT('',(300.,30.));
#134 = CARTESIAN_POINT('',(300.,0.));
#135 = ( GEOMETRIC_REPRESENTATION_CONTEXT(2) 
PARAMETRIC_REPRESENTATION_CONTEXT() REPRESENTATION_CONTEXT('2D SPACE',''
  ) );
#136 = ORIENTED_EDGE('',*,*,#137,.T.);
#137 = EDGE_CURVE('',#110,#138,#140,.T.);
#138 = VERTEX_POINT('',#139);
#139 = CARTESIAN_POINT('',(1.2E+03,-648.4356174671,187.5));
#140 = SURFACE_CURVE('',#141,(#146,#153),.PCURVE_S1.);
#141 = CIRCLE('',#142,675.);
#142 = AXIS2_PLACEMENT_3D('',#143,#144,#145);
#143 = CARTESIAN_POINT('',(1.2E+03,0.,0.));
#144 = DIRECTION('',(1.,0.,-2.22044604925E-16));
#145 = DIRECTION('',(-2.22044604925E-16,0.,-1.));
#146 = PCURVE('',#43,#147);
#147 = DEFINITIONAL_REPRESENTATION('',(#148),#152);
#148 = CIRCLE('',#149,675.);
#149 = AXIS2_PLACEMENT_2D('',#150,#151);
#150 = CARTESIAN_POINT('',(0.,0.));
#151 = DIRECTION('',(1.,0.));
#152 = ( GEOMETRIC_REPRESENTATION_CONTEXT(2) 
PARAMETRIC_REPRESENTATION_CONTEXT() REPRESENTATION_CONTEXT('2D SPACE',''
  ) );
#153 = PCURVE('',#154,#159);
#154 = CYLINDRICAL_SURFACE('',#155,675.);
#155 = AXIS2_PLACEMENT_3D('',#156,#157,#158);
#156 = CARTESIAN_POINT('',(1.2E+03,0.,0.));
#157 = DIRECTION('',(1.,0.,-2.22044604925E-16));
#158 = DIRECTION('',(-2.22044604925E-16,0.,-1.));
#159 = DEFINITIONAL_REPRESENTATION('',(#160),#164);
#160 = LINE('',#161,#162);
#161 = CARTESIAN_POINT('',(0.,0.));
#162 = VECTOR('',#163,1.);
#163 = DIRECTION('',(1.,0.));
#164 = ( GEOMETRIC_REPRESENTATION_CONTEXT(2) 
PARAMETRIC_REPRESENTATION_CONTEXT() REPRESENTATION_CONTEXT('2D SPACE',''
  ) );
#165 = ORIENTED_EDGE('',*,*,#166,.F.);
#166 = EDGE_CURVE('',#167,#138,#169,.T.);
#167 = VERTEX_POINT('',#168);
#168 = CARTESIAN_POINT('',(1.2E+03,-645.,187.5));
#169 = SURFACE_CURVE('',#170,(#174,#180),.PCURVE_S1.);
#170 = LINE('',#171,#172);
#171 = CARTESIAN_POINT('',(1.2E+03,-337.5,187.5));
#172 = VECTOR('',#173,1.);
#173 = DIRECTION('',(0.,-1.,0.));
#174 = PCURVE('',#43,#175);
#175 = DEFINITIONAL_REPRESENTATION('',(#176),#179);
#176 = B_SPLINE_CURVE_WITH_KNOTS('',1,(#177,#178),.UNSPECIFIED.,.F.,.F.,
  (2,2),(307.5,337.5),.PIECEWISE_BEZIER_KNOTS.);
#177 = CARTESIAN_POINT('',(-187.5,-645.));
#178 = CARTESIAN_POINT('',(-187.5,-675.));
#179 = ( GEOMETRIC_REPRESENTATION_CONTEXT(2) 
PARAMETRIC_REPRESENTATION_CONTEXT() REPRESENTATION_CONTEXT('2D SPACE',''
  ) );
#180 = PCURVE('',#181,#186);
#181 = PLANE('',#182);
#182 = AXIS2_PLACEMENT_3D('',#183,#184,#185);
#183 = CARTESIAN_POINT('',(900.,-675.,187.5));
#184 = DIRECTION('',(0.,0.,1.));
#185 = DIRECTION('',(1.,0.,0.));
#186 = DEFINITIONAL_REPRESENTATION('',(#187),#190);
#187 = B_SPLINE_CURVE_WITH_KNOTS('',1,(#188,#189),.UNSPECIFIED.,.F.,.F.,
  (2,2),(307.5,337.5),.PIECEWISE_BEZIER_KNOTS.);
#188 = CARTESIAN_POINT('',(300.,30.));
#189 = CARTESIAN_POINT('',(300.,0.));
#190 = ( GEOMETRIC_REPRESENTATION_CONTEXT(2) 
PARAMETRIC_REPRESENTATION_CONTEXT() REPRESENTATION_CONTEXT('2D SPACE',''
  ) );
#191 = ORIENTED_EDGE('',*,*,#192,.F.);
#192 = EDGE_CURVE('',#193,#167,#195,.T.);
#193 = VERTEX_POINT('',#194);
#194 = CARTESIAN_POINT('',(1.2E+03,-645.,-187.5));
#195 = SURFACE_CURVE('',#196,(#200,#206),.PCURVE_S1.);
#196 = LINE('',#197,#198);
#197 = CARTESIAN_POINT('',(1.2E+03,-645.,-93.75));
#198 = VECTOR('',#199,1.);
#199 = DIRECTION('',(2.22044604925E-16,0.,1.));
#200 = PCURVE('',#43,#201);
#201 = DEFINITIONAL_REPRESENTATION('',(#202),#205);
#202 = B_SPLINE_CURVE_WITH_KNOTS('',1,(#203,#204),.UNSPECIFIED.,.F.,.F.,
  (2,2),(-93.75,281.25),.PIECEWISE_BEZIER_KNOTS.);
#203 = CARTESIAN_POINT('',(187.5,-645.));
#204 = CARTESIAN_POINT('',(-187.5,-645.));
#205 = ( GEOMETRIC_REPRESENTATION_CONTEXT(2) 
PARAMETRIC_REPRESENTATION_CONTEXT() REPRESENTATION_CONTEXT('2D SPACE',''
  ) );
#206 = PCURVE('',#207,#212);
#207 = PLANE('',#208);
#208 = AXIS2_PLACEMENT_3D('',#209,#210,#211);
#209 = CARTESIAN_POINT('',(900.,-645.,-187.5));
#210 = DIRECTION('',(0.,1.,0.));
#211 = DIRECTION('',(0.,0.,1.));
#212 = DEFINITIONAL_REPRESENTATION('',(#213),#216);
#213 = B_SPLINE_CURVE_WITH_KNOTS('',1,(#214,#215),.UNSPECIFIED.,.F.,.F.,
  (2,2),(-93.75,281.25),.PIECEWISE_BEZIER_KNOTS.);
#214 = CARTESIAN_POINT('',(0.,300.));
#215 = CARTESIAN_POINT('',(375.,300.));
#216 = ( GEOMETRIC_REPRESENTATION_CONTEXT(2) 
PARAMETRIC_REPRESENTATION_CONTEXT() REPRESENTATION_CONTEXT('2D SPACE',''
  ) );
#217 = ORIENTED_EDGE('',*,*,#218,.T.);
#218 = EDGE_CURVE('',#193,#219,#221,.T.);
#219 = VERTEX_POINT('',#220);
#220 = CARTESIAN_POINT('',(1.2E+03,-648.4356174671,-187.5));
#221 = SURFACE_CURVE('',#222,(#226,#232),.PCURVE_S1.);
#222 = LINE('',#223,#224);
#223 = CARTESIAN_POINT('',(1.2E+03,-337.5,-187.5));
#224 = VECTOR('',#225,1.);
#225 = DIRECTION('',(0.,-1.,0.));
#226 = PCURVE('',#43,#227);
#227 = DEFINITIONAL_REPRESENTATION('',(#228),#231);
#228 = B_SPLINE_CURVE_WITH_KNOTS('',1,(#229,#230),.UNSPECIFIED.,.F.,.F.,
  (2,2),(307.5,337.5),.PIECEWISE_BEZIER_KNOTS.);
#229 = CARTESIAN_POINT('',(187.5,-645.));
#230 = CARTESIAN_POINT('',(187.5,-675.));
#231 = ( GEOMETRIC_REPRESENTATION_CONTEXT(2) 
PARAMETRIC_REPRESENTATION_CONTEXT() REPRESENTATION_CONTEXT('2D SPACE',''
  ) );
#232 = PCURVE('',#233,#238);
#233 = PLANE('',#234);
#234 = AXIS2_PLACEMENT_3D('',#235,#236,#237);
#235 = CARTESIAN_POINT('',(900.,-675.,-187.5));
#236 = DIRECTION('',(0.,0.,1.));
#237 = DIRECTION('',(1.,0.,0.));
#238 = DEFINITIONAL_REPRESENTATION('',(#239),#242);
#239 = B_SPLINE_CURVE_WITH_KNOTS('',1,(#240,#241),.UNSPECIFIED.,.F.,.F.,
  (2,2),(307.5,337.5),.PIECEWISE_BEZIER_KNOTS.);
#240 = CARTESIAN_POINT('',(300.,30.));
#241 = CARTESIAN_POINT('',(300.,0.));
#242 = ( GEOMETRIC_REPRESENTATION_CONTEXT(2) 
PARAMETRIC_REPRESENTATION_CONTEXT() REPRESENTATION_CONTEXT('2D SPACE',''
  ) );
#243 = ORIENTED_EDGE('',*,*,#244,.T.);
#244 = EDGE_CURVE('',#219,#245,#247,.T.);
#245 = VERTEX_POINT('',#246);
#246 = CARTESIAN_POINT('',(1.2E+03,-1.653273178849E-13,-675.));
#247 = SURFACE_CURVE('',#248,(#253,#260),.PCURVE_S1.);
#248 = CIRCLE('',#249,675.);
#249 = AXIS2_PLACEMENT_3D('',#250,#251,#252);
#250 = CARTESIAN_POINT('',(1.2E+03,0.,0.));
#251 = DIRECTION('',(1.,0.,-2.22044604925E-16));
#252 = DIRECTION('',(-2.22044604925E-16,0.,-1.));
#253 = PCURVE('',#43,#254);
#254 = DEFINITIONAL_REPRESENTATION('',(#255),#259);
#255 = CIRCLE('',#256,675.);
#256 = AXIS2_PLACEMENT_2D('',#257,#258);
#257 = CARTESIAN_POINT('',(0.,0.));
#258 = DIRECTION('',(1.,0.));
#259 = ( GEOMETRIC_REPRESENTATION_CONTEXT(2) 
PARAMETRIC_REPRESENTATION_CONTEXT() REPRESENTATION_CONTEXT('2D SPACE',''
  ) );
#260 = PCURVE('',#154,#261);
#261 = DEFINITIONAL_REPRESENTATION('',(#262),#266);
#262 = LINE('',#263,#264);
#263 = CARTESIAN_POINT('',(0.,0.));
#264 = VECTOR('',#265,1.);
#265 = DIRECTION('',(1.,0.));
#266 = ( GEOMETRIC_REPRESENTATION_CONTEXT(2) 
PARAMETRIC_REPRESENTATION_CONTEXT() REPRESENTATION_CONTEXT('2D SPACE',''
  ) );
#267 = ORIENTED_EDGE('',*,*,#268,.T.);
#268 = EDGE_CURVE('',#245,#269,#271,.T.);
#269 = VERTEX_POINT('',#270);
#270 = CARTESIAN_POINT('',(1.2E+03,648.43561746714,-187.5));
#271 = SURFACE_CURVE('',#272,(#277,#284),.PCURVE_S1.);
#272 = CIRCLE('',#273,675.);
#273 = AXIS2_PLACEMENT_3D('',#274,#275,#276);
#274 = CARTESIAN_POINT('',(1.2E+03,0.,0.));
#275 = DIRECTION('',(1.,0.,-2.22044604925E-16));
#276 = DIRECTION('',(-2.22044604925E-16,0.,-1.));
#277 = PCURVE('',#43,#278);
#278 = DEFINITIONAL_REPRESENTATION('',(#279),#283);
#279 = CIRCLE('',#280,675.);
#280 = AXIS2_PLACEMENT_2D('',#281,#282);
#281 = CARTESIAN_POINT('',(0.,0.));
#282 = DIRECTION('',(1.,0.));
#283 = ( GEOMETRIC_REPRESENTATION_CONTEXT(2) 
PARAMETRIC_REPRESENTATION_CONTEXT() REPRESENTATION_CONTEXT('2D SPACE',''
  ) );
#284 = PCURVE('',#154,#285);
#285 = DEFINITIONAL_REPRESENTATION('',(#286),#290);
#286 = LINE('',#287,#288);
#287 = CARTESIAN_POINT('',(0.,0.));
#288 = VECTOR('',#289,1.);
#289 = DIRECTION('',(1.,0.));
#290 = ( GEOMETRIC_REPRESENTATION_CONTEXT(2) 
PARAMETRIC_REPRESENTATION_CONTEXT() REPRESENTATION_CONTEXT('2D SPACE',''
  ) );
#291 = ORIENTED_EDGE('',*,*,#292,.T.);
#292 = EDGE_CURVE('',#269,#293,#295,.T.);
#293 = VERTEX_POINT('',#294);
#294 = CARTESIAN_POINT('',(1.2E+03,645.,-187.5));
#295 = SURFACE_CURVE('',#296,(#300,#306),.PCURVE_S1.);
#296 = LINE('',#297,#298);
#297 = CARTESIAN_POINT('',(1.2E+03,322.5,-187.5));
#298 = VECTOR('',#299,1.);
#299 = DIRECTION('',(0.,-1.,0.));
#300 = PCURVE('',#43,#301);
#301 = DEFINITIONAL_REPRESENTATION('',(#302),#305);
#302 = B_SPLINE_CURVE_WITH_KNOTS('',1,(#303,#304),.UNSPECIFIED.,.F.,.F.,
  (2,2),(-352.5,-322.5),.PIECEWISE_BEZIER_KNOTS.);
#303 = CARTESIAN_POINT('',(187.5,675.));
#304 = CARTESIAN_POINT('',(187.5,645.));
#305 = ( GEOMETRIC_REPRESENTATION_CONTEXT(2) 
PARAMETRIC_REPRESENTATION_CONTEXT() REPRESENTATION_CONTEXT('2D SPACE',''
  ) );
#306 = PCURVE('',#307,#312);
#307 = PLANE('',#308);
#308 = AXIS2_PLACEMENT_3D('',#309,#310,#311);
#309 = CARTESIAN_POINT('',(900.,645.,-187.5));
#310 = DIRECTION('',(0.,0.,1.));
#311 = DIRECTION('',(1.,0.,0.));
#312 = DEFINITIONAL_REPRESENTATION('',(#313),#316);
#313 = B_SPLINE_CURVE_WITH_KNOTS('',1,(#314,#315),.UNSPECIFIED.,.F.,.F.,
  (2,2),(-352.5,-322.5),.PIECEWISE_BEZIER_KNOTS.);
#314 = CARTESIAN_POINT('',(300.,30.));
#315 = CARTESIAN_POINT('',(300.,0.));
#316 = ( GEOMETRIC_REPRESENTATION_CONTEXT(2) 
PARAMETRIC_REPRESENTATION_CONTEXT() REPRESENTATION_CONTEXT('2D SPACE',''
  ) );
#317 = ORIENTED_EDGE('',*,*,#318,.T.);
#318 = EDGE_CURVE('',#293,#112,#319,.T.);
#319 = SURFACE_CURVE('',#320,(#324,#330),.PCURVE_S1.);
#320 = LINE('',#321,#322);
#321 = CARTESIAN_POINT('',(1.2E+03,645.,-93.75));
#322 = VECTOR('',#323,1.);
#323 = DIRECTION('',(2.22044604925E-16,0.,1.));
#324 = PCURVE('',#43,#325);
#325 = DEFINITIONAL_REPRESENTATION('',(#326),#329);
#326 = B_SPLINE_CURVE_WITH_KNOTS('',1,(#327,#328),.UNSPECIFIED.,.F.,.F.,
  (2,2),(-93.75,281.25),.PIECEWISE_BEZIER_KNOTS.);
#327 = CARTESIAN_POINT('',(187.5,645.));
#328 = CARTESIAN_POINT('',(-187.5,645.));
#329 = ( GEOMETRIC_REPRESENTATION_CONTEXT(2) 
PARAMETRIC_REPRESENTATION_CONTEXT() REPRESENTATION_CONTEXT('2D SPACE',''
  ) );
#330 = PCURVE('',#331,#336);
#331 = PLANE('',#332);
#332 = AXIS2_PLACEMENT_3D('',#333,#334,#335);
#333 = CARTESIAN_POINT('',(900.,645.,-187.5));
#334 = DIRECTION('',(0.,1.,0.));
#335 = DIRECTION('',(0.,0.,1.));
#336 = DEFINITIONAL_REPRESENTATION('',(#337),#340);
#337 = B_SPLINE_CURVE_WITH_KNOTS('',1,(#338,#339),.UNSPECIFIED.,.F.,.F.,
  (2,2),(-93.75,281.25),.PIECEWISE_BEZIER_KNOTS.);
#338 = CARTESIAN_POINT('',(0.,300.));
#339 = CARTESIAN_POINT('',(375.,300.));
#340 = ( GEOMETRIC_REPRESENTATION_CONTEXT(2) 
PARAMETRIC_REPRESENTATION_CONTEXT() REPRESENTATION_CONTEXT('2D SPACE',''
  ) );
#341 = FACE_BOUND('',#342,.F.);
#342 = EDGE_LOOP('',(#343));
#343 = ORIENTED_EDGE('',*,*,#21,.F.);
#344 = ADVANCED_FACE('',(#345),#93,.F.);
#345 = FACE_BOUND('',#346,.T.);
#346 = EDGE_LOOP('',(#347));
#347 = ORIENTED_EDGE('',*,*,#78,.F.);
#348 = ADVANCED_FACE('',(#349),#126,.F.);
#349 = FACE_BOUND('',#350,.F.);
#350 = EDGE_LOOP('',(#351,#352,#375,#403));
#351 = ORIENTED_EDGE('',*,*,#109,.T.);
#352 = ORIENTED_EDGE('',*,*,#353,.T.);
#353 = EDGE_CURVE('',#112,#354,#356,.T.);
#354 = VERTEX_POINT('',#355);
#355 = CARTESIAN_POINT('',(1.8E+03,645.,187.5));
#356 = SURFACE_CURVE('',#357,(#361,#368),.PCURVE_S1.);
#357 = LINE('',#358,#359);
#358 = CARTESIAN_POINT('',(900.,645.,187.5));
#359 = VECTOR('',#360,1.);
#360 = DIRECTION('',(1.,0.,0.));
#361 = PCURVE('',#126,#362);
#362 = DEFINITIONAL_REPRESENTATION('',(#363),#367);
#363 = LINE('',#364,#365);
#364 = CARTESIAN_POINT('',(0.,0.));
#365 = VECTOR('',#366,1.);
#366 = DIRECTION('',(1.,0.));
#367 = ( GEOMETRIC_REPRESENTATION_CONTEXT(2) 
PARAMETRIC_REPRESENTATION_CONTEXT() REPRESENTATION_CONTEXT('2D SPACE',''
  ) );
#368 = PCURVE('',#331,#369);
#369 = DEFINITIONAL_REPRESENTATION('',(#370),#374);
#370 = LINE('',#371,#372);
#371 = CARTESIAN_POINT('',(375.,0.));
#372 = VECTOR('',#373,1.);
#373 = DIRECTION('',(0.,1.));
#374 = ( GEOMETRIC_REPRESENTATION_CONTEXT(2) 
PARAMETRIC_REPRESENTATION_CONTEXT() REPRESENTATION_CONTEXT('2D SPACE',''
  ) );
#375 = ORIENTED_EDGE('',*,*,#376,.T.);
#376 = EDGE_CURVE('',#354,#377,#379,.T.);
#377 = VERTEX_POINT('',#378);
#378 = CARTESIAN_POINT('',(1.8E+03,648.43561746714,187.5));
#379 = SURFACE_CURVE('',#380,(#384,#391),.PCURVE_S1.);
#380 = LINE('',#381,#382);
#381 = CARTESIAN_POINT('',(1.8E+03,645.,187.5));
#382 = VECTOR('',#383,1.);
#383 = DIRECTION('',(0.,1.,0.));
#384 = PCURVE('',#126,#385);
#385 = DEFINITIONAL_REPRESENTATION('',(#386),#390);
#386 = LINE('',#387,#388);
#387 = CARTESIAN_POINT('',(900.,0.));
#388 = VECTOR('',#389,1.);
#389 = DIRECTION('',(0.,1.));
#390 = ( GEOMETRIC_REPRESENTATION_CONTEXT(2) 
PARAMETRIC_REPRESENTATION_CONTEXT() REPRESENTATION_CONTEXT('2D SPACE',''
  ) );
#391 = PCURVE('',#392,#397);
#392 = PLANE('',#393);
#393 = AXIS2_PLACEMENT_3D('',#394,#395,#396);
#394 = CARTESIAN_POINT('',(1.8E+03,645.,-187.5));
#395 = DIRECTION('',(1.,0.,0.));
#396 = DIRECTION('',(0.,0.,1.));
#397 = DEFINITIONAL_REPRESENTATION('',(#398),#402);
#398 = LINE('',#399,#400);
#399 = CARTESIAN_POINT('',(375.,0.));
#400 = VECTOR('',#401,1.);
#401 = DIRECTION('',(0.,-1.));
#402 = ( GEOMETRIC_REPRESENTATION_CONTEXT(2) 
PARAMETRIC_REPRESENTATION_CONTEXT() REPRESENTATION_CONTEXT('2D SPACE',''
  ) );
#403 = ORIENTED_EDGE('',*,*,#404,.F.);
#404 = EDGE_CURVE('',#110,#377,#405,.T.);
#405 = SURFACE_CURVE('',#406,(#410,#416),.PCURVE_S1.);
#406 = LINE('',#407,#408);
#407 = CARTESIAN_POINT('',(1.2E+03,648.43561746714,187.5));
#408 = VECTOR('',#409,1.);
#409 = DIRECTION('',(1.,0.,-2.22044604925E-16));
#410 = PCURVE('',#126,#411);
#411 = DEFINITIONAL_REPRESENTATION('',(#412),#415);
#412 = B_SPLINE_CURVE_WITH_KNOTS('',1,(#413,#414),.UNSPECIFIED.,.F.,.F.,
  (2,2),(-6.000000212225E-07,690.),.PIECEWISE_BEZIER_KNOTS.);
#413 = CARTESIAN_POINT('',(299.9999994,3.435617467147));
#414 = CARTESIAN_POINT('',(990.,3.435617467147));
#415 = ( GEOMETRIC_REPRESENTATION_CONTEXT(2) 
PARAMETRIC_REPRESENTATION_CONTEXT() REPRESENTATION_CONTEXT('2D SPACE',''
  ) );
#416 = PCURVE('',#154,#417);
#417 = DEFINITIONAL_REPRESENTATION('',(#418),#421);
#418 = B_SPLINE_CURVE_WITH_KNOTS('',1,(#419,#420),.UNSPECIFIED.,.F.,.F.,
  (2,2),(-6.000000212225E-07,690.),.PIECEWISE_BEZIER_KNOTS.);
#419 = CARTESIAN_POINT('',(1.852276400026,-6.000000628559E-07));
#420 = CARTESIAN_POINT('',(1.852276400026,690.));
#421 = ( GEOMETRIC_REPRESENTATION_CONTEXT(2) 
PARAMETRIC_REPRESENTATION_CONTEXT() REPRESENTATION_CONTEXT('2D SPACE',''
  ) );
#422 = ADVANCED_FACE('',(#423),#331,.T.);
#423 = FACE_BOUND('',#424,.T.);
#424 = EDGE_LOOP('',(#425,#448,#449,#450));
#425 = ORIENTED_EDGE('',*,*,#426,.F.);
#426 = EDGE_CURVE('',#293,#427,#429,.T.);
#427 = VERTEX_POINT('',#428);
#428 = CARTESIAN_POINT('',(1.8E+03,645.,-187.5));
#429 = SURFACE_CURVE('',#430,(#434,#441),.PCURVE_S1.);
#430 = LINE('',#431,#432);
#431 = CARTESIAN_POINT('',(900.,645.,-187.5));
#432 = VECTOR('',#433,1.);
#433 = DIRECTION('',(1.,0.,0.));
#434 = PCURVE('',#331,#435);
#435 = DEFINITIONAL_REPRESENTATION('',(#436),#440);
#436 = LINE('',#437,#438);
#437 = CARTESIAN_POINT('',(0.,0.));
#438 = VECTOR('',#439,1.);
#439 = DIRECTION('',(0.,1.));
#440 = ( GEOMETRIC_REPRESENTATION_CONTEXT(2) 
PARAMETRIC_REPRESENTATION_CONTEXT() REPRESENTATION_CONTEXT('2D SPACE',''
  ) );
#441 = PCURVE('',#307,#442);
#442 = DEFINITIONAL_REPRESENTATION('',(#443),#447);
#443 = LINE('',#444,#445);
#444 = CARTESIAN_POINT('',(0.,0.));
#445 = VECTOR('',#446,1.);
#446 = DIRECTION('',(1.,0.));
#447 = ( GEOMETRIC_REPRESENTATION_CONTEXT(2) 
PARAMETRIC_REPRESENTATION_CONTEXT() REPRESENTATION_CONTEXT('2D SPACE',''
  ) );
#448 = ORIENTED_EDGE('',*,*,#318,.T.);
#449 = ORIENTED_EDGE('',*,*,#353,.T.);
#450 = ORIENTED_EDGE('',*,*,#451,.F.);
#451 = EDGE_CURVE('',#427,#354,#452,.T.);
#452 = SURFACE_CURVE('',#453,(#457,#464),.PCURVE_S1.);
#453 = LINE('',#454,#455);
#454 = CARTESIAN_POINT('',(1.8E+03,645.,-187.5));
#455 = VECTOR('',#456,1.);
#456 = DIRECTION('',(0.,0.,1.));
#457 = PCURVE('',#331,#458);
#458 = DEFINITIONAL_REPRESENTATION('',(#459),#463);
#459 = LINE('',#460,#461);
#460 = CARTESIAN_POINT('',(0.,900.));
#461 = VECTOR('',#462,1.);
#462 = DIRECTION('',(1.,0.));
#463 = ( GEOMETRIC_REPRESENTATION_CONTEXT(2) 
PARAMETRIC_REPRESENTATION_CONTEXT() REPRESENTATION_CONTEXT('2D SPACE',''
  ) );
#464 = PCURVE('',#392,#465);
#465 = DEFINITIONAL_REPRESENTATION('',(#466),#470);
#466 = LINE('',#467,#468);
#467 = CARTESIAN_POINT('',(0.,0.));
#468 = VECTOR('',#469,1.);
#469 = DIRECTION('',(1.,0.));
#470 = ( GEOMETRIC_REPRESENTATION_CONTEXT(2) 
PARAMETRIC_REPRESENTATION_CONTEXT() REPRESENTATION_CONTEXT('2D SPACE',''
  ) );
#471 = ADVANCED_FACE('',(#472),#307,.T.);
#472 = FACE_BOUND('',#473,.T.);
#473 = EDGE_LOOP('',(#474,#475,#476,#499));
#474 = ORIENTED_EDGE('',*,*,#292,.T.);
#475 = ORIENTED_EDGE('',*,*,#426,.T.);
#476 = ORIENTED_EDGE('',*,*,#477,.T.);
#477 = EDGE_CURVE('',#427,#478,#480,.T.);
#478 = VERTEX_POINT('',#479);
#479 = CARTESIAN_POINT('',(1.8E+03,648.43561746714,-187.5));
#480 = SURFACE_CURVE('',#481,(#485,#492),.PCURVE_S1.);
#481 = LINE('',#482,#483);
#482 = CARTESIAN_POINT('',(1.8E+03,645.,-187.5));
#483 = VECTOR('',#484,1.);
#484 = DIRECTION('',(0.,1.,0.));
#485 = PCURVE('',#307,#486);
#486 = DEFINITIONAL_REPRESENTATION('',(#487),#491);
#487 = LINE('',#488,#489);
#488 = CARTESIAN_POINT('',(900.,0.));
#489 = VECTOR('',#490,1.);
#490 = DIRECTION('',(0.,1.));
#491 = ( GEOMETRIC_REPRESENTATION_CONTEXT(2) 
PARAMETRIC_REPRESENTATION_CONTEXT() REPRESENTATION_CONTEXT('2D SPACE',''
  ) );
#492 = PCURVE('',#392,#493);
#493 = DEFINITIONAL_REPRESENTATION('',(#494),#498);
#494 = LINE('',#495,#496);
#495 = CARTESIAN_POINT('',(0.,0.));
#496 = VECTOR('',#497,1.);
#497 = DIRECTION('',(0.,-1.));
#498 = ( GEOMETRIC_REPRESENTATION_CONTEXT(2) 
PARAMETRIC_REPRESENTATION_CONTEXT() REPRESENTATION_CONTEXT('2D SPACE',''
  ) );
#499 = ORIENTED_EDGE('',*,*,#500,.F.);
#500 = EDGE_CURVE('',#269,#478,#501,.T.);
#501 = SURFACE_CURVE('',#502,(#506,#512),.PCURVE_S1.);
#502 = LINE('',#503,#504);
#503 = CARTESIAN_POINT('',(1.2E+03,648.43561746714,-187.5));
#504 = VECTOR('',#505,1.);
#505 = DIRECTION('',(1.,0.,-2.22044604925E-16));
#506 = PCURVE('',#307,#507);
#507 = DEFINITIONAL_REPRESENTATION('',(#508),#511);
#508 = B_SPLINE_CURVE_WITH_KNOTS('',1,(#509,#510),.UNSPECIFIED.,.F.,.F.,
  (2,2),(-6.000000212225E-07,690.),.PIECEWISE_BEZIER_KNOTS.);
#509 = CARTESIAN_POINT('',(299.9999994,3.435617467147));
#510 = CARTESIAN_POINT('',(990.,3.435617467147));
#511 = ( GEOMETRIC_REPRESENTATION_CONTEXT(2) 
PARAMETRIC_REPRESENTATION_CONTEXT() REPRESENTATION_CONTEXT('2D SPACE',''
  ) );
#512 = PCURVE('',#154,#513);
#513 = DEFINITIONAL_REPRESENTATION('',(#514),#517);
#514 = B_SPLINE_CURVE_WITH_KNOTS('',1,(#515,#516),.UNSPECIFIED.,.F.,.F.,
  (2,2),(-6.000000212225E-07,690.),.PIECEWISE_BEZIER_KNOTS.);
#515 = CARTESIAN_POINT('',(1.289316253564,-5.999999795891E-07));
#516 = CARTESIAN_POINT('',(1.289316253564,690.));
#517 = ( GEOMETRIC_REPRESENTATION_CONTEXT(2) 
PARAMETRIC_REPRESENTATION_CONTEXT() REPRESENTATION_CONTEXT('2D SPACE',''
  ) );
#518 = ADVANCED_FACE('',(#519),#154,.T.);
#519 = FACE_BOUND('',#520,.T.);
#520 = EDGE_LOOP('',(#521,#522,#545,#572,#573,#574,#575,#599,#621,#622,
    #623,#644,#673,#697));
#521 = ORIENTED_EDGE('',*,*,#244,.T.);
#522 = ORIENTED_EDGE('',*,*,#523,.T.);
#523 = EDGE_CURVE('',#245,#524,#526,.T.);
#524 = VERTEX_POINT('',#525);
#525 = CARTESIAN_POINT('',(3.3E+03,-1.653273178849E-13,-675.));
#526 = SEAM_CURVE('',#527,(#531,#538),.PCURVE_S1.);
#527 = LINE('',#528,#529);
#528 = CARTESIAN_POINT('',(1.2E+03,-1.653273178849E-13,-675.));
#529 = VECTOR('',#530,1.);
#530 = DIRECTION('',(1.,0.,-2.22044604925E-16));
#531 = PCURVE('',#154,#532);
#532 = DEFINITIONAL_REPRESENTATION('',(#533),#537);
#533 = LINE('',#534,#535);
#534 = CARTESIAN_POINT('',(0.,-0.));
#535 = VECTOR('',#536,1.);
#536 = DIRECTION('',(0.,1.));
#537 = ( GEOMETRIC_REPRESENTATION_CONTEXT(2) 
PARAMETRIC_REPRESENTATION_CONTEXT() REPRESENTATION_CONTEXT('2D SPACE',''
  ) );
#538 = PCURVE('',#154,#539);
#539 = DEFINITIONAL_REPRESENTATION('',(#540),#544);
#540 = LINE('',#541,#542);
#541 = CARTESIAN_POINT('',(6.28318530718,-0.));
#542 = VECTOR('',#543,1.);
#543 = DIRECTION('',(0.,1.));
#544 = ( GEOMETRIC_REPRESENTATION_CONTEXT(2) 
PARAMETRIC_REPRESENTATION_CONTEXT() REPRESENTATION_CONTEXT('2D SPACE',''
  ) );
#545 = ORIENTED_EDGE('',*,*,#546,.F.);
#546 = EDGE_CURVE('',#524,#524,#547,.T.);
#547 = SURFACE_CURVE('',#548,(#553,#560),.PCURVE_S1.);
#548 = CIRCLE('',#549,675.);
#549 = AXIS2_PLACEMENT_3D('',#550,#551,#552);
#550 = CARTESIAN_POINT('',(3.3E+03,0.,-4.662936703426E-13));
#551 = DIRECTION('',(1.,0.,-2.22044604925E-16));
#552 = DIRECTION('',(-2.22044604925E-16,0.,-1.));
#553 = PCURVE('',#154,#554);
#554 = DEFINITIONAL_REPRESENTATION('',(#555),#559);
#555 = LINE('',#556,#557);
#556 = CARTESIAN_POINT('',(0.,2.1E+03));
#557 = VECTOR('',#558,1.);
#558 = DIRECTION('',(1.,0.));
#559 = ( GEOMETRIC_REPRESENTATION_CONTEXT(2) 
PARAMETRIC_REPRESENTATION_CONTEXT() REPRESENTATION_CONTEXT('2D SPACE',''
  ) );
#560 = PCURVE('',#561,#566);
#561 = PLANE('',#562);
#562 = AXIS2_PLACEMENT_3D('',#563,#564,#565);
#563 = CARTESIAN_POINT('',(3.3E+03,0.,0.));
#564 = DIRECTION('',(1.,0.,-2.22044604925E-16));
#565 = DIRECTION('',(-2.22044604925E-16,0.,-1.));
#566 = DEFINITIONAL_REPRESENTATION('',(#567),#571);
#567 = CIRCLE('',#568,675.);
#568 = AXIS2_PLACEMENT_2D('',#569,#570);
#569 = CARTESIAN_POINT('',(4.662936703426E-13,0.));
#570 = DIRECTION('',(1.,0.));
#571 = ( GEOMETRIC_REPRESENTATION_CONTEXT(2) 
PARAMETRIC_REPRESENTATION_CONTEXT() REPRESENTATION_CONTEXT('2D SPACE',''
  ) );
#572 = ORIENTED_EDGE('',*,*,#523,.F.);
#573 = ORIENTED_EDGE('',*,*,#268,.T.);
#574 = ORIENTED_EDGE('',*,*,#500,.T.);
#575 = ORIENTED_EDGE('',*,*,#576,.T.);
#576 = EDGE_CURVE('',#478,#577,#579,.T.);
#577 = VERTEX_POINT('',#578);
#578 = CARTESIAN_POINT('',(1.8E+03,675.,-1.42108547152E-13));
#579 = SURFACE_CURVE('',#580,(#585,#592),.PCURVE_S1.);
#580 = CIRCLE('',#581,675.);
#581 = AXIS2_PLACEMENT_3D('',#582,#583,#584);
#582 = CARTESIAN_POINT('',(1.8E+03,0.,-1.33226762955E-13));
#583 = DIRECTION('',(1.,0.,-2.22044604925E-16));
#584 = DIRECTION('',(-2.22044604925E-16,0.,-1.));
#585 = PCURVE('',#154,#586);
#586 = DEFINITIONAL_REPRESENTATION('',(#587),#591);
#587 = LINE('',#588,#589);
#588 = CARTESIAN_POINT('',(0.,600.));
#589 = VECTOR('',#590,1.);
#590 = DIRECTION('',(1.,0.));
#591 = ( GEOMETRIC_REPRESENTATION_CONTEXT(2) 
PARAMETRIC_REPRESENTATION_CONTEXT() REPRESENTATION_CONTEXT('2D SPACE',''
  ) );
#592 = PCURVE('',#392,#593);
#593 = DEFINITIONAL_REPRESENTATION('',(#594),#598);
#594 = CIRCLE('',#595,675.);
#595 = AXIS2_PLACEMENT_2D('',#596,#597);
#596 = CARTESIAN_POINT('',(187.5,645.));
#597 = DIRECTION('',(-1.,-0.));
#598 = ( GEOMETRIC_REPRESENTATION_CONTEXT(2) 
PARAMETRIC_REPRESENTATION_CONTEXT() REPRESENTATION_CONTEXT('2D SPACE',''
  ) );
#599 = ORIENTED_EDGE('',*,*,#600,.T.);
#600 = EDGE_CURVE('',#577,#377,#601,.T.);
#601 = SURFACE_CURVE('',#602,(#607,#614),.PCURVE_S1.);
#602 = CIRCLE('',#603,675.);
#603 = AXIS2_PLACEMENT_3D('',#604,#605,#606);
#604 = CARTESIAN_POINT('',(1.8E+03,0.,-1.33226762955E-13));
#605 = DIRECTION('',(1.,0.,-2.22044604925E-16));
#606 = DIRECTION('',(-2.22044604925E-16,0.,-1.));
#607 = PCURVE('',#154,#608);
#608 = DEFINITIONAL_REPRESENTATION('',(#609),#613);
#609 = LINE('',#610,#611);
#610 = CARTESIAN_POINT('',(0.,600.));
#611 = VECTOR('',#612,1.);
#612 = DIRECTION('',(1.,0.));
#613 = ( GEOMETRIC_REPRESENTATION_CONTEXT(2) 
PARAMETRIC_REPRESENTATION_CONTEXT() REPRESENTATION_CONTEXT('2D SPACE',''
  ) );
#614 = PCURVE('',#392,#615);
#615 = DEFINITIONAL_REPRESENTATION('',(#616),#620);
#616 = CIRCLE('',#617,675.);
#617 = AXIS2_PLACEMENT_2D('',#618,#619);
#618 = CARTESIAN_POINT('',(187.5,645.));
#619 = DIRECTION('',(-1.,-0.));
#620 = ( GEOMETRIC_REPRESENTATION_CONTEXT(2) 
PARAMETRIC_REPRESENTATION_CONTEXT() REPRESENTATION_CONTEXT('2D SPACE',''
  ) );
#621 = ORIENTED_EDGE('',*,*,#404,.F.);
#622 = ORIENTED_EDGE('',*,*,#137,.T.);
#623 = ORIENTED_EDGE('',*,*,#624,.T.);
#624 = EDGE_CURVE('',#138,#625,#627,.T.);
#625 = VERTEX_POINT('',#626);
#626 = CARTESIAN_POINT('',(1.8E+03,-648.4356174671,187.5));
#627 = SURFACE_CURVE('',#628,(#632,#638),.PCURVE_S1.);
#628 = LINE('',#629,#630);
#629 = CARTESIAN_POINT('',(1.2E+03,-648.4356174671,187.5));
#630 = VECTOR('',#631,1.);
#631 = DIRECTION('',(1.,0.,-2.22044604925E-16));
#632 = PCURVE('',#154,#633);
#633 = DEFINITIONAL_REPRESENTATION('',(#634),#637);
#634 = B_SPLINE_CURVE_WITH_KNOTS('',1,(#635,#636),.UNSPECIFIED.,.F.,.F.,
  (2,2),(-6.000000212225E-07,690.),.PIECEWISE_BEZIER_KNOTS.);
#635 = CARTESIAN_POINT('',(4.430908907154,-6.000000628559E-07));
#636 = CARTESIAN_POINT('',(4.430908907154,690.));
#637 = ( GEOMETRIC_REPRESENTATION_CONTEXT(2) 
PARAMETRIC_REPRESENTATION_CONTEXT() REPRESENTATION_CONTEXT('2D SPACE',''
  ) );
#638 = PCURVE('',#181,#639);
#639 = DEFINITIONAL_REPRESENTATION('',(#640),#643);
#640 = B_SPLINE_CURVE_WITH_KNOTS('',1,(#641,#642),.UNSPECIFIED.,.F.,.F.,
  (2,2),(-6.000000212225E-07,690.),.PIECEWISE_BEZIER_KNOTS.);
#641 = CARTESIAN_POINT('',(299.9999994,26.564382532853));
#642 = CARTESIAN_POINT('',(990.,26.564382532853));
#643 = ( GEOMETRIC_REPRESENTATION_CONTEXT(2) 
PARAMETRIC_REPRESENTATION_CONTEXT() REPRESENTATION_CONTEXT('2D SPACE',''
  ) );
#644 = ORIENTED_EDGE('',*,*,#645,.T.);
#645 = EDGE_CURVE('',#625,#646,#648,.T.);
#646 = VERTEX_POINT('',#647);
#647 = CARTESIAN_POINT('',(1.8E+03,-675.,-1.42108547152E-13));
#648 = SURFACE_CURVE('',#649,(#654,#661),.PCURVE_S1.);
#649 = CIRCLE('',#650,675.);
#650 = AXIS2_PLACEMENT_3D('',#651,#652,#653);
#651 = CARTESIAN_POINT('',(1.8E+03,0.,-1.33226762955E-13));
#652 = DIRECTION('',(1.,0.,-2.22044604925E-16));
#653 = DIRECTION('',(-2.22044604925E-16,0.,-1.));
#654 = PCURVE('',#154,#655);
#655 = DEFINITIONAL_REPRESENTATION('',(#656),#660);
#656 = LINE('',#657,#658);
#657 = CARTESIAN_POINT('',(0.,600.));
#658 = VECTOR('',#659,1.);
#659 = DIRECTION('',(1.,0.));
#660 = ( GEOMETRIC_REPRESENTATION_CONTEXT(2) 
PARAMETRIC_REPRESENTATION_CONTEXT() REPRESENTATION_CONTEXT('2D SPACE',''
  ) );
#661 = PCURVE('',#662,#667);
#662 = PLANE('',#663);
#663 = AXIS2_PLACEMENT_3D('',#664,#665,#666);
#664 = CARTESIAN_POINT('',(1.8E+03,-675.,-187.5));
#665 = DIRECTION('',(1.,0.,0.));
#666 = DIRECTION('',(0.,0.,1.));
#667 = DEFINITIONAL_REPRESENTATION('',(#668),#672);
#668 = CIRCLE('',#669,675.);
#669 = AXIS2_PLACEMENT_2D('',#670,#671);
#670 = CARTESIAN_POINT('',(187.5,-675.));
#671 = DIRECTION('',(-1.,-0.));
#672 = ( GEOMETRIC_REPRESENTATION_CONTEXT(2) 
PARAMETRIC_REPRESENTATION_CONTEXT() REPRESENTATION_CONTEXT('2D SPACE',''
  ) );
#673 = ORIENTED_EDGE('',*,*,#674,.T.);
#674 = EDGE_CURVE('',#646,#675,#677,.T.);
#675 = VERTEX_POINT('',#676);
#676 = CARTESIAN_POINT('',(1.8E+03,-648.4356174671,-187.5));
#677 = SURFACE_CURVE('',#678,(#683,#690),.PCURVE_S1.);
#678 = CIRCLE('',#679,675.);
#679 = AXIS2_PLACEMENT_3D('',#680,#681,#682);
#680 = CARTESIAN_POINT('',(1.8E+03,0.,-1.33226762955E-13));
#681 = DIRECTION('',(1.,0.,-2.22044604925E-16));
#682 = DIRECTION('',(-2.22044604925E-16,0.,-1.));
#683 = PCURVE('',#154,#684);
#684 = DEFINITIONAL_REPRESENTATION('',(#685),#689);
#685 = LINE('',#686,#687);
#686 = CARTESIAN_POINT('',(0.,600.));
#687 = VECTOR('',#688,1.);
#688 = DIRECTION('',(1.,0.));
#689 = ( GEOMETRIC_REPRESENTATION_CONTEXT(2) 
PARAMETRIC_REPRESENTATION_CONTEXT() REPRESENTATION_CONTEXT('2D SPACE',''
  ) );
#690 = PCURVE('',#662,#691);
#691 = DEFINITIONAL_REPRESENTATION('',(#692),#696);
#692 = CIRCLE('',#693,675.);
#693 = AXIS2_PLACEMENT_2D('',#694,#695);
#694 = CARTESIAN_POINT('',(187.5,-675.));
#695 = DIRECTION('',(-1.,-0.));
#696 = ( GEOMETRIC_REPRESENTATION_CONTEXT(2) 
PARAMETRIC_REPRESENTATION_CONTEXT() REPRESENTATION_CONTEXT('2D SPACE',''
  ) );
#697 = ORIENTED_EDGE('',*,*,#698,.F.);
#698 = EDGE_CURVE('',#219,#675,#699,.T.);
#699 = SURFACE_CURVE('',#700,(#704,#710),.PCURVE_S1.);
#700 = LINE('',#701,#702);
#701 = CARTESIAN_POINT('',(1.2E+03,-648.4356174671,-187.5));
#702 = VECTOR('',#703,1.);
#703 = DIRECTION('',(1.,0.,-2.22044604925E-16));
#704 = PCURVE('',#154,#705);
#705 = DEFINITIONAL_REPRESENTATION('',(#706),#709);
#706 = B_SPLINE_CURVE_WITH_KNOTS('',1,(#707,#708),.UNSPECIFIED.,.F.,.F.,
  (2,2),(-6.000000212225E-07,690.),.PIECEWISE_BEZIER_KNOTS.);
#707 = CARTESIAN_POINT('',(4.993869053616,-5.999999795891E-07));
#708 = CARTESIAN_POINT('',(4.993869053616,690.));
#709 = ( GEOMETRIC_REPRESENTATION_CONTEXT(2) 
PARAMETRIC_REPRESENTATION_CONTEXT() REPRESENTATION_CONTEXT('2D SPACE',''
  ) );
#710 = PCURVE('',#233,#711);
#711 = DEFINITIONAL_REPRESENTATION('',(#712),#715);
#712 = B_SPLINE_CURVE_WITH_KNOTS('',1,(#713,#714),.UNSPECIFIED.,.F.,.F.,
  (2,2),(-6.000000212225E-07,690.),.PIECEWISE_BEZIER_KNOTS.);
#713 = CARTESIAN_POINT('',(299.9999994,26.564382532853));
#714 = CARTESIAN_POINT('',(990.,26.564382532853));
#715 = ( GEOMETRIC_REPRESENTATION_CONTEXT(2) 
PARAMETRIC_REPRESENTATION_CONTEXT() REPRESENTATION_CONTEXT('2D SPACE',''
  ) );
#716 = ADVANCED_FACE('',(#717),#233,.T.);
#717 = FACE_BOUND('',#718,.T.);
#718 = EDGE_LOOP('',(#719,#742,#743,#744));
#719 = ORIENTED_EDGE('',*,*,#720,.F.);
#720 = EDGE_CURVE('',#193,#721,#723,.T.);
#721 = VERTEX_POINT('',#722);
#722 = CARTESIAN_POINT('',(1.8E+03,-645.,-187.5));
#723 = SURFACE_CURVE('',#724,(#728,#735),.PCURVE_S1.);
#724 = LINE('',#725,#726);
#725 = CARTESIAN_POINT('',(900.,-645.,-187.5));
#726 = VECTOR('',#727,1.);
#727 = DIRECTION('',(1.,0.,0.));
#728 = PCURVE('',#233,#729);
#729 = DEFINITIONAL_REPRESENTATION('',(#730),#734);
#730 = LINE('',#731,#732);
#731 = CARTESIAN_POINT('',(0.,30.));
#732 = VECTOR('',#733,1.);
#733 = DIRECTION('',(1.,0.));
#734 = ( GEOMETRIC_REPRESENTATION_CONTEXT(2) 
PARAMETRIC_REPRESENTATION_CONTEXT() REPRESENTATION_CONTEXT('2D SPACE',''
  ) );
#735 = PCURVE('',#207,#736);
#736 = DEFINITIONAL_REPRESENTATION('',(#737),#741);
#737 = LINE('',#738,#739);
#738 = CARTESIAN_POINT('',(0.,0.));
#739 = VECTOR('',#740,1.);
#740 = DIRECTION('',(0.,1.));
#741 = ( GEOMETRIC_REPRESENTATION_CONTEXT(2) 
PARAMETRIC_REPRESENTATION_CONTEXT() REPRESENTATION_CONTEXT('2D SPACE',''
  ) );
#742 = ORIENTED_EDGE('',*,*,#218,.T.);
#743 = ORIENTED_EDGE('',*,*,#698,.T.);
#744 = ORIENTED_EDGE('',*,*,#745,.T.);
#745 = EDGE_CURVE('',#675,#721,#746,.T.);
#746 = SURFACE_CURVE('',#747,(#751,#758),.PCURVE_S1.);
#747 = LINE('',#748,#749);
#748 = CARTESIAN_POINT('',(1.8E+03,-675.,-187.5));
#749 = VECTOR('',#750,1.);
#750 = DIRECTION('',(0.,1.,0.));
#751 = PCURVE('',#233,#752);
#752 = DEFINITIONAL_REPRESENTATION('',(#753),#757);
#753 = LINE('',#754,#755);
#754 = CARTESIAN_POINT('',(900.,0.));
#755 = VECTOR('',#756,1.);
#756 = DIRECTION('',(0.,1.));
#757 = ( GEOMETRIC_REPRESENTATION_CONTEXT(2) 
PARAMETRIC_REPRESENTATION_CONTEXT() REPRESENTATION_CONTEXT('2D SPACE',''
  ) );
#758 = PCURVE('',#662,#759);
#759 = DEFINITIONAL_REPRESENTATION('',(#760),#764);
#760 = LINE('',#761,#762);
#761 = CARTESIAN_POINT('',(0.,0.));
#762 = VECTOR('',#763,1.);
#763 = DIRECTION('',(0.,-1.));
#764 = ( GEOMETRIC_REPRESENTATION_CONTEXT(2) 
PARAMETRIC_REPRESENTATION_CONTEXT() REPRESENTATION_CONTEXT('2D SPACE',''
  ) );
#765 = ADVANCED_FACE('',(#766),#207,.F.);
#766 = FACE_BOUND('',#767,.F.);
#767 = EDGE_LOOP('',(#768,#769,#770,#793));
#768 = ORIENTED_EDGE('',*,*,#720,.F.);
#769 = ORIENTED_EDGE('',*,*,#192,.T.);
#770 = ORIENTED_EDGE('',*,*,#771,.T.);
#771 = EDGE_CURVE('',#167,#772,#774,.T.);
#772 = VERTEX_POINT('',#773);
#773 = CARTESIAN_POINT('',(1.8E+03,-645.,187.5));
#774 = SURFACE_CURVE('',#775,(#779,#786),.PCURVE_S1.);
#775 = LINE('',#776,#777);
#776 = CARTESIAN_POINT('',(900.,-645.,187.5));
#777 = VECTOR('',#778,1.);
#778 = DIRECTION('',(1.,0.,0.));
#779 = PCURVE('',#207,#780);
#780 = DEFINITIONAL_REPRESENTATION('',(#781),#785);
#781 = LINE('',#782,#783);
#782 = CARTESIAN_POINT('',(375.,0.));
#783 = VECTOR('',#784,1.);
#784 = DIRECTION('',(0.,1.));
#785 = ( GEOMETRIC_REPRESENTATION_CONTEXT(2) 
PARAMETRIC_REPRESENTATION_CONTEXT() REPRESENTATION_CONTEXT('2D SPACE',''
  ) );
#786 = PCURVE('',#181,#787);
#787 = DEFINITIONAL_REPRESENTATION('',(#788),#792);
#788 = LINE('',#789,#790);
#789 = CARTESIAN_POINT('',(0.,30.));
#790 = VECTOR('',#791,1.);
#791 = DIRECTION('',(1.,0.));
#792 = ( GEOMETRIC_REPRESENTATION_CONTEXT(2) 
PARAMETRIC_REPRESENTATION_CONTEXT() REPRESENTATION_CONTEXT('2D SPACE',''
  ) );
#793 = ORIENTED_EDGE('',*,*,#794,.F.);
#794 = EDGE_CURVE('',#721,#772,#795,.T.);
#795 = SURFACE_CURVE('',#796,(#800,#807),.PCURVE_S1.);
#796 = LINE('',#797,#798);
#797 = CARTESIAN_POINT('',(1.8E+03,-645.,-187.5));
#798 = VECTOR('',#799,1.);
#799 = DIRECTION('',(0.,0.,1.));
#800 = PCURVE('',#207,#801);
#801 = DEFINITIONAL_REPRESENTATION('',(#802),#806);
#802 = LINE('',#803,#804);
#803 = CARTESIAN_POINT('',(0.,900.));
#804 = VECTOR('',#805,1.);
#805 = DIRECTION('',(1.,0.));
#806 = ( GEOMETRIC_REPRESENTATION_CONTEXT(2) 
PARAMETRIC_REPRESENTATION_CONTEXT() REPRESENTATION_CONTEXT('2D SPACE',''
  ) );
#807 = PCURVE('',#662,#808);
#808 = DEFINITIONAL_REPRESENTATION('',(#809),#813);
#809 = LINE('',#810,#811);
#810 = CARTESIAN_POINT('',(0.,-30.));
#811 = VECTOR('',#812,1.);
#812 = DIRECTION('',(1.,0.));
#813 = ( GEOMETRIC_REPRESENTATION_CONTEXT(2) 
PARAMETRIC_REPRESENTATION_CONTEXT() REPRESENTATION_CONTEXT('2D SPACE',''
  ) );
#814 = ADVANCED_FACE('',(#815),#181,.F.);
#815 = FACE_BOUND('',#816,.F.);
#816 = EDGE_LOOP('',(#817,#818,#819,#820));
#817 = ORIENTED_EDGE('',*,*,#771,.F.);
#818 = ORIENTED_EDGE('',*,*,#166,.T.);
#819 = ORIENTED_EDGE('',*,*,#624,.T.);
#820 = ORIENTED_EDGE('',*,*,#821,.T.);
#821 = EDGE_CURVE('',#625,#772,#822,.T.);
#822 = SURFACE_CURVE('',#823,(#827,#834),.PCURVE_S1.);
#823 = LINE('',#824,#825);
#824 = CARTESIAN_POINT('',(1.8E+03,-675.,187.5));
#825 = VECTOR('',#826,1.);
#826 = DIRECTION('',(0.,1.,0.));
#827 = PCURVE('',#181,#828);
#828 = DEFINITIONAL_REPRESENTATION('',(#829),#833);
#829 = LINE('',#830,#831);
#830 = CARTESIAN_POINT('',(900.,0.));
#831 = VECTOR('',#832,1.);
#832 = DIRECTION('',(0.,1.));
#833 = ( GEOMETRIC_REPRESENTATION_CONTEXT(2) 
PARAMETRIC_REPRESENTATION_CONTEXT() REPRESENTATION_CONTEXT('2D SPACE',''
  ) );
#834 = PCURVE('',#662,#835);
#835 = DEFINITIONAL_REPRESENTATION('',(#836),#840);
#836 = LINE('',#837,#838);
#837 = CARTESIAN_POINT('',(375.,0.));
#838 = VECTOR('',#839,1.);
#839 = DIRECTION('',(0.,-1.));
#840 = ( GEOMETRIC_REPRESENTATION_CONTEXT(2) 
PARAMETRIC_REPRESENTATION_CONTEXT() REPRESENTATION_CONTEXT('2D SPACE',''
  ) );
#841 = ADVANCED_FACE('',(#842),#392,.F.);
#842 = FACE_BOUND('',#843,.F.);
#843 = EDGE_LOOP('',(#844,#845,#846,#847,#848));
#844 = ORIENTED_EDGE('',*,*,#376,.F.);
#845 = ORIENTED_EDGE('',*,*,#451,.F.);
#846 = ORIENTED_EDGE('',*,*,#477,.T.);
#847 = ORIENTED_EDGE('',*,*,#576,.T.);
#848 = ORIENTED_EDGE('',*,*,#600,.T.);
#849 = ADVANCED_FACE('',(#850),#662,.F.);
#850 = FACE_BOUND('',#851,.F.);
#851 = EDGE_LOOP('',(#852,#853,#854,#855,#856));
#852 = ORIENTED_EDGE('',*,*,#645,.T.);
#853 = ORIENTED_EDGE('',*,*,#674,.T.);
#854 = ORIENTED_EDGE('',*,*,#745,.T.);
#855 = ORIENTED_EDGE('',*,*,#794,.T.);
#856 = ORIENTED_EDGE('',*,*,#821,.F.);
#857 = ADVANCED_FACE('',(#858,#889),#561,.F.);
#858 = FACE_BOUND('',#859,.F.);
#859 = EDGE_LOOP('',(#860));
#860 = ORIENTED_EDGE('',*,*,#861,.T.);
#861 = EDGE_CURVE('',#862,#862,#864,.T.);
#862 = VERTEX_POINT('',#863);
#863 = CARTESIAN_POINT('',(3.3E+03,-2.204364238465E-13,-900.));
#864 = SURFACE_CURVE('',#865,(#870,#877),.PCURVE_S1.);
#865 = CIRCLE('',#866,900.);
#866 = AXIS2_PLACEMENT_3D('',#867,#868,#869);
#867 = CARTESIAN_POINT('',(3.3E+03,0.,0.));
#868 = DIRECTION('',(1.,0.,-2.22044604925E-16));
#869 = DIRECTION('',(-2.22044604925E-16,0.,-1.));
#870 = PCURVE('',#561,#871);
#871 = DEFINITIONAL_REPRESENTATION('',(#872),#876);
#872 = CIRCLE('',#873,900.);
#873 = AXIS2_PLACEMENT_2D('',#874,#875);
#874 = CARTESIAN_POINT('',(0.,0.));
#875 = DIRECTION('',(1.,0.));
#876 = ( GEOMETRIC_REPRESENTATION_CONTEXT(2) 
PARAMETRIC_REPRESENTATION_CONTEXT() REPRESENTATION_CONTEXT('2D SPACE',''
  ) );
#877 = PCURVE('',#878,#883);
#878 = CYLINDRICAL_SURFACE('',#879,900.);
#879 = AXIS2_PLACEMENT_3D('',#880,#881,#882);
#880 = CARTESIAN_POINT('',(3.3E+03,0.,0.));
#881 = DIRECTION('',(1.,0.,-2.22044604925E-16));
#882 = DIRECTION('',(-2.22044604925E-16,0.,-1.));
#883 = DEFINITIONAL_REPRESENTATION('',(#884),#888);
#884 = LINE('',#885,#886);
#885 = CARTESIAN_POINT('',(0.,0.));
#886 = VECTOR('',#887,1.);
#887 = DIRECTION('',(1.,0.));
#888 = ( GEOMETRIC_REPRESENTATION_CONTEXT(2) 
PARAMETRIC_REPRESENTATION_CONTEXT() REPRESENTATION_CONTEXT('2D SPACE',''
  ) );
#889 = FACE_BOUND('',#890,.F.);
#890 = EDGE_LOOP('',(#891));
#891 = ORIENTED_EDGE('',*,*,#546,.F.);
#892 = ADVANCED_FACE('',(#893),#878,.T.);
#893 = FACE_BOUND('',#894,.T.);
#894 = EDGE_LOOP('',(#895,#924,#945,#946));
#895 = ORIENTED_EDGE('',*,*,#896,.F.);
#896 = EDGE_CURVE('',#897,#897,#899,.T.);
#897 = VERTEX_POINT('',#898);
#898 = CARTESIAN_POINT('',(4.5E+03,-2.204364238465E-13,-900.));
#899 = SURFACE_CURVE('',#900,(#905,#912),.PCURVE_S1.);
#900 = CIRCLE('',#901,900.);
#901 = AXIS2_PLACEMENT_3D('',#902,#903,#904);
#902 = CARTESIAN_POINT('',(4.5E+03,0.,-2.6645352591E-13));
#903 = DIRECTION('',(1.,0.,-2.22044604925E-16));
#904 = DIRECTION('',(-2.22044604925E-16,0.,-1.));
#905 = PCURVE('',#878,#906);
#906 = DEFINITIONAL_REPRESENTATION('',(#907),#911);
#907 = LINE('',#908,#909);
#908 = CARTESIAN_POINT('',(0.,1.2E+03));
#909 = VECTOR('',#910,1.);
#910 = DIRECTION('',(1.,0.));
#911 = ( GEOMETRIC_REPRESENTATION_CONTEXT(2) 
PARAMETRIC_REPRESENTATION_CONTEXT() REPRESENTATION_CONTEXT('2D SPACE',''
  ) );
#912 = PCURVE('',#913,#918);
#913 = PLANE('',#914);
#914 = AXIS2_PLACEMENT_3D('',#915,#916,#917);
#915 = CARTESIAN_POINT('',(4.5E+03,0.,-2.6645352591E-13));
#916 = DIRECTION('',(1.,0.,-2.22044604925E-16));
#917 = DIRECTION('',(-2.22044604925E-16,0.,-1.));
#918 = DEFINITIONAL_REPRESENTATION('',(#919),#923);
#919 = CIRCLE('',#920,900.);
#920 = AXIS2_PLACEMENT_2D('',#921,#922);
#921 = CARTESIAN_POINT('',(0.,0.));
#922 = DIRECTION('',(1.,0.));
#923 = ( GEOMETRIC_REPRESENTATION_CONTEXT(2) 
PARAMETRIC_REPRESENTATION_CONTEXT() REPRESENTATION_CONTEXT('2D SPACE',''
  ) );
#924 = ORIENTED_EDGE('',*,*,#925,.F.);
#925 = EDGE_CURVE('',#862,#897,#926,.T.);
#926 = SEAM_CURVE('',#927,(#931,#938),.PCURVE_S1.);
#927 = LINE('',#928,#929);
#928 = CARTESIAN_POINT('',(3.3E+03,-2.204364238465E-13,-900.));
#929 = VECTOR('',#930,1.);
#930 = DIRECTION('',(1.,0.,-2.22044604925E-16));
#931 = PCURVE('',#878,#932);
#932 = DEFINITIONAL_REPRESENTATION('',(#933),#937);
#933 = LINE('',#934,#935);
#934 = CARTESIAN_POINT('',(6.28318530718,-0.));
#935 = VECTOR('',#936,1.);
#936 = DIRECTION('',(0.,1.));
#937 = ( GEOMETRIC_REPRESENTATION_CONTEXT(2) 
PARAMETRIC_REPRESENTATION_CONTEXT() REPRESENTATION_CONTEXT('2D SPACE',''
  ) );
#938 = PCURVE('',#878,#939);
#939 = DEFINITIONAL_REPRESENTATION('',(#940),#944);
#940 = LINE('',#941,#942);
#941 = CARTESIAN_POINT('',(0.,-0.));
#942 = VECTOR('',#943,1.);
#943 = DIRECTION('',(0.,1.));
#944 = ( GEOMETRIC_REPRESENTATION_CONTEXT(2) 
PARAMETRIC_REPRESENTATION_CONTEXT() REPRESENTATION_CONTEXT('2D SPACE',''
  ) );
#945 = ORIENTED_EDGE('',*,*,#861,.T.);
#946 = ORIENTED_EDGE('',*,*,#925,.T.);
#947 = ADVANCED_FACE('',(#948),#913,.T.);
#948 = FACE_BOUND('',#949,.T.);
#949 = EDGE_LOOP('',(#950));
#950 = ORIENTED_EDGE('',*,*,#896,.T.);
#951 = ( GEOMETRIC_REPRESENTATION_CONTEXT(3) 
GLOBAL_UNCERTAINTY_ASSIGNED_CONTEXT((#955)) GLOBAL_UNIT_ASSIGNED_CONTEXT
((#952,#953,#954)) REPRESENTATION_CONTEXT('Context #1',
  '3D Context with UNIT and UNCERTAINTY') );
#952 = ( LENGTH_UNIT() NAMED_UNIT(*) SI_UNIT(.MILLI.,.METRE.) );
#953 = ( NAMED_UNIT(*) PLANE_ANGLE_UNIT() SI_UNIT($,.RADIAN.) );
#954 = ( NAMED_UNIT(*) SI_UNIT($,.STERADIAN.) SOLID_ANGLE_UNIT() );
#955 = UNCERTAINTY_MEASURE_WITH_UNIT(LENGTH_MEASURE(1.E-07),#952,
  'distance_accuracy_value','confusion accuracy');
#956 = PRODUCT_RELATED_PRODUCT_CATEGORY('part',$,(#7));
#957 = SHAPE_DEFINITION_REPRESENTATION(#958,#964);
#958 = PRODUCT_DEFINITION_SHAPE('','',#959);
#959 = PRODUCT_DEFINITION('design','',#960,#963);
#960 = PRODUCT_DEFINITION_FORMATION('','',#961);
#961 = PRODUCT('Cockpit','Cockpit','',(#962));
#962 = PRODUCT_CONTEXT('',#2,'mechanical');
#963 = PRODUCT_DEFINITION_CONTEXT('part definition',#2,'design');
#964 = ADVANCED_BREP_SHAPE_REPRESENTATION('',(#11,#965),#2271);
#965 = MANIFOLD_SOLID_BREP('',#966);
#966 = CLOSED_SHELL('',(#967,#1087,#1175,#1254,#1335,#1411,#1441,#1471,
    #1547,#1628,#1653,#1734,#1759,#1835,#1866,#1897,#1975,#2006,#2073,
    #2104,#2173,#2240,#2246,#2252,#2259,#2265));
#967 = ADVANCED_FACE('',(#968),#982,.F.);
#968 = FACE_BOUND('',#969,.F.);
#969 = EDGE_LOOP('',(#970,#1005,#1033,#1061));
#970 = ORIENTED_EDGE('',*,*,#971,.F.);
#971 = EDGE_CURVE('',#972,#974,#976,.T.);
#972 = VERTEX_POINT('',#973);
#973 = CARTESIAN_POINT('',(900.,-645.,-270.));
#974 = VERTEX_POINT('',#975);
#975 = CARTESIAN_POINT('',(900.,-645.,270.));
#976 = SURFACE_CURVE('',#977,(#981,#993),.PCURVE_S1.);
#977 = LINE('',#978,#979);
#978 = CARTESIAN_POINT('',(900.,-645.,-300.));
#979 = VECTOR('',#980,1.);
#980 = DIRECTION('',(0.,0.,1.));
#981 = PCURVE('',#982,#987);
#982 = PLANE('',#983);
#983 = AXIS2_PLACEMENT_3D('',#984,#985,#986);
#984 = CARTESIAN_POINT('',(900.,-675.,-300.));
#985 = DIRECTION('',(1.,0.,0.));
#986 = DIRECTION('',(0.,0.,1.));
#987 = DEFINITIONAL_REPRESENTATION('',(#988),#992);
#988 = LINE('',#989,#990);
#989 = CARTESIAN_POINT('',(0.,-30.));
#990 = VECTOR('',#991,1.);
#991 = DIRECTION('',(1.,0.));
#992 = ( GEOMETRIC_REPRESENTATION_CONTEXT(2) 
PARAMETRIC_REPRESENTATION_CONTEXT() REPRESENTATION_CONTEXT('2D SPACE',''
  ) );
#993 = PCURVE('',#994,#999);
#994 = CYLINDRICAL_SURFACE('',#995,30.);
#995 = AXIS2_PLACEMENT_3D('',#996,#997,#998);
#996 = CARTESIAN_POINT('',(930.,-645.,-300.));
#997 = DIRECTION('',(0.,0.,1.));
#998 = DIRECTION('',(-1.,0.,0.));
#999 = DEFINITIONAL_REPRESENTATION('',(#1000),#1004);
#1000 = LINE('',#1001,#1002);
#1001 = CARTESIAN_POINT('',(0.,0.));
#1002 = VECTOR('',#1003,1.);
#1003 = DIRECTION('',(0.,1.));
#1004 = ( GEOMETRIC_REPRESENTATION_CONTEXT(2) 
PARAMETRIC_REPRESENTATION_CONTEXT() REPRESENTATION_CONTEXT('2D SPACE',''
  ) );
#1005 = ORIENTED_EDGE('',*,*,#1006,.T.);
#1006 = EDGE_CURVE('',#972,#1007,#1009,.T.);
#1007 = VERTEX_POINT('',#1008);
#1008 = CARTESIAN_POINT('',(900.,645.,-270.));
#1009 = SURFACE_CURVE('',#1010,(#1014,#1021),.PCURVE_S1.);
#1010 = LINE('',#1011,#1012);
#1011 = CARTESIAN_POINT('',(900.,-675.,-270.));
#1012 = VECTOR('',#1013,1.);
#1013 = DIRECTION('',(0.,1.,0.));
#1014 = PCURVE('',#982,#1015);
#1015 = DEFINITIONAL_REPRESENTATION('',(#1016),#1020);
#1016 = LINE('',#1017,#1018);
#1017 = CARTESIAN_POINT('',(30.,0.));
#1018 = VECTOR('',#1019,1.);
#1019 = DIRECTION('',(0.,-1.));
#1020 = ( GEOMETRIC_REPRESENTATION_CONTEXT(2) 
PARAMETRIC_REPRESENTATION_CONTEXT() REPRESENTATION_CONTEXT('2D SPACE',''
  ) );
#1021 = PCURVE('',#1022,#1027);
#1022 = CYLINDRICAL_SURFACE('',#1023,30.);
#1023 = AXIS2_PLACEMENT_3D('',#1024,#1025,#1026);
#1024 = CARTESIAN_POINT('',(930.,-675.,-270.));
#1025 = DIRECTION('',(0.,1.,0.));
#1026 = DIRECTION('',(-1.,0.,0.));
#1027 = DEFINITIONAL_REPRESENTATION('',(#1028),#1032);
#1028 = LINE('',#1029,#1030);
#1029 = CARTESIAN_POINT('',(-0.,0.));
#1030 = VECTOR('',#1031,1.);
#1031 = DIRECTION('',(-0.,1.));
#1032 = ( GEOMETRIC_REPRESENTATION_CONTEXT(2) 
PARAMETRIC_REPRESENTATION_CONTEXT() REPRESENTATION_CONTEXT('2D SPACE',''
  ) );
#1033 = ORIENTED_EDGE('',*,*,#1034,.T.);
#1034 = EDGE_CURVE('',#1007,#1035,#1037,.T.);
#1035 = VERTEX_POINT('',#1036);
#1036 = CARTESIAN_POINT('',(900.,645.,270.));
#1037 = SURFACE_CURVE('',#1038,(#1042,#1049),.PCURVE_S1.);
#1038 = LINE('',#1039,#1040);
#1039 = CARTESIAN_POINT('',(900.,645.,-300.));
#1040 = VECTOR('',#1041,1.);
#1041 = DIRECTION('',(0.,0.,1.));
#1042 = PCURVE('',#982,#1043);
#1043 = DEFINITIONAL_REPRESENTATION('',(#1044),#1048);
#1044 = LINE('',#1045,#1046);
#1045 = CARTESIAN_POINT('',(0.,-1.32E+03));
#1046 = VECTOR('',#1047,1.);
#1047 = DIRECTION('',(1.,0.));
#1048 = ( GEOMETRIC_REPRESENTATION_CONTEXT(2) 
PARAMETRIC_REPRESENTATION_CONTEXT() REPRESENTATION_CONTEXT('2D SPACE',''
  ) );
#1049 = PCURVE('',#1050,#1055);
#1050 = CYLINDRICAL_SURFACE('',#1051,30.);
#1051 = AXIS2_PLACEMENT_3D('',#1052,#1053,#1054);
#1052 = CARTESIAN_POINT('',(930.,645.,-300.));
#1053 = DIRECTION('',(0.,0.,1.));
#1054 = DIRECTION('',(-1.,0.,0.));
#1055 = DEFINITIONAL_REPRESENTATION('',(#1056),#1060);
#1056 = LINE('',#1057,#1058);
#1057 = CARTESIAN_POINT('',(-0.,0.));
#1058 = VECTOR('',#1059,1.);
#1059 = DIRECTION('',(-0.,1.));
#1060 = ( GEOMETRIC_REPRESENTATION_CONTEXT(2) 
PARAMETRIC_REPRESENTATION_CONTEXT() REPRESENTATION_CONTEXT('2D SPACE',''
  ) );
#1061 = ORIENTED_EDGE('',*,*,#1062,.F.);
#1062 = EDGE_CURVE('',#974,#1035,#1063,.T.);
#1063 = SURFACE_CURVE('',#1064,(#1068,#1075),.PCURVE_S1.);
#1064 = LINE('',#1065,#1066);
#1065 = CARTESIAN_POINT('',(900.,-675.,270.));
#1066 = VECTOR('',#1067,1.);
#1067 = DIRECTION('',(0.,1.,0.));
#1068 = PCURVE('',#982,#1069);
#1069 = DEFINITIONAL_REPRESENTATION('',(#1070),#1074);
#1070 = LINE('',#1071,#1072);
#1071 = CARTESIAN_POINT('',(570.,0.));
#1072 = VECTOR('',#1073,1.);
#1073 = DIRECTION('',(0.,-1.));
#1074 = ( GEOMETRIC_REPRESENTATION_CONTEXT(2) 
PARAMETRIC_REPRESENTATION_CONTEXT() REPRESENTATION_CONTEXT('2D SPACE',''
  ) );
#1075 = PCURVE('',#1076,#1081);
#1076 = CYLINDRICAL_SURFACE('',#1077,30.);
#1077 = AXIS2_PLACEMENT_3D('',#1078,#1079,#1080);
#1078 = CARTESIAN_POINT('',(930.,-675.,270.));
#1079 = DIRECTION('',(0.,1.,0.));
#1080 = DIRECTION('',(-1.,0.,0.));
#1081 = DEFINITIONAL_REPRESENTATION('',(#1082),#1086);
#1082 = LINE('',#1083,#1084);
#1083 = CARTESIAN_POINT('',(0.,0.));
#1084 = VECTOR('',#1085,1.);
#1085 = DIRECTION('',(0.,1.));
#1086 = ( GEOMETRIC_REPRESENTATION_CONTEXT(2) 
PARAMETRIC_REPRESENTATION_CONTEXT() REPRESENTATION_CONTEXT('2D SPACE',''
  ) );
#1087 = ADVANCED_FACE('',(#1088),#994,.T.);
#1088 = FACE_BOUND('',#1089,.T.);
#1089 = EDGE_LOOP('',(#1090,#1091,#1120,#1148));
#1090 = ORIENTED_EDGE('',*,*,#971,.F.);
#1091 = ORIENTED_EDGE('',*,*,#1092,.T.);
#1092 = EDGE_CURVE('',#972,#1093,#1095,.T.);
#1093 = VERTEX_POINT('',#1094);
#1094 = CARTESIAN_POINT('',(930.,-675.,-270.));
#1095 = SURFACE_CURVE('',#1096,(#1101,#1108),.PCURVE_S1.);
#1096 = CIRCLE('',#1097,30.);
#1097 = AXIS2_PLACEMENT_3D('',#1098,#1099,#1100);
#1098 = CARTESIAN_POINT('',(930.,-645.,-270.));
#1099 = DIRECTION('',(0.,0.,1.));
#1100 = DIRECTION('',(-1.,0.,0.));
#1101 = PCURVE('',#994,#1102);
#1102 = DEFINITIONAL_REPRESENTATION('',(#1103),#1107);
#1103 = LINE('',#1104,#1105);
#1104 = CARTESIAN_POINT('',(0.,30.));
#1105 = VECTOR('',#1106,1.);
#1106 = DIRECTION('',(1.,0.));
#1107 = ( GEOMETRIC_REPRESENTATION_CONTEXT(2) 
PARAMETRIC_REPRESENTATION_CONTEXT() REPRESENTATION_CONTEXT('2D SPACE',''
  ) );
#1108 = PCURVE('',#1109,#1114);
#1109 = SPHERICAL_SURFACE('',#1110,30.);
#1110 = AXIS2_PLACEMENT_3D('',#1111,#1112,#1113);
#1111 = CARTESIAN_POINT('',(930.,-645.,-270.));
#1112 = DIRECTION('',(0.,0.,1.));
#1113 = DIRECTION('',(-1.,0.,0.));
#1114 = DEFINITIONAL_REPRESENTATION('',(#1115),#1119);
#1115 = LINE('',#1116,#1117);
#1116 = CARTESIAN_POINT('',(0.,0.));
#1117 = VECTOR('',#1118,1.);
#1118 = DIRECTION('',(1.,0.));
#1119 = ( GEOMETRIC_REPRESENTATION_CONTEXT(2) 
PARAMETRIC_REPRESENTATION_CONTEXT() REPRESENTATION_CONTEXT('2D SPACE',''
  ) );
#1120 = ORIENTED_EDGE('',*,*,#1121,.T.);
#1121 = EDGE_CURVE('',#1093,#1122,#1124,.T.);
#1122 = VERTEX_POINT('',#1123);
#1123 = CARTESIAN_POINT('',(930.,-675.,270.));
#1124 = SURFACE_CURVE('',#1125,(#1129,#1136),.PCURVE_S1.);
#1125 = LINE('',#1126,#1127);
#1126 = CARTESIAN_POINT('',(930.,-675.,-300.));
#1127 = VECTOR('',#1128,1.);
#1128 = DIRECTION('',(0.,0.,1.));
#1129 = PCURVE('',#994,#1130);
#1130 = DEFINITIONAL_REPRESENTATION('',(#1131),#1135);
#1131 = LINE('',#1132,#1133);
#1132 = CARTESIAN_POINT('',(1.570796326795,0.));
#1133 = VECTOR('',#1134,1.);
#1134 = DIRECTION('',(0.,1.));
#1135 = ( GEOMETRIC_REPRESENTATION_CONTEXT(2) 
PARAMETRIC_REPRESENTATION_CONTEXT() REPRESENTATION_CONTEXT('2D SPACE',''
  ) );
#1136 = PCURVE('',#1137,#1142);
#1137 = PLANE('',#1138);
#1138 = AXIS2_PLACEMENT_3D('',#1139,#1140,#1141);
#1139 = CARTESIAN_POINT('',(900.,-675.,-300.));
#1140 = DIRECTION('',(0.,1.,0.));
#1141 = DIRECTION('',(0.,0.,1.));
#1142 = DEFINITIONAL_REPRESENTATION('',(#1143),#1147);
#1143 = LINE('',#1144,#1145);
#1144 = CARTESIAN_POINT('',(0.,30.));
#1145 = VECTOR('',#1146,1.);
#1146 = DIRECTION('',(1.,0.));
#1147 = ( GEOMETRIC_REPRESENTATION_CONTEXT(2) 
PARAMETRIC_REPRESENTATION_CONTEXT() REPRESENTATION_CONTEXT('2D SPACE',''
  ) );
#1148 = ORIENTED_EDGE('',*,*,#1149,.F.);
#1149 = EDGE_CURVE('',#974,#1122,#1150,.T.);
#1150 = SURFACE_CURVE('',#1151,(#1156,#1163),.PCURVE_S1.);
#1151 = CIRCLE('',#1152,30.);
#1152 = AXIS2_PLACEMENT_3D('',#1153,#1154,#1155);
#1153 = CARTESIAN_POINT('',(930.,-645.,270.));
#1154 = DIRECTION('',(0.,0.,1.));
#1155 = DIRECTION('',(-1.,0.,0.));
#1156 = PCURVE('',#994,#1157);
#1157 = DEFINITIONAL_REPRESENTATION('',(#1158),#1162);
#1158 = LINE('',#1159,#1160);
#1159 = CARTESIAN_POINT('',(0.,570.));
#1160 = VECTOR('',#1161,1.);
#1161 = DIRECTION('',(1.,0.));
#1162 = ( GEOMETRIC_REPRESENTATION_CONTEXT(2) 
PARAMETRIC_REPRESENTATION_CONTEXT() REPRESENTATION_CONTEXT('2D SPACE',''
  ) );
#1163 = PCURVE('',#1164,#1169);
#1164 = SPHERICAL_SURFACE('',#1165,30.);
#1165 = AXIS2_PLACEMENT_3D('',#1166,#1167,#1168);
#1166 = CARTESIAN_POINT('',(930.,-645.,270.));
#1167 = DIRECTION('',(-0.,-0.,-1.));
#1168 = DIRECTION('',(-1.,0.,0.));
#1169 = DEFINITIONAL_REPRESENTATION('',(#1170),#1174);
#1170 = LINE('',#1171,#1172);
#1171 = CARTESIAN_POINT('',(-0.,0.));
#1172 = VECTOR('',#1173,1.);
#1173 = DIRECTION('',(-1.,0.));
#1174 = ( GEOMETRIC_REPRESENTATION_CONTEXT(2) 
PARAMETRIC_REPRESENTATION_CONTEXT() REPRESENTATION_CONTEXT('2D SPACE',''
  ) );
#1175 = ADVANCED_FACE('',(#1176),#1022,.T.);
#1176 = FACE_BOUND('',#1177,.F.);
#1177 = EDGE_LOOP('',(#1178,#1200,#1228,#1253));
#1178 = ORIENTED_EDGE('',*,*,#1179,.F.);
#1179 = EDGE_CURVE('',#1180,#972,#1182,.T.);
#1180 = VERTEX_POINT('',#1181);
#1181 = CARTESIAN_POINT('',(930.,-645.,-300.));
#1182 = SURFACE_CURVE('',#1183,(#1188,#1194),.PCURVE_S1.);
#1183 = CIRCLE('',#1184,30.);
#1184 = AXIS2_PLACEMENT_3D('',#1185,#1186,#1187);
#1185 = CARTESIAN_POINT('',(930.,-645.,-270.));
#1186 = DIRECTION('',(0.,1.,-0.));
#1187 = DIRECTION('',(-1.,0.,0.));
#1188 = PCURVE('',#1022,#1189);
#1189 = DEFINITIONAL_REPRESENTATION('',(#1190),#1193);
#1190 = B_SPLINE_CURVE_WITH_KNOTS('',1,(#1191,#1192),.UNSPECIFIED.,.F.,
  .F.,(2,2),(4.712388980385,6.28318530718),.PIECEWISE_BEZIER_KNOTS.);
#1191 = CARTESIAN_POINT('',(-1.570796326795,30.));
#1192 = CARTESIAN_POINT('',(0.,30.));
#1193 = ( GEOMETRIC_REPRESENTATION_CONTEXT(2) 
PARAMETRIC_REPRESENTATION_CONTEXT() REPRESENTATION_CONTEXT('2D SPACE',''
  ) );
#1194 = PCURVE('',#1109,#1195);
#1195 = DEFINITIONAL_REPRESENTATION('',(#1196),#1199);
#1196 = B_SPLINE_CURVE_WITH_KNOTS('',1,(#1197,#1198),.UNSPECIFIED.,.F.,
  .F.,(2,2),(4.712388980385,6.28318530718),.PIECEWISE_BEZIER_KNOTS.);
#1197 = CARTESIAN_POINT('',(0.,-1.570796326795));
#1198 = CARTESIAN_POINT('',(0.,0.));
#1199 = ( GEOMETRIC_REPRESENTATION_CONTEXT(2) 
PARAMETRIC_REPRESENTATION_CONTEXT() REPRESENTATION_CONTEXT('2D SPACE',''
  ) );
#1200 = ORIENTED_EDGE('',*,*,#1201,.T.);
#1201 = EDGE_CURVE('',#1180,#1202,#1204,.T.);
#1202 = VERTEX_POINT('',#1203);
#1203 = CARTESIAN_POINT('',(930.,645.,-300.));
#1204 = SURFACE_CURVE('',#1205,(#1209,#1216),.PCURVE_S1.);
#1205 = LINE('',#1206,#1207);
#1206 = CARTESIAN_POINT('',(930.,-675.,-300.));
#1207 = VECTOR('',#1208,1.);
#1208 = DIRECTION('',(0.,1.,0.));
#1209 = PCURVE('',#1022,#1210);
#1210 = DEFINITIONAL_REPRESENTATION('',(#1211),#1215);
#1211 = LINE('',#1212,#1213);
#1212 = CARTESIAN_POINT('',(-1.570796326795,0.));
#1213 = VECTOR('',#1214,1.);
#1214 = DIRECTION('',(-0.,1.));
#1215 = ( GEOMETRIC_REPRESENTATION_CONTEXT(2) 
PARAMETRIC_REPRESENTATION_CONTEXT() REPRESENTATION_CONTEXT('2D SPACE',''
  ) );
#1216 = PCURVE('',#1217,#1222);
#1217 = PLANE('',#1218);
#1218 = AXIS2_PLACEMENT_3D('',#1219,#1220,#1221);
#1219 = CARTESIAN_POINT('',(900.,-675.,-300.));
#1220 = DIRECTION('',(0.,0.,1.));
#1221 = DIRECTION('',(1.,0.,0.));
#1222 = DEFINITIONAL_REPRESENTATION('',(#1223),#1227);
#1223 = LINE('',#1224,#1225);
#1224 = CARTESIAN_POINT('',(30.,0.));
#1225 = VECTOR('',#1226,1.);
#1226 = DIRECTION('',(0.,1.));
#1227 = ( GEOMETRIC_REPRESENTATION_CONTEXT(2) 
PARAMETRIC_REPRESENTATION_CONTEXT() REPRESENTATION_CONTEXT('2D SPACE',''
  ) );
#1228 = ORIENTED_EDGE('',*,*,#1229,.T.);
#1229 = EDGE_CURVE('',#1202,#1007,#1230,.T.);
#1230 = SURFACE_CURVE('',#1231,(#1236,#1242),.PCURVE_S1.);
#1231 = CIRCLE('',#1232,30.);
#1232 = AXIS2_PLACEMENT_3D('',#1233,#1234,#1235);
#1233 = CARTESIAN_POINT('',(930.,645.,-270.));
#1234 = DIRECTION('',(0.,1.,-0.));
#1235 = DIRECTION('',(-1.,0.,0.));
#1236 = PCURVE('',#1022,#1237);
#1237 = DEFINITIONAL_REPRESENTATION('',(#1238),#1241);
#1238 = B_SPLINE_CURVE_WITH_KNOTS('',1,(#1239,#1240),.UNSPECIFIED.,.F.,
  .F.,(2,2),(4.712388980385,6.28318530718),.PIECEWISE_BEZIER_KNOTS.);
#1239 = CARTESIAN_POINT('',(-1.570796326795,1.32E+03));
#1240 = CARTESIAN_POINT('',(0.,1.32E+03));
#1241 = ( GEOMETRIC_REPRESENTATION_CONTEXT(2) 
PARAMETRIC_REPRESENTATION_CONTEXT() REPRESENTATION_CONTEXT('2D SPACE',''
  ) );
#1242 = PCURVE('',#1243,#1248);
#1243 = SPHERICAL_SURFACE('',#1244,30.);
#1244 = AXIS2_PLACEMENT_3D('',#1245,#1246,#1247);
#1245 = CARTESIAN_POINT('',(930.,645.,-270.));
#1246 = DIRECTION('',(0.,0.,1.));
#1247 = DIRECTION('',(-1.,0.,0.));
#1248 = DEFINITIONAL_REPRESENTATION('',(#1249),#1252);
#1249 = B_SPLINE_CURVE_WITH_KNOTS('',1,(#1250,#1251),.UNSPECIFIED.,.F.,
  .F.,(2,2),(4.712388980385,6.28318530718),.PIECEWISE_BEZIER_KNOTS.);
#1250 = CARTESIAN_POINT('',(0.,-1.570796326795));
#1251 = CARTESIAN_POINT('',(0.,0.));
#1252 = ( GEOMETRIC_REPRESENTATION_CONTEXT(2) 
PARAMETRIC_REPRESENTATION_CONTEXT() REPRESENTATION_CONTEXT('2D SPACE',''
  ) );
#1253 = ORIENTED_EDGE('',*,*,#1006,.F.);
#1254 = ADVANCED_FACE('',(#1255),#1076,.T.);
#1255 = FACE_BOUND('',#1256,.T.);
#1256 = EDGE_LOOP('',(#1257,#1279,#1307,#1334));
#1257 = ORIENTED_EDGE('',*,*,#1258,.F.);
#1258 = EDGE_CURVE('',#1259,#974,#1261,.T.);
#1259 = VERTEX_POINT('',#1260);
#1260 = CARTESIAN_POINT('',(930.,-645.,300.));
#1261 = SURFACE_CURVE('',#1262,(#1267,#1273),.PCURVE_S1.);
#1262 = CIRCLE('',#1263,30.);
#1263 = AXIS2_PLACEMENT_3D('',#1264,#1265,#1266);
#1264 = CARTESIAN_POINT('',(930.,-645.,270.));
#1265 = DIRECTION('',(0.,-1.,0.));
#1266 = DIRECTION('',(-1.,0.,0.));
#1267 = PCURVE('',#1076,#1268);
#1268 = DEFINITIONAL_REPRESENTATION('',(#1269),#1272);
#1269 = B_SPLINE_CURVE_WITH_KNOTS('',1,(#1270,#1271),.UNSPECIFIED.,.F.,
  .F.,(2,2),(4.712388980385,6.28318530718),.PIECEWISE_BEZIER_KNOTS.);
#1270 = CARTESIAN_POINT('',(1.570796326795,30.));
#1271 = CARTESIAN_POINT('',(0.,30.));
#1272 = ( GEOMETRIC_REPRESENTATION_CONTEXT(2) 
PARAMETRIC_REPRESENTATION_CONTEXT() REPRESENTATION_CONTEXT('2D SPACE',''
  ) );
#1273 = PCURVE('',#1164,#1274);
#1274 = DEFINITIONAL_REPRESENTATION('',(#1275),#1278);
#1275 = B_SPLINE_CURVE_WITH_KNOTS('',1,(#1276,#1277),.UNSPECIFIED.,.F.,
  .F.,(2,2),(4.712388980385,6.28318530718),.PIECEWISE_BEZIER_KNOTS.);
#1276 = CARTESIAN_POINT('',(0.,-1.570796326795));
#1277 = CARTESIAN_POINT('',(0.,0.));
#1278 = ( GEOMETRIC_REPRESENTATION_CONTEXT(2) 
PARAMETRIC_REPRESENTATION_CONTEXT() REPRESENTATION_CONTEXT('2D SPACE',''
  ) );
#1279 = ORIENTED_EDGE('',*,*,#1280,.T.);
#1280 = EDGE_CURVE('',#1259,#1281,#1283,.T.);
#1281 = VERTEX_POINT('',#1282);
#1282 = CARTESIAN_POINT('',(930.,645.,300.));
#1283 = SURFACE_CURVE('',#1284,(#1288,#1295),.PCURVE_S1.);
#1284 = LINE('',#1285,#1286);
#1285 = CARTESIAN_POINT('',(930.,-675.,300.));
#1286 = VECTOR('',#1287,1.);
#1287 = DIRECTION('',(0.,1.,0.));
#1288 = PCURVE('',#1076,#1289);
#1289 = DEFINITIONAL_REPRESENTATION('',(#1290),#1294);
#1290 = LINE('',#1291,#1292);
#1291 = CARTESIAN_POINT('',(1.570796326795,0.));
#1292 = VECTOR('',#1293,1.);
#1293 = DIRECTION('',(0.,1.));
#1294 = ( GEOMETRIC_REPRESENTATION_CONTEXT(2) 
PARAMETRIC_REPRESENTATION_CONTEXT() REPRESENTATION_CONTEXT('2D SPACE',''
  ) );
#1295 = PCURVE('',#1296,#1301);
#1296 = PLANE('',#1297);
#1297 = AXIS2_PLACEMENT_3D('',#1298,#1299,#1300);
#1298 = CARTESIAN_POINT('',(900.,-675.,300.));
#1299 = DIRECTION('',(0.,0.,1.));
#1300 = DIRECTION('',(1.,0.,0.));
#1301 = DEFINITIONAL_REPRESENTATION('',(#1302),#1306);
#1302 = LINE('',#1303,#1304);
#1303 = CARTESIAN_POINT('',(30.,0.));
#1304 = VECTOR('',#1305,1.);
#1305 = DIRECTION('',(0.,1.));
#1306 = ( GEOMETRIC_REPRESENTATION_CONTEXT(2) 
PARAMETRIC_REPRESENTATION_CONTEXT() REPRESENTATION_CONTEXT('2D SPACE',''
  ) );
#1307 = ORIENTED_EDGE('',*,*,#1308,.F.);
#1308 = EDGE_CURVE('',#1035,#1281,#1309,.T.);
#1309 = SURFACE_CURVE('',#1310,(#1315,#1322),.PCURVE_S1.);
#1310 = CIRCLE('',#1311,30.);
#1311 = AXIS2_PLACEMENT_3D('',#1312,#1313,#1314);
#1312 = CARTESIAN_POINT('',(930.,645.,270.));
#1313 = DIRECTION('',(0.,1.,-0.));
#1314 = DIRECTION('',(-1.,0.,0.));
#1315 = PCURVE('',#1076,#1316);
#1316 = DEFINITIONAL_REPRESENTATION('',(#1317),#1321);
#1317 = LINE('',#1318,#1319);
#1318 = CARTESIAN_POINT('',(0.,1.32E+03));
#1319 = VECTOR('',#1320,1.);
#1320 = DIRECTION('',(1.,0.));
#1321 = ( GEOMETRIC_REPRESENTATION_CONTEXT(2) 
PARAMETRIC_REPRESENTATION_CONTEXT() REPRESENTATION_CONTEXT('2D SPACE',''
  ) );
#1322 = PCURVE('',#1323,#1328);
#1323 = SPHERICAL_SURFACE('',#1324,30.);
#1324 = AXIS2_PLACEMENT_3D('',#1325,#1326,#1327);
#1325 = CARTESIAN_POINT('',(930.,645.,270.));
#1326 = DIRECTION('',(-0.,-1.,-0.));
#1327 = DIRECTION('',(-1.,0.,0.));
#1328 = DEFINITIONAL_REPRESENTATION('',(#1329),#1333);
#1329 = LINE('',#1330,#1331);
#1330 = CARTESIAN_POINT('',(-0.,0.));
#1331 = VECTOR('',#1332,1.);
#1332 = DIRECTION('',(-1.,0.));
#1333 = ( GEOMETRIC_REPRESENTATION_CONTEXT(2) 
PARAMETRIC_REPRESENTATION_CONTEXT() REPRESENTATION_CONTEXT('2D SPACE',''
  ) );
#1334 = ORIENTED_EDGE('',*,*,#1062,.F.);
#1335 = ADVANCED_FACE('',(#1336),#1050,.T.);
#1336 = FACE_BOUND('',#1337,.F.);
#1337 = EDGE_LOOP('',(#1338,#1339,#1363,#1391));
#1338 = ORIENTED_EDGE('',*,*,#1034,.F.);
#1339 = ORIENTED_EDGE('',*,*,#1340,.T.);
#1340 = EDGE_CURVE('',#1007,#1341,#1343,.T.);
#1341 = VERTEX_POINT('',#1342);
#1342 = CARTESIAN_POINT('',(930.,675.,-270.));
#1343 = SURFACE_CURVE('',#1344,(#1349,#1356),.PCURVE_S1.);
#1344 = CIRCLE('',#1345,30.);
#1345 = AXIS2_PLACEMENT_3D('',#1346,#1347,#1348);
#1346 = CARTESIAN_POINT('',(930.,645.,-270.));
#1347 = DIRECTION('',(0.,0.,-1.));
#1348 = DIRECTION('',(-1.,0.,0.));
#1349 = PCURVE('',#1050,#1350);
#1350 = DEFINITIONAL_REPRESENTATION('',(#1351),#1355);
#1351 = LINE('',#1352,#1353);
#1352 = CARTESIAN_POINT('',(-0.,30.));
#1353 = VECTOR('',#1354,1.);
#1354 = DIRECTION('',(-1.,0.));
#1355 = ( GEOMETRIC_REPRESENTATION_CONTEXT(2) 
PARAMETRIC_REPRESENTATION_CONTEXT() REPRESENTATION_CONTEXT('2D SPACE',''
  ) );
#1356 = PCURVE('',#1243,#1357);
#1357 = DEFINITIONAL_REPRESENTATION('',(#1358),#1362);
#1358 = LINE('',#1359,#1360);
#1359 = CARTESIAN_POINT('',(-0.,0.));
#1360 = VECTOR('',#1361,1.);
#1361 = DIRECTION('',(-1.,0.));
#1362 = ( GEOMETRIC_REPRESENTATION_CONTEXT(2) 
PARAMETRIC_REPRESENTATION_CONTEXT() REPRESENTATION_CONTEXT('2D SPACE',''
  ) );
#1363 = ORIENTED_EDGE('',*,*,#1364,.T.);
#1364 = EDGE_CURVE('',#1341,#1365,#1367,.T.);
#1365 = VERTEX_POINT('',#1366);
#1366 = CARTESIAN_POINT('',(930.,675.,270.));
#1367 = SURFACE_CURVE('',#1368,(#1372,#1379),.PCURVE_S1.);
#1368 = LINE('',#1369,#1370);
#1369 = CARTESIAN_POINT('',(930.,675.,-300.));
#1370 = VECTOR('',#1371,1.);
#1371 = DIRECTION('',(0.,0.,1.));
#1372 = PCURVE('',#1050,#1373);
#1373 = DEFINITIONAL_REPRESENTATION('',(#1374),#1378);
#1374 = LINE('',#1375,#1376);
#1375 = CARTESIAN_POINT('',(-1.570796326795,0.));
#1376 = VECTOR('',#1377,1.);
#1377 = DIRECTION('',(-0.,1.));
#1378 = ( GEOMETRIC_REPRESENTATION_CONTEXT(2) 
PARAMETRIC_REPRESENTATION_CONTEXT() REPRESENTATION_CONTEXT('2D SPACE',''
  ) );
#1379 = PCURVE('',#1380,#1385);
#1380 = PLANE('',#1381);
#1381 = AXIS2_PLACEMENT_3D('',#1382,#1383,#1384);
#1382 = CARTESIAN_POINT('',(900.,675.,-300.));
#1383 = DIRECTION('',(0.,1.,0.));
#1384 = DIRECTION('',(0.,0.,1.));
#1385 = DEFINITIONAL_REPRESENTATION('',(#1386),#1390);
#1386 = LINE('',#1387,#1388);
#1387 = CARTESIAN_POINT('',(0.,30.));
#1388 = VECTOR('',#1389,1.);
#1389 = DIRECTION('',(1.,0.));
#1390 = ( GEOMETRIC_REPRESENTATION_CONTEXT(2) 
PARAMETRIC_REPRESENTATION_CONTEXT() REPRESENTATION_CONTEXT('2D SPACE',''
  ) );
#1391 = ORIENTED_EDGE('',*,*,#1392,.T.);
#1392 = EDGE_CURVE('',#1365,#1035,#1393,.T.);
#1393 = SURFACE_CURVE('',#1394,(#1399,#1405),.PCURVE_S1.);
#1394 = CIRCLE('',#1395,30.);
#1395 = AXIS2_PLACEMENT_3D('',#1396,#1397,#1398);
#1396 = CARTESIAN_POINT('',(930.,645.,270.));
#1397 = DIRECTION('',(0.,0.,1.));
#1398 = DIRECTION('',(-1.,0.,0.));
#1399 = PCURVE('',#1050,#1400);
#1400 = DEFINITIONAL_REPRESENTATION('',(#1401),#1404);
#1401 = B_SPLINE_CURVE_WITH_KNOTS('',1,(#1402,#1403),.UNSPECIFIED.,.F.,
  .F.,(2,2),(4.712388980385,6.28318530718),.PIECEWISE_BEZIER_KNOTS.);
#1402 = CARTESIAN_POINT('',(-1.570796326795,570.));
#1403 = CARTESIAN_POINT('',(0.,570.));
#1404 = ( GEOMETRIC_REPRESENTATION_CONTEXT(2) 
PARAMETRIC_REPRESENTATION_CONTEXT() REPRESENTATION_CONTEXT('2D SPACE',''
  ) );
#1405 = PCURVE('',#1323,#1406);
#1406 = DEFINITIONAL_REPRESENTATION('',(#1407),#1410);
#1407 = B_SPLINE_CURVE_WITH_KNOTS('',1,(#1408,#1409),.UNSPECIFIED.,.F.,
  .F.,(2,2),(4.712388980385,6.28318530718),.PIECEWISE_BEZIER_KNOTS.);
#1408 = CARTESIAN_POINT('',(0.,-1.570796326795));
#1409 = CARTESIAN_POINT('',(0.,0.));
#1410 = ( GEOMETRIC_REPRESENTATION_CONTEXT(2) 
PARAMETRIC_REPRESENTATION_CONTEXT() REPRESENTATION_CONTEXT('2D SPACE',''
  ) );
#1411 = ADVANCED_FACE('',(#1412),#1109,.T.);
#1412 = FACE_BOUND('',#1413,.T.);
#1413 = EDGE_LOOP('',(#1414,#1415,#1440));
#1414 = ORIENTED_EDGE('',*,*,#1179,.F.);
#1415 = ORIENTED_EDGE('',*,*,#1416,.T.);
#1416 = EDGE_CURVE('',#1180,#1093,#1417,.T.);
#1417 = SURFACE_CURVE('',#1418,(#1423,#1429),.PCURVE_S1.);
#1418 = CIRCLE('',#1419,30.);
#1419 = AXIS2_PLACEMENT_3D('',#1420,#1421,#1422);
#1420 = CARTESIAN_POINT('',(930.,-645.,-270.));
#1421 = DIRECTION('',(-1.,6.123233995737E-17,0.));
#1422 = DIRECTION('',(-6.123233995737E-17,-1.,0.));
#1423 = PCURVE('',#1109,#1424);
#1424 = DEFINITIONAL_REPRESENTATION('',(#1425),#1428);
#1425 = B_SPLINE_CURVE_WITH_KNOTS('',1,(#1426,#1427),.UNSPECIFIED.,.F.,
  .F.,(2,2),(4.712388980385,6.28318530718),.PIECEWISE_BEZIER_KNOTS.);
#1426 = CARTESIAN_POINT('',(1.570796326795,-1.570796326795));
#1427 = CARTESIAN_POINT('',(1.570796326795,0.));
#1428 = ( GEOMETRIC_REPRESENTATION_CONTEXT(2) 
PARAMETRIC_REPRESENTATION_CONTEXT() REPRESENTATION_CONTEXT('2D SPACE',''
  ) );
#1429 = PCURVE('',#1430,#1435);
#1430 = CYLINDRICAL_SURFACE('',#1431,30.);
#1431 = AXIS2_PLACEMENT_3D('',#1432,#1433,#1434);
#1432 = CARTESIAN_POINT('',(900.,-645.,-270.));
#1433 = DIRECTION('',(1.,0.,0.));
#1434 = DIRECTION('',(0.,-1.,0.));
#1435 = DEFINITIONAL_REPRESENTATION('',(#1436),#1439);
#1436 = B_SPLINE_CURVE_WITH_KNOTS('',1,(#1437,#1438),.UNSPECIFIED.,.F.,
  .F.,(2,2),(4.712388980385,6.28318530718),.PIECEWISE_BEZIER_KNOTS.);
#1437 = CARTESIAN_POINT('',(1.570796326795,30.));
#1438 = CARTESIAN_POINT('',(0.,30.));
#1439 = ( GEOMETRIC_REPRESENTATION_CONTEXT(2) 
PARAMETRIC_REPRESENTATION_CONTEXT() REPRESENTATION_CONTEXT('2D SPACE',''
  ) );
#1440 = ORIENTED_EDGE('',*,*,#1092,.F.);
#1441 = ADVANCED_FACE('',(#1442),#1164,.T.);
#1442 = FACE_BOUND('',#1443,.F.);
#1443 = EDGE_LOOP('',(#1444,#1445,#1470));
#1444 = ORIENTED_EDGE('',*,*,#1258,.F.);
#1445 = ORIENTED_EDGE('',*,*,#1446,.T.);
#1446 = EDGE_CURVE('',#1259,#1122,#1447,.T.);
#1447 = SURFACE_CURVE('',#1448,(#1453,#1459),.PCURVE_S1.);
#1448 = CIRCLE('',#1449,30.);
#1449 = AXIS2_PLACEMENT_3D('',#1450,#1451,#1452);
#1450 = CARTESIAN_POINT('',(930.,-645.,270.));
#1451 = DIRECTION('',(1.,-6.123233995737E-17,0.));
#1452 = DIRECTION('',(-6.123233995737E-17,-1.,0.));
#1453 = PCURVE('',#1164,#1454);
#1454 = DEFINITIONAL_REPRESENTATION('',(#1455),#1458);
#1455 = B_SPLINE_CURVE_WITH_KNOTS('',1,(#1456,#1457),.UNSPECIFIED.,.F.,
  .F.,(2,2),(4.712388980385,6.28318530718),.PIECEWISE_BEZIER_KNOTS.);
#1456 = CARTESIAN_POINT('',(-1.570796326795,-1.570796326795));
#1457 = CARTESIAN_POINT('',(-1.570796326795,0.));
#1458 = ( GEOMETRIC_REPRESENTATION_CONTEXT(2) 
PARAMETRIC_REPRESENTATION_CONTEXT() REPRESENTATION_CONTEXT('2D SPACE',''
  ) );
#1459 = PCURVE('',#1460,#1465);
#1460 = CYLINDRICAL_SURFACE('',#1461,30.);
#1461 = AXIS2_PLACEMENT_3D('',#1462,#1463,#1464);
#1462 = CARTESIAN_POINT('',(900.,-645.,270.));
#1463 = DIRECTION('',(1.,0.,0.));
#1464 = DIRECTION('',(0.,-1.,0.));
#1465 = DEFINITIONAL_REPRESENTATION('',(#1466),#1469);
#1466 = B_SPLINE_CURVE_WITH_KNOTS('',1,(#1467,#1468),.UNSPECIFIED.,.F.,
  .F.,(2,2),(4.712388980385,6.28318530718),.PIECEWISE_BEZIER_KNOTS.);
#1467 = CARTESIAN_POINT('',(-1.570796326795,30.));
#1468 = CARTESIAN_POINT('',(0.,30.));
#1469 = ( GEOMETRIC_REPRESENTATION_CONTEXT(2) 
PARAMETRIC_REPRESENTATION_CONTEXT() REPRESENTATION_CONTEXT('2D SPACE',''
  ) );
#1470 = ORIENTED_EDGE('',*,*,#1149,.F.);
#1471 = ADVANCED_FACE('',(#1472),#1137,.F.);
#1472 = FACE_BOUND('',#1473,.F.);
#1473 = EDGE_LOOP('',(#1474,#1475,#1498,#1526));
#1474 = ORIENTED_EDGE('',*,*,#1121,.T.);
#1475 = ORIENTED_EDGE('',*,*,#1476,.T.);
#1476 = EDGE_CURVE('',#1122,#1477,#1479,.T.);
#1477 = VERTEX_POINT('',#1478);
#1478 = CARTESIAN_POINT('',(1.77E+03,-675.,270.));
#1479 = SURFACE_CURVE('',#1480,(#1484,#1491),.PCURVE_S1.);
#1480 = LINE('',#1481,#1482);
#1481 = CARTESIAN_POINT('',(900.,-675.,270.));
#1482 = VECTOR('',#1483,1.);
#1483 = DIRECTION('',(1.,0.,0.));
#1484 = PCURVE('',#1137,#1485);
#1485 = DEFINITIONAL_REPRESENTATION('',(#1486),#1490);
#1486 = LINE('',#1487,#1488);
#1487 = CARTESIAN_POINT('',(570.,0.));
#1488 = VECTOR('',#1489,1.);
#1489 = DIRECTION('',(0.,1.));
#1490 = ( GEOMETRIC_REPRESENTATION_CONTEXT(2) 
PARAMETRIC_REPRESENTATION_CONTEXT() REPRESENTATION_CONTEXT('2D SPACE',''
  ) );
#1491 = PCURVE('',#1460,#1492);
#1492 = DEFINITIONAL_REPRESENTATION('',(#1493),#1497);
#1493 = LINE('',#1494,#1495);
#1494 = CARTESIAN_POINT('',(-0.,0.));
#1495 = VECTOR('',#1496,1.);
#1496 = DIRECTION('',(-0.,1.));
#1497 = ( GEOMETRIC_REPRESENTATION_CONTEXT(2) 
PARAMETRIC_REPRESENTATION_CONTEXT() REPRESENTATION_CONTEXT('2D SPACE',''
  ) );
#1498 = ORIENTED_EDGE('',*,*,#1499,.F.);
#1499 = EDGE_CURVE('',#1500,#1477,#1502,.T.);
#1500 = VERTEX_POINT('',#1501);
#1501 = CARTESIAN_POINT('',(1.77E+03,-675.,-270.));
#1502 = SURFACE_CURVE('',#1503,(#1507,#1514),.PCURVE_S1.);
#1503 = LINE('',#1504,#1505);
#1504 = CARTESIAN_POINT('',(1.77E+03,-675.,-300.));
#1505 = VECTOR('',#1506,1.);
#1506 = DIRECTION('',(0.,0.,1.));
#1507 = PCURVE('',#1137,#1508);
#1508 = DEFINITIONAL_REPRESENTATION('',(#1509),#1513);
#1509 = LINE('',#1510,#1511);
#1510 = CARTESIAN_POINT('',(0.,870.));
#1511 = VECTOR('',#1512,1.);
#1512 = DIRECTION('',(1.,0.));
#1513 = ( GEOMETRIC_REPRESENTATION_CONTEXT(2) 
PARAMETRIC_REPRESENTATION_CONTEXT() REPRESENTATION_CONTEXT('2D SPACE',''
  ) );
#1514 = PCURVE('',#1515,#1520);
#1515 = CYLINDRICAL_SURFACE('',#1516,30.);
#1516 = AXIS2_PLACEMENT_3D('',#1517,#1518,#1519);
#1517 = CARTESIAN_POINT('',(1.77E+03,-645.,-300.));
#1518 = DIRECTION('',(0.,0.,1.));
#1519 = DIRECTION('',(1.,0.,0.));
#1520 = DEFINITIONAL_REPRESENTATION('',(#1521),#1525);
#1521 = LINE('',#1522,#1523);
#1522 = CARTESIAN_POINT('',(-1.570796326795,0.));
#1523 = VECTOR('',#1524,1.);
#1524 = DIRECTION('',(-0.,1.));
#1525 = ( GEOMETRIC_REPRESENTATION_CONTEXT(2) 
PARAMETRIC_REPRESENTATION_CONTEXT() REPRESENTATION_CONTEXT('2D SPACE',''
  ) );
#1526 = ORIENTED_EDGE('',*,*,#1527,.F.);
#1527 = EDGE_CURVE('',#1093,#1500,#1528,.T.);
#1528 = SURFACE_CURVE('',#1529,(#1533,#1540),.PCURVE_S1.);
#1529 = LINE('',#1530,#1531);
#1530 = CARTESIAN_POINT('',(900.,-675.,-270.));
#1531 = VECTOR('',#1532,1.);
#1532 = DIRECTION('',(1.,0.,0.));
#1533 = PCURVE('',#1137,#1534);
#1534 = DEFINITIONAL_REPRESENTATION('',(#1535),#1539);
#1535 = LINE('',#1536,#1537);
#1536 = CARTESIAN_POINT('',(30.,0.));
#1537 = VECTOR('',#1538,1.);
#1538 = DIRECTION('',(0.,1.));
#1539 = ( GEOMETRIC_REPRESENTATION_CONTEXT(2) 
PARAMETRIC_REPRESENTATION_CONTEXT() REPRESENTATION_CONTEXT('2D SPACE',''
  ) );
#1540 = PCURVE('',#1430,#1541);
#1541 = DEFINITIONAL_REPRESENTATION('',(#1542),#1546);
#1542 = LINE('',#1543,#1544);
#1543 = CARTESIAN_POINT('',(0.,0.));
#1544 = VECTOR('',#1545,1.);
#1545 = DIRECTION('',(0.,1.));
#1546 = ( GEOMETRIC_REPRESENTATION_CONTEXT(2) 
PARAMETRIC_REPRESENTATION_CONTEXT() REPRESENTATION_CONTEXT('2D SPACE',''
  ) );
#1547 = ADVANCED_FACE('',(#1548),#1217,.F.);
#1548 = FACE_BOUND('',#1549,.F.);
#1549 = EDGE_LOOP('',(#1550,#1551,#1574,#1602));
#1550 = ORIENTED_EDGE('',*,*,#1201,.F.);
#1551 = ORIENTED_EDGE('',*,*,#1552,.T.);
#1552 = EDGE_CURVE('',#1180,#1553,#1555,.T.);
#1553 = VERTEX_POINT('',#1554);
#1554 = CARTESIAN_POINT('',(1.77E+03,-645.,-300.));
#1555 = SURFACE_CURVE('',#1556,(#1560,#1567),.PCURVE_S1.);
#1556 = LINE('',#1557,#1558);
#1557 = CARTESIAN_POINT('',(900.,-645.,-300.));
#1558 = VECTOR('',#1559,1.);
#1559 = DIRECTION('',(1.,0.,0.));
#1560 = PCURVE('',#1217,#1561);
#1561 = DEFINITIONAL_REPRESENTATION('',(#1562),#1566);
#1562 = LINE('',#1563,#1564);
#1563 = CARTESIAN_POINT('',(0.,30.));
#1564 = VECTOR('',#1565,1.);
#1565 = DIRECTION('',(1.,0.));
#1566 = ( GEOMETRIC_REPRESENTATION_CONTEXT(2) 
PARAMETRIC_REPRESENTATION_CONTEXT() REPRESENTATION_CONTEXT('2D SPACE',''
  ) );
#1567 = PCURVE('',#1430,#1568);
#1568 = DEFINITIONAL_REPRESENTATION('',(#1569),#1573);
#1569 = LINE('',#1570,#1571);
#1570 = CARTESIAN_POINT('',(1.570796326795,0.));
#1571 = VECTOR('',#1572,1.);
#1572 = DIRECTION('',(0.,1.));
#1573 = ( GEOMETRIC_REPRESENTATION_CONTEXT(2) 
PARAMETRIC_REPRESENTATION_CONTEXT() REPRESENTATION_CONTEXT('2D SPACE',''
  ) );
#1574 = ORIENTED_EDGE('',*,*,#1575,.T.);
#1575 = EDGE_CURVE('',#1553,#1576,#1578,.T.);
#1576 = VERTEX_POINT('',#1577);
#1577 = CARTESIAN_POINT('',(1.77E+03,645.,-300.));
#1578 = SURFACE_CURVE('',#1579,(#1583,#1590),.PCURVE_S1.);
#1579 = LINE('',#1580,#1581);
#1580 = CARTESIAN_POINT('',(1.77E+03,-675.,-300.));
#1581 = VECTOR('',#1582,1.);
#1582 = DIRECTION('',(0.,1.,0.));
#1583 = PCURVE('',#1217,#1584);
#1584 = DEFINITIONAL_REPRESENTATION('',(#1585),#1589);
#1585 = LINE('',#1586,#1587);
#1586 = CARTESIAN_POINT('',(870.,0.));
#1587 = VECTOR('',#1588,1.);
#1588 = DIRECTION('',(0.,1.));
#1589 = ( GEOMETRIC_REPRESENTATION_CONTEXT(2) 
PARAMETRIC_REPRESENTATION_CONTEXT() REPRESENTATION_CONTEXT('2D SPACE',''
  ) );
#1590 = PCURVE('',#1591,#1596);
#1591 = CYLINDRICAL_SURFACE('',#1592,30.);
#1592 = AXIS2_PLACEMENT_3D('',#1593,#1594,#1595);
#1593 = CARTESIAN_POINT('',(1.77E+03,-675.,-270.));
#1594 = DIRECTION('',(0.,1.,0.));
#1595 = DIRECTION('',(1.,0.,0.));
#1596 = DEFINITIONAL_REPRESENTATION('',(#1597),#1601);
#1597 = LINE('',#1598,#1599);
#1598 = CARTESIAN_POINT('',(1.570796326795,0.));
#1599 = VECTOR('',#1600,1.);
#1600 = DIRECTION('',(0.,1.));
#1601 = ( GEOMETRIC_REPRESENTATION_CONTEXT(2) 
PARAMETRIC_REPRESENTATION_CONTEXT() REPRESENTATION_CONTEXT('2D SPACE',''
  ) );
#1602 = ORIENTED_EDGE('',*,*,#1603,.F.);
#1603 = EDGE_CURVE('',#1202,#1576,#1604,.T.);
#1604 = SURFACE_CURVE('',#1605,(#1609,#1616),.PCURVE_S1.);
#1605 = LINE('',#1606,#1607);
#1606 = CARTESIAN_POINT('',(900.,645.,-300.));
#1607 = VECTOR('',#1608,1.);
#1608 = DIRECTION('',(1.,0.,0.));
#1609 = PCURVE('',#1217,#1610);
#1610 = DEFINITIONAL_REPRESENTATION('',(#1611),#1615);
#1611 = LINE('',#1612,#1613);
#1612 = CARTESIAN_POINT('',(0.,1.32E+03));
#1613 = VECTOR('',#1614,1.);
#1614 = DIRECTION('',(1.,0.));
#1615 = ( GEOMETRIC_REPRESENTATION_CONTEXT(2) 
PARAMETRIC_REPRESENTATION_CONTEXT() REPRESENTATION_CONTEXT('2D SPACE',''
  ) );
#1616 = PCURVE('',#1617,#1622);
#1617 = CYLINDRICAL_SURFACE('',#1618,30.);
#1618 = AXIS2_PLACEMENT_3D('',#1619,#1620,#1621);
#1619 = CARTESIAN_POINT('',(900.,645.,-270.));
#1620 = DIRECTION('',(1.,0.,0.));
#1621 = DIRECTION('',(0.,1.,0.));
#1622 = DEFINITIONAL_REPRESENTATION('',(#1623),#1627);
#1623 = LINE('',#1624,#1625);
#1624 = CARTESIAN_POINT('',(-1.570796326795,0.));
#1625 = VECTOR('',#1626,1.);
#1626 = DIRECTION('',(-0.,1.));
#1627 = ( GEOMETRIC_REPRESENTATION_CONTEXT(2) 
PARAMETRIC_REPRESENTATION_CONTEXT() REPRESENTATION_CONTEXT('2D SPACE',''
  ) );
#1628 = ADVANCED_FACE('',(#1629),#1243,.T.);
#1629 = FACE_BOUND('',#1630,.F.);
#1630 = EDGE_LOOP('',(#1631,#1632,#1652));
#1631 = ORIENTED_EDGE('',*,*,#1229,.F.);
#1632 = ORIENTED_EDGE('',*,*,#1633,.T.);
#1633 = EDGE_CURVE('',#1202,#1341,#1634,.T.);
#1634 = SURFACE_CURVE('',#1635,(#1640,#1646),.PCURVE_S1.);
#1635 = CIRCLE('',#1636,30.);
#1636 = AXIS2_PLACEMENT_3D('',#1637,#1638,#1639);
#1637 = CARTESIAN_POINT('',(930.,645.,-270.));
#1638 = DIRECTION('',(1.,6.123233995737E-17,-0.));
#1639 = DIRECTION('',(-6.123233995737E-17,1.,0.));
#1640 = PCURVE('',#1243,#1641);
#1641 = DEFINITIONAL_REPRESENTATION('',(#1642),#1645);
#1642 = B_SPLINE_CURVE_WITH_KNOTS('',1,(#1643,#1644),.UNSPECIFIED.,.F.,
  .F.,(2,2),(4.712388980385,6.28318530718),.PIECEWISE_BEZIER_KNOTS.);
#1643 = CARTESIAN_POINT('',(-1.570796326795,-1.570796326795));
#1644 = CARTESIAN_POINT('',(-1.570796326795,0.));
#1645 = ( GEOMETRIC_REPRESENTATION_CONTEXT(2) 
PARAMETRIC_REPRESENTATION_CONTEXT() REPRESENTATION_CONTEXT('2D SPACE',''
  ) );
#1646 = PCURVE('',#1617,#1647);
#1647 = DEFINITIONAL_REPRESENTATION('',(#1648),#1651);
#1648 = B_SPLINE_CURVE_WITH_KNOTS('',1,(#1649,#1650),.UNSPECIFIED.,.F.,
  .F.,(2,2),(4.712388980385,6.28318530718),.PIECEWISE_BEZIER_KNOTS.);
#1649 = CARTESIAN_POINT('',(-1.570796326795,30.));
#1650 = CARTESIAN_POINT('',(0.,30.));
#1651 = ( GEOMETRIC_REPRESENTATION_CONTEXT(2) 
PARAMETRIC_REPRESENTATION_CONTEXT() REPRESENTATION_CONTEXT('2D SPACE',''
  ) );
#1652 = ORIENTED_EDGE('',*,*,#1340,.F.);
#1653 = ADVANCED_FACE('',(#1654),#1296,.T.);
#1654 = FACE_BOUND('',#1655,.T.);
#1655 = EDGE_LOOP('',(#1656,#1657,#1680,#1708));
#1656 = ORIENTED_EDGE('',*,*,#1280,.F.);
#1657 = ORIENTED_EDGE('',*,*,#1658,.T.);
#1658 = EDGE_CURVE('',#1259,#1659,#1661,.T.);
#1659 = VERTEX_POINT('',#1660);
#1660 = CARTESIAN_POINT('',(1.77E+03,-645.,300.));
#1661 = SURFACE_CURVE('',#1662,(#1666,#1673),.PCURVE_S1.);
#1662 = LINE('',#1663,#1664);
#1663 = CARTESIAN_POINT('',(900.,-645.,300.));
#1664 = VECTOR('',#1665,1.);
#1665 = DIRECTION('',(1.,0.,0.));
#1666 = PCURVE('',#1296,#1667);
#1667 = DEFINITIONAL_REPRESENTATION('',(#1668),#1672);
#1668 = LINE('',#1669,#1670);
#1669 = CARTESIAN_POINT('',(0.,30.));
#1670 = VECTOR('',#1671,1.);
#1671 = DIRECTION('',(1.,0.));
#1672 = ( GEOMETRIC_REPRESENTATION_CONTEXT(2) 
PARAMETRIC_REPRESENTATION_CONTEXT() REPRESENTATION_CONTEXT('2D SPACE',''
  ) );
#1673 = PCURVE('',#1460,#1674);
#1674 = DEFINITIONAL_REPRESENTATION('',(#1675),#1679);
#1675 = LINE('',#1676,#1677);
#1676 = CARTESIAN_POINT('',(-1.570796326795,0.));
#1677 = VECTOR('',#1678,1.);
#1678 = DIRECTION('',(-0.,1.));
#1679 = ( GEOMETRIC_REPRESENTATION_CONTEXT(2) 
PARAMETRIC_REPRESENTATION_CONTEXT() REPRESENTATION_CONTEXT('2D SPACE',''
  ) );
#1680 = ORIENTED_EDGE('',*,*,#1681,.T.);
#1681 = EDGE_CURVE('',#1659,#1682,#1684,.T.);
#1682 = VERTEX_POINT('',#1683);
#1683 = CARTESIAN_POINT('',(1.77E+03,645.,300.));
#1684 = SURFACE_CURVE('',#1685,(#1689,#1696),.PCURVE_S1.);
#1685 = LINE('',#1686,#1687);
#1686 = CARTESIAN_POINT('',(1.77E+03,-675.,300.));
#1687 = VECTOR('',#1688,1.);
#1688 = DIRECTION('',(0.,1.,0.));
#1689 = PCURVE('',#1296,#1690);
#1690 = DEFINITIONAL_REPRESENTATION('',(#1691),#1695);
#1691 = LINE('',#1692,#1693);
#1692 = CARTESIAN_POINT('',(870.,0.));
#1693 = VECTOR('',#1694,1.);
#1694 = DIRECTION('',(0.,1.));
#1695 = ( GEOMETRIC_REPRESENTATION_CONTEXT(2) 
PARAMETRIC_REPRESENTATION_CONTEXT() REPRESENTATION_CONTEXT('2D SPACE',''
  ) );
#1696 = PCURVE('',#1697,#1702);
#1697 = CYLINDRICAL_SURFACE('',#1698,30.);
#1698 = AXIS2_PLACEMENT_3D('',#1699,#1700,#1701);
#1699 = CARTESIAN_POINT('',(1.77E+03,-675.,270.));
#1700 = DIRECTION('',(0.,1.,0.));
#1701 = DIRECTION('',(1.,0.,0.));
#1702 = DEFINITIONAL_REPRESENTATION('',(#1703),#1707);
#1703 = LINE('',#1704,#1705);
#1704 = CARTESIAN_POINT('',(-1.570796326795,0.));
#1705 = VECTOR('',#1706,1.);
#1706 = DIRECTION('',(-0.,1.));
#1707 = ( GEOMETRIC_REPRESENTATION_CONTEXT(2) 
PARAMETRIC_REPRESENTATION_CONTEXT() REPRESENTATION_CONTEXT('2D SPACE',''
  ) );
#1708 = ORIENTED_EDGE('',*,*,#1709,.F.);
#1709 = EDGE_CURVE('',#1281,#1682,#1710,.T.);
#1710 = SURFACE_CURVE('',#1711,(#1715,#1722),.PCURVE_S1.);
#1711 = LINE('',#1712,#1713);
#1712 = CARTESIAN_POINT('',(900.,645.,300.));
#1713 = VECTOR('',#1714,1.);
#1714 = DIRECTION('',(1.,0.,0.));
#1715 = PCURVE('',#1296,#1716);
#1716 = DEFINITIONAL_REPRESENTATION('',(#1717),#1721);
#1717 = LINE('',#1718,#1719);
#1718 = CARTESIAN_POINT('',(0.,1.32E+03));
#1719 = VECTOR('',#1720,1.);
#1720 = DIRECTION('',(1.,0.));
#1721 = ( GEOMETRIC_REPRESENTATION_CONTEXT(2) 
PARAMETRIC_REPRESENTATION_CONTEXT() REPRESENTATION_CONTEXT('2D SPACE',''
  ) );
#1722 = PCURVE('',#1723,#1728);
#1723 = CYLINDRICAL_SURFACE('',#1724,30.);
#1724 = AXIS2_PLACEMENT_3D('',#1725,#1726,#1727);
#1725 = CARTESIAN_POINT('',(900.,645.,270.));
#1726 = DIRECTION('',(1.,0.,0.));
#1727 = DIRECTION('',(0.,1.,0.));
#1728 = DEFINITIONAL_REPRESENTATION('',(#1729),#1733);
#1729 = LINE('',#1730,#1731);
#1730 = CARTESIAN_POINT('',(1.570796326795,0.));
#1731 = VECTOR('',#1732,1.);
#1732 = DIRECTION('',(0.,1.));
#1733 = ( GEOMETRIC_REPRESENTATION_CONTEXT(2) 
PARAMETRIC_REPRESENTATION_CONTEXT() REPRESENTATION_CONTEXT('2D SPACE',''
  ) );
#1734 = ADVANCED_FACE('',(#1735),#1323,.T.);
#1735 = FACE_BOUND('',#1736,.F.);
#1736 = EDGE_LOOP('',(#1737,#1738,#1758));
#1737 = ORIENTED_EDGE('',*,*,#1392,.F.);
#1738 = ORIENTED_EDGE('',*,*,#1739,.T.);
#1739 = EDGE_CURVE('',#1365,#1281,#1740,.T.);
#1740 = SURFACE_CURVE('',#1741,(#1746,#1752),.PCURVE_S1.);
#1741 = CIRCLE('',#1742,30.);
#1742 = AXIS2_PLACEMENT_3D('',#1743,#1744,#1745);
#1743 = CARTESIAN_POINT('',(930.,645.,270.));
#1744 = DIRECTION('',(1.,0.,6.123233995737E-17));
#1745 = DIRECTION('',(-6.123233995737E-17,0.,1.));
#1746 = PCURVE('',#1323,#1747);
#1747 = DEFINITIONAL_REPRESENTATION('',(#1748),#1751);
#1748 = B_SPLINE_CURVE_WITH_KNOTS('',1,(#1749,#1750),.UNSPECIFIED.,.F.,
  .F.,(2,2),(4.712388980385,6.28318530718),.PIECEWISE_BEZIER_KNOTS.);
#1749 = CARTESIAN_POINT('',(-1.570796326795,-1.570796326795));
#1750 = CARTESIAN_POINT('',(-1.570796326795,0.));
#1751 = ( GEOMETRIC_REPRESENTATION_CONTEXT(2) 
PARAMETRIC_REPRESENTATION_CONTEXT() REPRESENTATION_CONTEXT('2D SPACE',''
  ) );
#1752 = PCURVE('',#1723,#1753);
#1753 = DEFINITIONAL_REPRESENTATION('',(#1754),#1757);
#1754 = B_SPLINE_CURVE_WITH_KNOTS('',1,(#1755,#1756),.UNSPECIFIED.,.F.,
  .F.,(2,2),(4.712388980385,6.28318530718),.PIECEWISE_BEZIER_KNOTS.);
#1755 = CARTESIAN_POINT('',(0.,30.));
#1756 = CARTESIAN_POINT('',(1.570796326795,30.));
#1757 = ( GEOMETRIC_REPRESENTATION_CONTEXT(2) 
PARAMETRIC_REPRESENTATION_CONTEXT() REPRESENTATION_CONTEXT('2D SPACE',''
  ) );
#1758 = ORIENTED_EDGE('',*,*,#1308,.F.);
#1759 = ADVANCED_FACE('',(#1760),#1380,.T.);
#1760 = FACE_BOUND('',#1761,.T.);
#1761 = EDGE_LOOP('',(#1762,#1763,#1786,#1814));
#1762 = ORIENTED_EDGE('',*,*,#1364,.T.);
#1763 = ORIENTED_EDGE('',*,*,#1764,.T.);
#1764 = EDGE_CURVE('',#1365,#1765,#1767,.T.);
#1765 = VERTEX_POINT('',#1766);
#1766 = CARTESIAN_POINT('',(1.77E+03,675.,270.));
#1767 = SURFACE_CURVE('',#1768,(#1772,#1779),.PCURVE_S1.);
#1768 = LINE('',#1769,#1770);
#1769 = CARTESIAN_POINT('',(900.,675.,270.));
#1770 = VECTOR('',#1771,1.);
#1771 = DIRECTION('',(1.,0.,0.));
#1772 = PCURVE('',#1380,#1773);
#1773 = DEFINITIONAL_REPRESENTATION('',(#1774),#1778);
#1774 = LINE('',#1775,#1776);
#1775 = CARTESIAN_POINT('',(570.,0.));
#1776 = VECTOR('',#1777,1.);
#1777 = DIRECTION('',(0.,1.));
#1778 = ( GEOMETRIC_REPRESENTATION_CONTEXT(2) 
PARAMETRIC_REPRESENTATION_CONTEXT() REPRESENTATION_CONTEXT('2D SPACE',''
  ) );
#1779 = PCURVE('',#1723,#1780);
#1780 = DEFINITIONAL_REPRESENTATION('',(#1781),#1785);
#1781 = LINE('',#1782,#1783);
#1782 = CARTESIAN_POINT('',(0.,0.));
#1783 = VECTOR('',#1784,1.);
#1784 = DIRECTION('',(0.,1.));
#1785 = ( GEOMETRIC_REPRESENTATION_CONTEXT(2) 
PARAMETRIC_REPRESENTATION_CONTEXT() REPRESENTATION_CONTEXT('2D SPACE',''
  ) );
#1786 = ORIENTED_EDGE('',*,*,#1787,.F.);
#1787 = EDGE_CURVE('',#1788,#1765,#1790,.T.);
#1788 = VERTEX_POINT('',#1789);
#1789 = CARTESIAN_POINT('',(1.77E+03,675.,-270.));
#1790 = SURFACE_CURVE('',#1791,(#1795,#1802),.PCURVE_S1.);
#1791 = LINE('',#1792,#1793);
#1792 = CARTESIAN_POINT('',(1.77E+03,675.,-300.));
#1793 = VECTOR('',#1794,1.);
#1794 = DIRECTION('',(0.,0.,1.));
#1795 = PCURVE('',#1380,#1796);
#1796 = DEFINITIONAL_REPRESENTATION('',(#1797),#1801);
#1797 = LINE('',#1798,#1799);
#1798 = CARTESIAN_POINT('',(0.,870.));
#1799 = VECTOR('',#1800,1.);
#1800 = DIRECTION('',(1.,0.));
#1801 = ( GEOMETRIC_REPRESENTATION_CONTEXT(2) 
PARAMETRIC_REPRESENTATION_CONTEXT() REPRESENTATION_CONTEXT('2D SPACE',''
  ) );
#1802 = PCURVE('',#1803,#1808);
#1803 = CYLINDRICAL_SURFACE('',#1804,30.);
#1804 = AXIS2_PLACEMENT_3D('',#1805,#1806,#1807);
#1805 = CARTESIAN_POINT('',(1.77E+03,645.,-300.));
#1806 = DIRECTION('',(0.,0.,1.));
#1807 = DIRECTION('',(1.,0.,0.));
#1808 = DEFINITIONAL_REPRESENTATION('',(#1809),#1813);
#1809 = LINE('',#1810,#1811);
#1810 = CARTESIAN_POINT('',(1.570796326795,0.));
#1811 = VECTOR('',#1812,1.);
#1812 = DIRECTION('',(0.,1.));
#1813 = ( GEOMETRIC_REPRESENTATION_CONTEXT(2) 
PARAMETRIC_REPRESENTATION_CONTEXT() REPRESENTATION_CONTEXT('2D SPACE',''
  ) );
#1814 = ORIENTED_EDGE('',*,*,#1815,.F.);
#1815 = EDGE_CURVE('',#1341,#1788,#1816,.T.);
#1816 = SURFACE_CURVE('',#1817,(#1821,#1828),.PCURVE_S1.);
#1817 = LINE('',#1818,#1819);
#1818 = CARTESIAN_POINT('',(900.,675.,-270.));
#1819 = VECTOR('',#1820,1.);
#1820 = DIRECTION('',(1.,0.,0.));
#1821 = PCURVE('',#1380,#1822);
#1822 = DEFINITIONAL_REPRESENTATION('',(#1823),#1827);
#1823 = LINE('',#1824,#1825);
#1824 = CARTESIAN_POINT('',(30.,0.));
#1825 = VECTOR('',#1826,1.);
#1826 = DIRECTION('',(0.,1.));
#1827 = ( GEOMETRIC_REPRESENTATION_CONTEXT(2) 
PARAMETRIC_REPRESENTATION_CONTEXT() REPRESENTATION_CONTEXT('2D SPACE',''
  ) );
#1828 = PCURVE('',#1617,#1829);
#1829 = DEFINITIONAL_REPRESENTATION('',(#1830),#1834);
#1830 = LINE('',#1831,#1832);
#1831 = CARTESIAN_POINT('',(-0.,0.));
#1832 = VECTOR('',#1833,1.);
#1833 = DIRECTION('',(-0.,1.));
#1834 = ( GEOMETRIC_REPRESENTATION_CONTEXT(2) 
PARAMETRIC_REPRESENTATION_CONTEXT() REPRESENTATION_CONTEXT('2D SPACE',''
  ) );
#1835 = ADVANCED_FACE('',(#1836),#1430,.T.);
#1836 = FACE_BOUND('',#1837,.T.);
#1837 = EDGE_LOOP('',(#1838,#1839,#1840,#1865));
#1838 = ORIENTED_EDGE('',*,*,#1416,.F.);
#1839 = ORIENTED_EDGE('',*,*,#1552,.T.);
#1840 = ORIENTED_EDGE('',*,*,#1841,.T.);
#1841 = EDGE_CURVE('',#1553,#1500,#1842,.T.);
#1842 = SURFACE_CURVE('',#1843,(#1848,#1854),.PCURVE_S1.);
#1843 = CIRCLE('',#1844,30.);
#1844 = AXIS2_PLACEMENT_3D('',#1845,#1846,#1847);
#1845 = CARTESIAN_POINT('',(1.77E+03,-645.,-270.));
#1846 = DIRECTION('',(-1.,-6.123233995737E-17,0.));
#1847 = DIRECTION('',(6.123233995737E-17,-1.,0.));
#1848 = PCURVE('',#1430,#1849);
#1849 = DEFINITIONAL_REPRESENTATION('',(#1850),#1853);
#1850 = B_SPLINE_CURVE_WITH_KNOTS('',1,(#1851,#1852),.UNSPECIFIED.,.F.,
  .F.,(2,2),(4.712388980385,6.28318530718),.PIECEWISE_BEZIER_KNOTS.);
#1851 = CARTESIAN_POINT('',(1.570796326795,870.));
#1852 = CARTESIAN_POINT('',(0.,870.));
#1853 = ( GEOMETRIC_REPRESENTATION_CONTEXT(2) 
PARAMETRIC_REPRESENTATION_CONTEXT() REPRESENTATION_CONTEXT('2D SPACE',''
  ) );
#1854 = PCURVE('',#1855,#1860);
#1855 = SPHERICAL_SURFACE('',#1856,30.);
#1856 = AXIS2_PLACEMENT_3D('',#1857,#1858,#1859);
#1857 = CARTESIAN_POINT('',(1.77E+03,-645.,-270.));
#1858 = DIRECTION('',(0.,0.,1.));
#1859 = DIRECTION('',(1.,0.,0.));
#1860 = DEFINITIONAL_REPRESENTATION('',(#1861),#1864);
#1861 = B_SPLINE_CURVE_WITH_KNOTS('',1,(#1862,#1863),.UNSPECIFIED.,.F.,
  .F.,(2,2),(4.712388980385,6.28318530718),.PIECEWISE_BEZIER_KNOTS.);
#1862 = CARTESIAN_POINT('',(-1.570796326795,-1.570796326795));
#1863 = CARTESIAN_POINT('',(-1.570796326795,0.));
#1864 = ( GEOMETRIC_REPRESENTATION_CONTEXT(2) 
PARAMETRIC_REPRESENTATION_CONTEXT() REPRESENTATION_CONTEXT('2D SPACE',''
  ) );
#1865 = ORIENTED_EDGE('',*,*,#1527,.F.);
#1866 = ADVANCED_FACE('',(#1867),#1460,.T.);
#1867 = FACE_BOUND('',#1868,.F.);
#1868 = EDGE_LOOP('',(#1869,#1870,#1871,#1896));
#1869 = ORIENTED_EDGE('',*,*,#1446,.F.);
#1870 = ORIENTED_EDGE('',*,*,#1658,.T.);
#1871 = ORIENTED_EDGE('',*,*,#1872,.T.);
#1872 = EDGE_CURVE('',#1659,#1477,#1873,.T.);
#1873 = SURFACE_CURVE('',#1874,(#1879,#1885),.PCURVE_S1.);
#1874 = CIRCLE('',#1875,30.);
#1875 = AXIS2_PLACEMENT_3D('',#1876,#1877,#1878);
#1876 = CARTESIAN_POINT('',(1.77E+03,-645.,270.));
#1877 = DIRECTION('',(1.,6.123233995737E-17,0.));
#1878 = DIRECTION('',(6.123233995737E-17,-1.,0.));
#1879 = PCURVE('',#1460,#1880);
#1880 = DEFINITIONAL_REPRESENTATION('',(#1881),#1884);
#1881 = B_SPLINE_CURVE_WITH_KNOTS('',1,(#1882,#1883),.UNSPECIFIED.,.F.,
  .F.,(2,2),(4.712388980385,6.28318530718),.PIECEWISE_BEZIER_KNOTS.);
#1882 = CARTESIAN_POINT('',(-1.570796326795,870.));
#1883 = CARTESIAN_POINT('',(0.,870.));
#1884 = ( GEOMETRIC_REPRESENTATION_CONTEXT(2) 
PARAMETRIC_REPRESENTATION_CONTEXT() REPRESENTATION_CONTEXT('2D SPACE',''
  ) );
#1885 = PCURVE('',#1886,#1891);
#1886 = SPHERICAL_SURFACE('',#1887,30.);
#1887 = AXIS2_PLACEMENT_3D('',#1888,#1889,#1890);
#1888 = CARTESIAN_POINT('',(1.77E+03,-645.,270.));
#1889 = DIRECTION('',(-0.,-0.,-1.));
#1890 = DIRECTION('',(1.,0.,0.));
#1891 = DEFINITIONAL_REPRESENTATION('',(#1892),#1895);
#1892 = B_SPLINE_CURVE_WITH_KNOTS('',1,(#1893,#1894),.UNSPECIFIED.,.F.,
  .F.,(2,2),(4.712388980385,6.28318530718),.PIECEWISE_BEZIER_KNOTS.);
#1893 = CARTESIAN_POINT('',(1.570796326795,-1.570796326795));
#1894 = CARTESIAN_POINT('',(1.570796326795,0.));
#1895 = ( GEOMETRIC_REPRESENTATION_CONTEXT(2) 
PARAMETRIC_REPRESENTATION_CONTEXT() REPRESENTATION_CONTEXT('2D SPACE',''
  ) );
#1896 = ORIENTED_EDGE('',*,*,#1476,.F.);
#1897 = ADVANCED_FACE('',(#1898),#1515,.T.);
#1898 = FACE_BOUND('',#1899,.F.);
#1899 = EDGE_LOOP('',(#1900,#1930,#1952,#1953));
#1900 = ORIENTED_EDGE('',*,*,#1901,.F.);
#1901 = EDGE_CURVE('',#1902,#1904,#1906,.T.);
#1902 = VERTEX_POINT('',#1903);
#1903 = CARTESIAN_POINT('',(1.8E+03,-645.,-270.));
#1904 = VERTEX_POINT('',#1905);
#1905 = CARTESIAN_POINT('',(1.8E+03,-645.,270.));
#1906 = SURFACE_CURVE('',#1907,(#1911,#1918),.PCURVE_S1.);
#1907 = LINE('',#1908,#1909);
#1908 = CARTESIAN_POINT('',(1.8E+03,-645.,-300.));
#1909 = VECTOR('',#1910,1.);
#1910 = DIRECTION('',(0.,0.,1.));
#1911 = PCURVE('',#1515,#1912);
#1912 = DEFINITIONAL_REPRESENTATION('',(#1913),#1917);
#1913 = LINE('',#1914,#1915);
#1914 = CARTESIAN_POINT('',(-0.,0.));
#1915 = VECTOR('',#1916,1.);
#1916 = DIRECTION('',(-0.,1.));
#1917 = ( GEOMETRIC_REPRESENTATION_CONTEXT(2) 
PARAMETRIC_REPRESENTATION_CONTEXT() REPRESENTATION_CONTEXT('2D SPACE',''
  ) );
#1918 = PCURVE('',#1919,#1924);
#1919 = PLANE('',#1920);
#1920 = AXIS2_PLACEMENT_3D('',#1921,#1922,#1923);
#1921 = CARTESIAN_POINT('',(1.8E+03,-675.,-300.));
#1922 = DIRECTION('',(1.,0.,0.));
#1923 = DIRECTION('',(0.,0.,1.));
#1924 = DEFINITIONAL_REPRESENTATION('',(#1925),#1929);
#1925 = LINE('',#1926,#1927);
#1926 = CARTESIAN_POINT('',(0.,-30.));
#1927 = VECTOR('',#1928,1.);
#1928 = DIRECTION('',(1.,0.));
#1929 = ( GEOMETRIC_REPRESENTATION_CONTEXT(2) 
PARAMETRIC_REPRESENTATION_CONTEXT() REPRESENTATION_CONTEXT('2D SPACE',''
  ) );
#1930 = ORIENTED_EDGE('',*,*,#1931,.T.);
#1931 = EDGE_CURVE('',#1902,#1500,#1932,.T.);
#1932 = SURFACE_CURVE('',#1933,(#1938,#1945),.PCURVE_S1.);
#1933 = CIRCLE('',#1934,30.);
#1934 = AXIS2_PLACEMENT_3D('',#1935,#1936,#1937);
#1935 = CARTESIAN_POINT('',(1.77E+03,-645.,-270.));
#1936 = DIRECTION('',(0.,0.,-1.));
#1937 = DIRECTION('',(1.,0.,0.));
#1938 = PCURVE('',#1515,#1939);
#1939 = DEFINITIONAL_REPRESENTATION('',(#1940),#1944);
#1940 = LINE('',#1941,#1942);
#1941 = CARTESIAN_POINT('',(-0.,30.));
#1942 = VECTOR('',#1943,1.);
#1943 = DIRECTION('',(-1.,0.));
#1944 = ( GEOMETRIC_REPRESENTATION_CONTEXT(2) 
PARAMETRIC_REPRESENTATION_CONTEXT() REPRESENTATION_CONTEXT('2D SPACE',''
  ) );
#1945 = PCURVE('',#1855,#1946);
#1946 = DEFINITIONAL_REPRESENTATION('',(#1947),#1951);
#1947 = LINE('',#1948,#1949);
#1948 = CARTESIAN_POINT('',(-0.,0.));
#1949 = VECTOR('',#1950,1.);
#1950 = DIRECTION('',(-1.,0.));
#1951 = ( GEOMETRIC_REPRESENTATION_CONTEXT(2) 
PARAMETRIC_REPRESENTATION_CONTEXT() REPRESENTATION_CONTEXT('2D SPACE',''
  ) );
#1952 = ORIENTED_EDGE('',*,*,#1499,.T.);
#1953 = ORIENTED_EDGE('',*,*,#1954,.F.);
#1954 = EDGE_CURVE('',#1904,#1477,#1955,.T.);
#1955 = SURFACE_CURVE('',#1956,(#1961,#1968),.PCURVE_S1.);
#1956 = CIRCLE('',#1957,30.);
#1957 = AXIS2_PLACEMENT_3D('',#1958,#1959,#1960);
#1958 = CARTESIAN_POINT('',(1.77E+03,-645.,270.));
#1959 = DIRECTION('',(0.,0.,-1.));
#1960 = DIRECTION('',(1.,0.,0.));
#1961 = PCURVE('',#1515,#1962);
#1962 = DEFINITIONAL_REPRESENTATION('',(#1963),#1967);
#1963 = LINE('',#1964,#1965);
#1964 = CARTESIAN_POINT('',(-0.,570.));
#1965 = VECTOR('',#1966,1.);
#1966 = DIRECTION('',(-1.,0.));
#1967 = ( GEOMETRIC_REPRESENTATION_CONTEXT(2) 
PARAMETRIC_REPRESENTATION_CONTEXT() REPRESENTATION_CONTEXT('2D SPACE',''
  ) );
#1968 = PCURVE('',#1886,#1969);
#1969 = DEFINITIONAL_REPRESENTATION('',(#1970),#1974);
#1970 = LINE('',#1971,#1972);
#1971 = CARTESIAN_POINT('',(0.,0.));
#1972 = VECTOR('',#1973,1.);
#1973 = DIRECTION('',(1.,0.));
#1974 = ( GEOMETRIC_REPRESENTATION_CONTEXT(2) 
PARAMETRIC_REPRESENTATION_CONTEXT() REPRESENTATION_CONTEXT('2D SPACE',''
  ) );
#1975 = ADVANCED_FACE('',(#1976),#1617,.T.);
#1976 = FACE_BOUND('',#1977,.F.);
#1977 = EDGE_LOOP('',(#1978,#1979,#1980,#2005));
#1978 = ORIENTED_EDGE('',*,*,#1633,.F.);
#1979 = ORIENTED_EDGE('',*,*,#1603,.T.);
#1980 = ORIENTED_EDGE('',*,*,#1981,.T.);
#1981 = EDGE_CURVE('',#1576,#1788,#1982,.T.);
#1982 = SURFACE_CURVE('',#1983,(#1988,#1994),.PCURVE_S1.);
#1983 = CIRCLE('',#1984,30.);
#1984 = AXIS2_PLACEMENT_3D('',#1985,#1986,#1987);
#1985 = CARTESIAN_POINT('',(1.77E+03,645.,-270.));
#1986 = DIRECTION('',(1.,-6.123233995737E-17,0.));
#1987 = DIRECTION('',(6.123233995737E-17,1.,0.));
#1988 = PCURVE('',#1617,#1989);
#1989 = DEFINITIONAL_REPRESENTATION('',(#1990),#1993);
#1990 = B_SPLINE_CURVE_WITH_KNOTS('',1,(#1991,#1992),.UNSPECIFIED.,.F.,
  .F.,(2,2),(4.712388980385,6.28318530718),.PIECEWISE_BEZIER_KNOTS.);
#1991 = CARTESIAN_POINT('',(-1.570796326795,870.));
#1992 = CARTESIAN_POINT('',(0.,870.));
#1993 = ( GEOMETRIC_REPRESENTATION_CONTEXT(2) 
PARAMETRIC_REPRESENTATION_CONTEXT() REPRESENTATION_CONTEXT('2D SPACE',''
  ) );
#1994 = PCURVE('',#1995,#2000);
#1995 = SPHERICAL_SURFACE('',#1996,30.);
#1996 = AXIS2_PLACEMENT_3D('',#1997,#1998,#1999);
#1997 = CARTESIAN_POINT('',(1.77E+03,645.,-270.));
#1998 = DIRECTION('',(0.,0.,1.));
#1999 = DIRECTION('',(1.,0.,0.));
#2000 = DEFINITIONAL_REPRESENTATION('',(#2001),#2004);
#2001 = B_SPLINE_CURVE_WITH_KNOTS('',1,(#2002,#2003),.UNSPECIFIED.,.F.,
  .F.,(2,2),(4.712388980385,6.28318530718),.PIECEWISE_BEZIER_KNOTS.);
#2002 = CARTESIAN_POINT('',(1.570796326795,-1.570796326795));
#2003 = CARTESIAN_POINT('',(1.570796326795,0.));
#2004 = ( GEOMETRIC_REPRESENTATION_CONTEXT(2) 
PARAMETRIC_REPRESENTATION_CONTEXT() REPRESENTATION_CONTEXT('2D SPACE',''
  ) );
#2005 = ORIENTED_EDGE('',*,*,#1815,.F.);
#2006 = ADVANCED_FACE('',(#2007),#1591,.T.);
#2007 = FACE_BOUND('',#2008,.T.);
#2008 = EDGE_LOOP('',(#2009,#2029,#2030,#2052));
#2009 = ORIENTED_EDGE('',*,*,#2010,.F.);
#2010 = EDGE_CURVE('',#1553,#1902,#2011,.T.);
#2011 = SURFACE_CURVE('',#2012,(#2017,#2023),.PCURVE_S1.);
#2012 = CIRCLE('',#2013,30.);
#2013 = AXIS2_PLACEMENT_3D('',#2014,#2015,#2016);
#2014 = CARTESIAN_POINT('',(1.77E+03,-645.,-270.));
#2015 = DIRECTION('',(0.,-1.,0.));
#2016 = DIRECTION('',(1.,0.,0.));
#2017 = PCURVE('',#1591,#2018);
#2018 = DEFINITIONAL_REPRESENTATION('',(#2019),#2022);
#2019 = B_SPLINE_CURVE_WITH_KNOTS('',1,(#2020,#2021),.UNSPECIFIED.,.F.,
  .F.,(2,2),(4.712388980385,6.28318530718),.PIECEWISE_BEZIER_KNOTS.);
#2020 = CARTESIAN_POINT('',(1.570796326795,30.));
#2021 = CARTESIAN_POINT('',(0.,30.));
#2022 = ( GEOMETRIC_REPRESENTATION_CONTEXT(2) 
PARAMETRIC_REPRESENTATION_CONTEXT() REPRESENTATION_CONTEXT('2D SPACE',''
  ) );
#2023 = PCURVE('',#1855,#2024);
#2024 = DEFINITIONAL_REPRESENTATION('',(#2025),#2028);
#2025 = B_SPLINE_CURVE_WITH_KNOTS('',1,(#2026,#2027),.UNSPECIFIED.,.F.,
  .F.,(2,2),(4.712388980385,6.28318530718),.PIECEWISE_BEZIER_KNOTS.);
#2026 = CARTESIAN_POINT('',(0.,-1.570796326795));
#2027 = CARTESIAN_POINT('',(0.,0.));
#2028 = ( GEOMETRIC_REPRESENTATION_CONTEXT(2) 
PARAMETRIC_REPRESENTATION_CONTEXT() REPRESENTATION_CONTEXT('2D SPACE',''
  ) );
#2029 = ORIENTED_EDGE('',*,*,#1575,.T.);
#2030 = ORIENTED_EDGE('',*,*,#2031,.T.);
#2031 = EDGE_CURVE('',#1576,#2032,#2034,.T.);
#2032 = VERTEX_POINT('',#2033);
#2033 = CARTESIAN_POINT('',(1.8E+03,645.,-270.));
#2034 = SURFACE_CURVE('',#2035,(#2040,#2046),.PCURVE_S1.);
#2035 = CIRCLE('',#2036,30.);
#2036 = AXIS2_PLACEMENT_3D('',#2037,#2038,#2039);
#2037 = CARTESIAN_POINT('',(1.77E+03,645.,-270.));
#2038 = DIRECTION('',(0.,-1.,0.));
#2039 = DIRECTION('',(1.,0.,0.));
#2040 = PCURVE('',#1591,#2041);
#2041 = DEFINITIONAL_REPRESENTATION('',(#2042),#2045);
#2042 = B_SPLINE_CURVE_WITH_KNOTS('',1,(#2043,#2044),.UNSPECIFIED.,.F.,
  .F.,(2,2),(4.712388980385,6.28318530718),.PIECEWISE_BEZIER_KNOTS.);
#2043 = CARTESIAN_POINT('',(1.570796326795,1.32E+03));
#2044 = CARTESIAN_POINT('',(0.,1.32E+03));
#2045 = ( GEOMETRIC_REPRESENTATION_CONTEXT(2) 
PARAMETRIC_REPRESENTATION_CONTEXT() REPRESENTATION_CONTEXT('2D SPACE',''
  ) );
#2046 = PCURVE('',#1995,#2047);
#2047 = DEFINITIONAL_REPRESENTATION('',(#2048),#2051);
#2048 = B_SPLINE_CURVE_WITH_KNOTS('',1,(#2049,#2050),.UNSPECIFIED.,.F.,
  .F.,(2,2),(4.712388980385,6.28318530718),.PIECEWISE_BEZIER_KNOTS.);
#2049 = CARTESIAN_POINT('',(0.,-1.570796326795));
#2050 = CARTESIAN_POINT('',(0.,0.));
#2051 = ( GEOMETRIC_REPRESENTATION_CONTEXT(2) 
PARAMETRIC_REPRESENTATION_CONTEXT() REPRESENTATION_CONTEXT('2D SPACE',''
  ) );
#2052 = ORIENTED_EDGE('',*,*,#2053,.F.);
#2053 = EDGE_CURVE('',#1902,#2032,#2054,.T.);
#2054 = SURFACE_CURVE('',#2055,(#2059,#2066),.PCURVE_S1.);
#2055 = LINE('',#2056,#2057);
#2056 = CARTESIAN_POINT('',(1.8E+03,-675.,-270.));
#2057 = VECTOR('',#2058,1.);
#2058 = DIRECTION('',(0.,1.,0.));
#2059 = PCURVE('',#1591,#2060);
#2060 = DEFINITIONAL_REPRESENTATION('',(#2061),#2065);
#2061 = LINE('',#2062,#2063);
#2062 = CARTESIAN_POINT('',(0.,0.));
#2063 = VECTOR('',#2064,1.);
#2064 = DIRECTION('',(0.,1.));
#2065 = ( GEOMETRIC_REPRESENTATION_CONTEXT(2) 
PARAMETRIC_REPRESENTATION_CONTEXT() REPRESENTATION_CONTEXT('2D SPACE',''
  ) );
#2066 = PCURVE('',#1919,#2067);
#2067 = DEFINITIONAL_REPRESENTATION('',(#2068),#2072);
#2068 = LINE('',#2069,#2070);
#2069 = CARTESIAN_POINT('',(30.,0.));
#2070 = VECTOR('',#2071,1.);
#2071 = DIRECTION('',(0.,-1.));
#2072 = ( GEOMETRIC_REPRESENTATION_CONTEXT(2) 
PARAMETRIC_REPRESENTATION_CONTEXT() REPRESENTATION_CONTEXT('2D SPACE',''
  ) );
#2073 = ADVANCED_FACE('',(#2074),#1723,.T.);
#2074 = FACE_BOUND('',#2075,.T.);
#2075 = EDGE_LOOP('',(#2076,#2077,#2078,#2103));
#2076 = ORIENTED_EDGE('',*,*,#1739,.T.);
#2077 = ORIENTED_EDGE('',*,*,#1709,.T.);
#2078 = ORIENTED_EDGE('',*,*,#2079,.F.);
#2079 = EDGE_CURVE('',#1765,#1682,#2080,.T.);
#2080 = SURFACE_CURVE('',#2081,(#2086,#2092),.PCURVE_S1.);
#2081 = CIRCLE('',#2082,30.);
#2082 = AXIS2_PLACEMENT_3D('',#2083,#2084,#2085);
#2083 = CARTESIAN_POINT('',(1.77E+03,645.,270.));
#2084 = DIRECTION('',(1.,0.,-6.123233995737E-17));
#2085 = DIRECTION('',(6.123233995737E-17,0.,1.));
#2086 = PCURVE('',#1723,#2087);
#2087 = DEFINITIONAL_REPRESENTATION('',(#2088),#2091);
#2088 = B_SPLINE_CURVE_WITH_KNOTS('',1,(#2089,#2090),.UNSPECIFIED.,.F.,
  .F.,(2,2),(4.712388980385,6.28318530718),.PIECEWISE_BEZIER_KNOTS.);
#2089 = CARTESIAN_POINT('',(0.,870.));
#2090 = CARTESIAN_POINT('',(1.570796326795,870.));
#2091 = ( GEOMETRIC_REPRESENTATION_CONTEXT(2) 
PARAMETRIC_REPRESENTATION_CONTEXT() REPRESENTATION_CONTEXT('2D SPACE',''
  ) );
#2092 = PCURVE('',#2093,#2098);
#2093 = SPHERICAL_SURFACE('',#2094,30.);
#2094 = AXIS2_PLACEMENT_3D('',#2095,#2096,#2097);
#2095 = CARTESIAN_POINT('',(1.77E+03,645.,270.));
#2096 = DIRECTION('',(-0.,-1.,-0.));
#2097 = DIRECTION('',(1.,0.,0.));
#2098 = DEFINITIONAL_REPRESENTATION('',(#2099),#2102);
#2099 = B_SPLINE_CURVE_WITH_KNOTS('',1,(#2100,#2101),.UNSPECIFIED.,.F.,
  .F.,(2,2),(4.712388980385,6.28318530718),.PIECEWISE_BEZIER_KNOTS.);
#2100 = CARTESIAN_POINT('',(1.570796326795,-1.570796326795));
#2101 = CARTESIAN_POINT('',(1.570796326795,0.));
#2102 = ( GEOMETRIC_REPRESENTATION_CONTEXT(2) 
PARAMETRIC_REPRESENTATION_CONTEXT() REPRESENTATION_CONTEXT('2D SPACE',''
  ) );
#2103 = ORIENTED_EDGE('',*,*,#1764,.F.);
#2104 = ADVANCED_FACE('',(#2105),#1697,.T.);
#2105 = FACE_BOUND('',#2106,.F.);
#2106 = EDGE_LOOP('',(#2107,#2127,#2128,#2152));
#2107 = ORIENTED_EDGE('',*,*,#2108,.F.);
#2108 = EDGE_CURVE('',#1659,#1904,#2109,.T.);
#2109 = SURFACE_CURVE('',#2110,(#2115,#2121),.PCURVE_S1.);
#2110 = CIRCLE('',#2111,30.);
#2111 = AXIS2_PLACEMENT_3D('',#2112,#2113,#2114);
#2112 = CARTESIAN_POINT('',(1.77E+03,-645.,270.));
#2113 = DIRECTION('',(-0.,1.,0.));
#2114 = DIRECTION('',(1.,0.,0.));
#2115 = PCURVE('',#1697,#2116);
#2116 = DEFINITIONAL_REPRESENTATION('',(#2117),#2120);
#2117 = B_SPLINE_CURVE_WITH_KNOTS('',1,(#2118,#2119),.UNSPECIFIED.,.F.,
  .F.,(2,2),(4.712388980385,6.28318530718),.PIECEWISE_BEZIER_KNOTS.);
#2118 = CARTESIAN_POINT('',(-1.570796326795,30.));
#2119 = CARTESIAN_POINT('',(0.,30.));
#2120 = ( GEOMETRIC_REPRESENTATION_CONTEXT(2) 
PARAMETRIC_REPRESENTATION_CONTEXT() REPRESENTATION_CONTEXT('2D SPACE',''
  ) );
#2121 = PCURVE('',#1886,#2122);
#2122 = DEFINITIONAL_REPRESENTATION('',(#2123),#2126);
#2123 = B_SPLINE_CURVE_WITH_KNOTS('',1,(#2124,#2125),.UNSPECIFIED.,.F.,
  .F.,(2,2),(4.712388980385,6.28318530718),.PIECEWISE_BEZIER_KNOTS.);
#2124 = CARTESIAN_POINT('',(0.,-1.570796326795));
#2125 = CARTESIAN_POINT('',(0.,0.));
#2126 = ( GEOMETRIC_REPRESENTATION_CONTEXT(2) 
PARAMETRIC_REPRESENTATION_CONTEXT() REPRESENTATION_CONTEXT('2D SPACE',''
  ) );
#2127 = ORIENTED_EDGE('',*,*,#1681,.T.);
#2128 = ORIENTED_EDGE('',*,*,#2129,.F.);
#2129 = EDGE_CURVE('',#2130,#1682,#2132,.T.);
#2130 = VERTEX_POINT('',#2131);
#2131 = CARTESIAN_POINT('',(1.8E+03,645.,270.));
#2132 = SURFACE_CURVE('',#2133,(#2138,#2145),.PCURVE_S1.);
#2133 = CIRCLE('',#2134,30.);
#2134 = AXIS2_PLACEMENT_3D('',#2135,#2136,#2137);
#2135 = CARTESIAN_POINT('',(1.77E+03,645.,270.));
#2136 = DIRECTION('',(0.,-1.,0.));
#2137 = DIRECTION('',(1.,0.,0.));
#2138 = PCURVE('',#1697,#2139);
#2139 = DEFINITIONAL_REPRESENTATION('',(#2140),#2144);
#2140 = LINE('',#2141,#2142);
#2141 = CARTESIAN_POINT('',(-0.,1.32E+03));
#2142 = VECTOR('',#2143,1.);
#2143 = DIRECTION('',(-1.,0.));
#2144 = ( GEOMETRIC_REPRESENTATION_CONTEXT(2) 
PARAMETRIC_REPRESENTATION_CONTEXT() REPRESENTATION_CONTEXT('2D SPACE',''
  ) );
#2145 = PCURVE('',#2093,#2146);
#2146 = DEFINITIONAL_REPRESENTATION('',(#2147),#2151);
#2147 = LINE('',#2148,#2149);
#2148 = CARTESIAN_POINT('',(0.,0.));
#2149 = VECTOR('',#2150,1.);
#2150 = DIRECTION('',(1.,0.));
#2151 = ( GEOMETRIC_REPRESENTATION_CONTEXT(2) 
PARAMETRIC_REPRESENTATION_CONTEXT() REPRESENTATION_CONTEXT('2D SPACE',''
  ) );
#2152 = ORIENTED_EDGE('',*,*,#2153,.F.);
#2153 = EDGE_CURVE('',#1904,#2130,#2154,.T.);
#2154 = SURFACE_CURVE('',#2155,(#2159,#2166),.PCURVE_S1.);
#2155 = LINE('',#2156,#2157);
#2156 = CARTESIAN_POINT('',(1.8E+03,-675.,270.));
#2157 = VECTOR('',#2158,1.);
#2158 = DIRECTION('',(0.,1.,0.));
#2159 = PCURVE('',#1697,#2160);
#2160 = DEFINITIONAL_REPRESENTATION('',(#2161),#2165);
#2161 = LINE('',#2162,#2163);
#2162 = CARTESIAN_POINT('',(-0.,0.));
#2163 = VECTOR('',#2164,1.);
#2164 = DIRECTION('',(-0.,1.));
#2165 = ( GEOMETRIC_REPRESENTATION_CONTEXT(2) 
PARAMETRIC_REPRESENTATION_CONTEXT() REPRESENTATION_CONTEXT('2D SPACE',''
  ) );
#2166 = PCURVE('',#1919,#2167);
#2167 = DEFINITIONAL_REPRESENTATION('',(#2168),#2172);
#2168 = LINE('',#2169,#2170);
#2169 = CARTESIAN_POINT('',(570.,0.));
#2170 = VECTOR('',#2171,1.);
#2171 = DIRECTION('',(0.,-1.));
#2172 = ( GEOMETRIC_REPRESENTATION_CONTEXT(2) 
PARAMETRIC_REPRESENTATION_CONTEXT() REPRESENTATION_CONTEXT('2D SPACE',''
  ) );
#2173 = ADVANCED_FACE('',(#2174),#1803,.T.);
#2174 = FACE_BOUND('',#2175,.T.);
#2175 = EDGE_LOOP('',(#2176,#2197,#2219,#2220));
#2176 = ORIENTED_EDGE('',*,*,#2177,.F.);
#2177 = EDGE_CURVE('',#2032,#2130,#2178,.T.);
#2178 = SURFACE_CURVE('',#2179,(#2183,#2190),.PCURVE_S1.);
#2179 = LINE('',#2180,#2181);
#2180 = CARTESIAN_POINT('',(1.8E+03,645.,-300.));
#2181 = VECTOR('',#2182,1.);
#2182 = DIRECTION('',(0.,0.,1.));
#2183 = PCURVE('',#1803,#2184);
#2184 = DEFINITIONAL_REPRESENTATION('',(#2185),#2189);
#2185 = LINE('',#2186,#2187);
#2186 = CARTESIAN_POINT('',(0.,0.));
#2187 = VECTOR('',#2188,1.);
#2188 = DIRECTION('',(0.,1.));
#2189 = ( GEOMETRIC_REPRESENTATION_CONTEXT(2) 
PARAMETRIC_REPRESENTATION_CONTEXT() REPRESENTATION_CONTEXT('2D SPACE',''
  ) );
#2190 = PCURVE('',#1919,#2191);
#2191 = DEFINITIONAL_REPRESENTATION('',(#2192),#2196);
#2192 = LINE('',#2193,#2194);
#2193 = CARTESIAN_POINT('',(0.,-1.32E+03));
#2194 = VECTOR('',#2195,1.);
#2195 = DIRECTION('',(1.,0.));
#2196 = ( GEOMETRIC_REPRESENTATION_CONTEXT(2) 
PARAMETRIC_REPRESENTATION_CONTEXT() REPRESENTATION_CONTEXT('2D SPACE',''
  ) );
#2197 = ORIENTED_EDGE('',*,*,#2198,.T.);
#2198 = EDGE_CURVE('',#2032,#1788,#2199,.T.);
#2199 = SURFACE_CURVE('',#2200,(#2205,#2212),.PCURVE_S1.);
#2200 = CIRCLE('',#2201,30.);
#2201 = AXIS2_PLACEMENT_3D('',#2202,#2203,#2204);
#2202 = CARTESIAN_POINT('',(1.77E+03,645.,-270.));
#2203 = DIRECTION('',(0.,0.,1.));
#2204 = DIRECTION('',(1.,0.,0.));
#2205 = PCURVE('',#1803,#2206);
#2206 = DEFINITIONAL_REPRESENTATION('',(#2207),#2211);
#2207 = LINE('',#2208,#2209);
#2208 = CARTESIAN_POINT('',(0.,30.));
#2209 = VECTOR('',#2210,1.);
#2210 = DIRECTION('',(1.,0.));
#2211 = ( GEOMETRIC_REPRESENTATION_CONTEXT(2) 
PARAMETRIC_REPRESENTATION_CONTEXT() REPRESENTATION_CONTEXT('2D SPACE',''
  ) );
#2212 = PCURVE('',#1995,#2213);
#2213 = DEFINITIONAL_REPRESENTATION('',(#2214),#2218);
#2214 = LINE('',#2215,#2216);
#2215 = CARTESIAN_POINT('',(0.,0.));
#2216 = VECTOR('',#2217,1.);
#2217 = DIRECTION('',(1.,0.));
#2218 = ( GEOMETRIC_REPRESENTATION_CONTEXT(2) 
PARAMETRIC_REPRESENTATION_CONTEXT() REPRESENTATION_CONTEXT('2D SPACE',''
  ) );
#2219 = ORIENTED_EDGE('',*,*,#1787,.T.);
#2220 = ORIENTED_EDGE('',*,*,#2221,.T.);
#2221 = EDGE_CURVE('',#1765,#2130,#2222,.T.);
#2222 = SURFACE_CURVE('',#2223,(#2228,#2234),.PCURVE_S1.);
#2223 = CIRCLE('',#2224,30.);
#2224 = AXIS2_PLACEMENT_3D('',#2225,#2226,#2227);
#2225 = CARTESIAN_POINT('',(1.77E+03,645.,270.));
#2226 = DIRECTION('',(0.,0.,-1.));
#2227 = DIRECTION('',(1.,0.,0.));
#2228 = PCURVE('',#1803,#2229);
#2229 = DEFINITIONAL_REPRESENTATION('',(#2230),#2233);
#2230 = B_SPLINE_CURVE_WITH_KNOTS('',1,(#2231,#2232),.UNSPECIFIED.,.F.,
  .F.,(2,2),(4.712388980385,6.28318530718),.PIECEWISE_BEZIER_KNOTS.);
#2231 = CARTESIAN_POINT('',(1.570796326795,570.));
#2232 = CARTESIAN_POINT('',(0.,570.));
#2233 = ( GEOMETRIC_REPRESENTATION_CONTEXT(2) 
PARAMETRIC_REPRESENTATION_CONTEXT() REPRESENTATION_CONTEXT('2D SPACE',''
  ) );
#2234 = PCURVE('',#2093,#2235);
#2235 = DEFINITIONAL_REPRESENTATION('',(#2236),#2239);
#2236 = B_SPLINE_CURVE_WITH_KNOTS('',1,(#2237,#2238),.UNSPECIFIED.,.F.,
  .F.,(2,2),(4.712388980385,6.28318530718),.PIECEWISE_BEZIER_KNOTS.);
#2237 = CARTESIAN_POINT('',(0.,-1.570796326795));
#2238 = CARTESIAN_POINT('',(0.,0.));
#2239 = ( GEOMETRIC_REPRESENTATION_CONTEXT(2) 
PARAMETRIC_REPRESENTATION_CONTEXT() REPRESENTATION_CONTEXT('2D SPACE',''
  ) );
#2240 = ADVANCED_FACE('',(#2241),#1855,.T.);
#2241 = FACE_BOUND('',#2242,.F.);
#2242 = EDGE_LOOP('',(#2243,#2244,#2245));
#2243 = ORIENTED_EDGE('',*,*,#2010,.F.);
#2244 = ORIENTED_EDGE('',*,*,#1841,.T.);
#2245 = ORIENTED_EDGE('',*,*,#1931,.F.);
#2246 = ADVANCED_FACE('',(#2247),#1886,.T.);
#2247 = FACE_BOUND('',#2248,.T.);
#2248 = EDGE_LOOP('',(#2249,#2250,#2251));
#2249 = ORIENTED_EDGE('',*,*,#2108,.F.);
#2250 = ORIENTED_EDGE('',*,*,#1872,.T.);
#2251 = ORIENTED_EDGE('',*,*,#1954,.F.);
#2252 = ADVANCED_FACE('',(#2253),#1919,.T.);
#2253 = FACE_BOUND('',#2254,.T.);
#2254 = EDGE_LOOP('',(#2255,#2256,#2257,#2258));
#2255 = ORIENTED_EDGE('',*,*,#1901,.F.);
#2256 = ORIENTED_EDGE('',*,*,#2053,.T.);
#2257 = ORIENTED_EDGE('',*,*,#2177,.T.);
#2258 = ORIENTED_EDGE('',*,*,#2153,.F.);
#2259 = ADVANCED_FACE('',(#2260),#1995,.T.);
#2260 = FACE_BOUND('',#2261,.T.);
#2261 = EDGE_LOOP('',(#2262,#2263,#2264));
#2262 = ORIENTED_EDGE('',*,*,#2031,.F.);
#2263 = ORIENTED_EDGE('',*,*,#1981,.T.);
#2264 = ORIENTED_EDGE('',*,*,#2198,.F.);
#2265 = ADVANCED_FACE('',(#2266),#2093,.T.);
#2266 = FACE_BOUND('',#2267,.T.);
#2267 = EDGE_LOOP('',(#2268,#2269,#2270));
#2268 = ORIENTED_EDGE('',*,*,#2221,.F.);
#2269 = ORIENTED_EDGE('',*,*,#2079,.T.);
#2270 = ORIENTED_EDGE('',*,*,#2129,.F.);
#2271 = ( GEOMETRIC_REPRESENTATION_CONTEXT(3) 
GLOBAL_UNCERTAINTY_ASSIGNED_CONTEXT((#2275)) 
GLOBAL_UNIT_ASSIGNED_CONTEXT((#2272,#2273,#2274)) REPRESENTATION_CONTEXT
('Context #1','3D Context with UNIT and UNCERTAINTY') );
#2272 = ( LENGTH_UNIT() NAMED_UNIT(*) SI_UNIT(.MILLI.,.METRE.) );
#2273 = ( NAMED_UNIT(*) PLANE_ANGLE_UNIT() SI_UNIT($,.RADIAN.) );
#2274 = ( NAMED_UNIT(*) SI_UNIT($,.STERADIAN.) SOLID_ANGLE_UNIT() );
#2275 = UNCERTAINTY_MEASURE_WITH_UNIT(LENGTH_MEASURE(1.E-07),#2272,
  'distance_accuracy_value','confusion accuracy');
#2276 = PRODUCT_RELATED_PRODUCT_CATEGORY('part',$,(#961));
#2277 = SHAPE_DEFINITION_REPRESENTATION(#2278,#2284);
#2278 = PRODUCT_DEFINITION_SHAPE('','',#2279);
#2279 = PRODUCT_DEFINITION('design','',#2280,#2283);
#2280 = PRODUCT_DEFINITION_FORMATION('','',#2281);
#2281 = PRODUCT('Truss_Array','Truss_Array','',(#2282));
#2282 = PRODUCT_CONTEXT('',#2,'mechanical');
#2283 = PRODUCT_DEFINITION_CONTEXT('part definition',#2,'design');
#2284 = SHAPE_REPRESENTATION('',(#11,#2285,#2383,#2481),#2579);
#2285 = MANIFOLD_SOLID_BREP('',#2286);
#2286 = CLOSED_SHELL('',(#2287,#2375,#2379));
#2287 = ADVANCED_FACE('',(#2288),#2301,.T.);
#2288 = FACE_BOUND('',#2289,.T.);
#2289 = EDGE_LOOP('',(#2290,#2324,#2347,#2374));
#2290 = ORIENTED_EDGE('',*,*,#2291,.F.);
#2291 = EDGE_CURVE('',#2292,#2292,#2294,.T.);
#2292 = VERTEX_POINT('',#2293);
#2293 = CARTESIAN_POINT('',(3.9E+03,825.075,-59.925));
#2294 = SURFACE_CURVE('',#2295,(#2300,#2312),.PCURVE_S1.);
#2295 = CIRCLE('',#2296,60.);
#2296 = AXIS2_PLACEMENT_3D('',#2297,#2298,#2299);
#2297 = CARTESIAN_POINT('',(3.9E+03,825.075,7.499999999985E-02));
#2298 = DIRECTION('',(1.,0.,-2.22044604925E-16));
#2299 = DIRECTION('',(-2.22044604925E-16,0.,-1.));
#2300 = PCURVE('',#2301,#2306);
#2301 = CYLINDRICAL_SURFACE('',#2302,60.);
#2302 = AXIS2_PLACEMENT_3D('',#2303,#2304,#2305);
#2303 = CARTESIAN_POINT('',(3.225E+03,825.075,7.5E-02));
#2304 = DIRECTION('',(1.,0.,-2.22044604925E-16));
#2305 = DIRECTION('',(-2.22044604925E-16,0.,-1.));
#2306 = DEFINITIONAL_REPRESENTATION('',(#2307),#2311);
#2307 = LINE('',#2308,#2309);
#2308 = CARTESIAN_POINT('',(0.,675.));
#2309 = VECTOR('',#2310,1.);
#2310 = DIRECTION('',(1.,0.));
#2311 = ( GEOMETRIC_REPRESENTATION_CONTEXT(2) 
PARAMETRIC_REPRESENTATION_CONTEXT() REPRESENTATION_CONTEXT('2D SPACE',''
  ) );
#2312 = PCURVE('',#2313,#2318);
#2313 = PLANE('',#2314);
#2314 = AXIS2_PLACEMENT_3D('',#2315,#2316,#2317);
#2315 = CARTESIAN_POINT('',(3.9E+03,825.075,7.499999999985E-02));
#2316 = DIRECTION('',(1.,0.,-2.22044604925E-16));
#2317 = DIRECTION('',(-2.22044604925E-16,0.,-1.));
#2318 = DEFINITIONAL_REPRESENTATION('',(#2319),#2323);
#2319 = CIRCLE('',#2320,60.);
#2320 = AXIS2_PLACEMENT_2D('',#2321,#2322);
#2321 = CARTESIAN_POINT('',(0.,0.));
#2322 = DIRECTION('',(1.,0.));
#2323 = ( GEOMETRIC_REPRESENTATION_CONTEXT(2) 
PARAMETRIC_REPRESENTATION_CONTEXT() REPRESENTATION_CONTEXT('2D SPACE',''
  ) );
#2324 = ORIENTED_EDGE('',*,*,#2325,.F.);
#2325 = EDGE_CURVE('',#2326,#2292,#2328,.T.);
#2326 = VERTEX_POINT('',#2327);
#2327 = CARTESIAN_POINT('',(3.225E+03,825.075,-59.925));
#2328 = SEAM_CURVE('',#2329,(#2333,#2340),.PCURVE_S1.);
#2329 = LINE('',#2330,#2331);
#2330 = CARTESIAN_POINT('',(3.225E+03,825.075,-59.925));
#2331 = VECTOR('',#2332,1.);
#2332 = DIRECTION('',(1.,0.,-2.22044604925E-16));
#2333 = PCURVE('',#2301,#2334);
#2334 = DEFINITIONAL_REPRESENTATION('',(#2335),#2339);
#2335 = LINE('',#2336,#2337);
#2336 = CARTESIAN_POINT('',(6.28318530718,-0.));
#2337 = VECTOR('',#2338,1.);
#2338 = DIRECTION('',(0.,1.));
#2339 = ( GEOMETRIC_REPRESENTATION_CONTEXT(2) 
PARAMETRIC_REPRESENTATION_CONTEXT() REPRESENTATION_CONTEXT('2D SPACE',''
  ) );
#2340 = PCURVE('',#2301,#2341);
#2341 = DEFINITIONAL_REPRESENTATION('',(#2342),#2346);
#2342 = LINE('',#2343,#2344);
#2343 = CARTESIAN_POINT('',(0.,-0.));
#2344 = VECTOR('',#2345,1.);
#2345 = DIRECTION('',(0.,1.));
#2346 = ( GEOMETRIC_REPRESENTATION_CONTEXT(2) 
PARAMETRIC_REPRESENTATION_CONTEXT() REPRESENTATION_CONTEXT('2D SPACE',''
  ) );
#2347 = ORIENTED_EDGE('',*,*,#2348,.T.);
#2348 = EDGE_CURVE('',#2326,#2326,#2349,.T.);
#2349 = SURFACE_CURVE('',#2350,(#2355,#2362),.PCURVE_S1.);
#2350 = CIRCLE('',#2351,60.);
#2351 = AXIS2_PLACEMENT_3D('',#2352,#2353,#2354);
#2352 = CARTESIAN_POINT('',(3.225E+03,825.075,7.5E-02));
#2353 = DIRECTION('',(1.,0.,-2.22044604925E-16));
#2354 = DIRECTION('',(-2.22044604925E-16,0.,-1.));
#2355 = PCURVE('',#2301,#2356);
#2356 = DEFINITIONAL_REPRESENTATION('',(#2357),#2361);
#2357 = LINE('',#2358,#2359);
#2358 = CARTESIAN_POINT('',(0.,0.));
#2359 = VECTOR('',#2360,1.);
#2360 = DIRECTION('',(1.,0.));
#2361 = ( GEOMETRIC_REPRESENTATION_CONTEXT(2) 
PARAMETRIC_REPRESENTATION_CONTEXT() REPRESENTATION_CONTEXT('2D SPACE',''
  ) );
#2362 = PCURVE('',#2363,#2368);
#2363 = PLANE('',#2364);
#2364 = AXIS2_PLACEMENT_3D('',#2365,#2366,#2367);
#2365 = CARTESIAN_POINT('',(3.225E+03,825.075,7.5E-02));
#2366 = DIRECTION('',(1.,0.,-2.22044604925E-16));
#2367 = DIRECTION('',(-2.22044604925E-16,0.,-1.));
#2368 = DEFINITIONAL_REPRESENTATION('',(#2369),#2373);
#2369 = CIRCLE('',#2370,60.);
#2370 = AXIS2_PLACEMENT_2D('',#2371,#2372);
#2371 = CARTESIAN_POINT('',(0.,0.));
#2372 = DIRECTION('',(1.,0.));
#2373 = ( GEOMETRIC_REPRESENTATION_CONTEXT(2) 
PARAMETRIC_REPRESENTATION_CONTEXT() REPRESENTATION_CONTEXT('2D SPACE',''
  ) );
#2374 = ORIENTED_EDGE('',*,*,#2325,.T.);
#2375 = ADVANCED_FACE('',(#2376),#2313,.T.);
#2376 = FACE_BOUND('',#2377,.T.);
#2377 = EDGE_LOOP('',(#2378));
#2378 = ORIENTED_EDGE('',*,*,#2291,.T.);
#2379 = ADVANCED_FACE('',(#2380),#2363,.F.);
#2380 = FACE_BOUND('',#2381,.T.);
#2381 = EDGE_LOOP('',(#2382));
#2382 = ORIENTED_EDGE('',*,*,#2348,.F.);
#2383 = MANIFOLD_SOLID_BREP('',#2384);
#2384 = CLOSED_SHELL('',(#2385,#2473,#2477));
#2385 = ADVANCED_FACE('',(#2386),#2399,.T.);
#2386 = FACE_BOUND('',#2387,.T.);
#2387 = EDGE_LOOP('',(#2388,#2422,#2445,#2472));
#2388 = ORIENTED_EDGE('',*,*,#2389,.F.);
#2389 = EDGE_CURVE('',#2390,#2390,#2392,.T.);
#2390 = VERTEX_POINT('',#2391);
#2391 = CARTESIAN_POINT('',(3.9E+03,-412.425,654.54595812216));
#2392 = SURFACE_CURVE('',#2393,(#2398,#2410),.PCURVE_S1.);
#2393 = CIRCLE('',#2394,60.);
#2394 = AXIS2_PLACEMENT_3D('',#2395,#2396,#2397);
#2395 = CARTESIAN_POINT('',(3.9E+03,-412.425,714.54595812216));
#2396 = DIRECTION('',(1.,0.,-2.22044604925E-16));
#2397 = DIRECTION('',(-2.22044604925E-16,0.,-1.));
#2398 = PCURVE('',#2399,#2404);
#2399 = CYLINDRICAL_SURFACE('',#2400,60.);
#2400 = AXIS2_PLACEMENT_3D('',#2401,#2402,#2403);
#2401 = CARTESIAN_POINT('',(3.225E+03,-412.425,714.54595812216));
#2402 = DIRECTION('',(1.,0.,-2.22044604925E-16));
#2403 = DIRECTION('',(-2.22044604925E-16,0.,-1.));
#2404 = DEFINITIONAL_REPRESENTATION('',(#2405),#2409);
#2405 = LINE('',#2406,#2407);
#2406 = CARTESIAN_POINT('',(0.,675.));
#2407 = VECTOR('',#2408,1.);
#2408 = DIRECTION('',(1.,0.));
#2409 = ( GEOMETRIC_REPRESENTATION_CONTEXT(2) 
PARAMETRIC_REPRESENTATION_CONTEXT() REPRESENTATION_CONTEXT('2D SPACE',''
  ) );
#2410 = PCURVE('',#2411,#2416);
#2411 = PLANE('',#2412);
#2412 = AXIS2_PLACEMENT_3D('',#2413,#2414,#2415);
#2413 = CARTESIAN_POINT('',(3.9E+03,-412.425,714.54595812216));
#2414 = DIRECTION('',(1.,0.,-2.22044604925E-16));
#2415 = DIRECTION('',(-2.22044604925E-16,0.,-1.));
#2416 = DEFINITIONAL_REPRESENTATION('',(#2417),#2421);
#2417 = CIRCLE('',#2418,60.);
#2418 = AXIS2_PLACEMENT_2D('',#2419,#2420);
#2419 = CARTESIAN_POINT('',(0.,0.));
#2420 = DIRECTION('',(1.,0.));
#2421 = ( GEOMETRIC_REPRESENTATION_CONTEXT(2) 
PARAMETRIC_REPRESENTATION_CONTEXT() REPRESENTATION_CONTEXT('2D SPACE',''
  ) );
#2422 = ORIENTED_EDGE('',*,*,#2423,.F.);
#2423 = EDGE_CURVE('',#2424,#2390,#2426,.T.);
#2424 = VERTEX_POINT('',#2425);
#2425 = CARTESIAN_POINT('',(3.225E+03,-412.425,654.54595812216));
#2426 = SEAM_CURVE('',#2427,(#2431,#2438),.PCURVE_S1.);
#2427 = LINE('',#2428,#2429);
#2428 = CARTESIAN_POINT('',(3.225E+03,-412.425,654.54595812216));
#2429 = VECTOR('',#2430,1.);
#2430 = DIRECTION('',(1.,0.,-2.22044604925E-16));
#2431 = PCURVE('',#2399,#2432);
#2432 = DEFINITIONAL_REPRESENTATION('',(#2433),#2437);
#2433 = LINE('',#2434,#2435);
#2434 = CARTESIAN_POINT('',(6.28318530718,-0.));
#2435 = VECTOR('',#2436,1.);
#2436 = DIRECTION('',(0.,1.));
#2437 = ( GEOMETRIC_REPRESENTATION_CONTEXT(2) 
PARAMETRIC_REPRESENTATION_CONTEXT() REPRESENTATION_CONTEXT('2D SPACE',''
  ) );
#2438 = PCURVE('',#2399,#2439);
#2439 = DEFINITIONAL_REPRESENTATION('',(#2440),#2444);
#2440 = LINE('',#2441,#2442);
#2441 = CARTESIAN_POINT('',(0.,-0.));
#2442 = VECTOR('',#2443,1.);
#2443 = DIRECTION('',(0.,1.));
#2444 = ( GEOMETRIC_REPRESENTATION_CONTEXT(2) 
PARAMETRIC_REPRESENTATION_CONTEXT() REPRESENTATION_CONTEXT('2D SPACE',''
  ) );
#2445 = ORIENTED_EDGE('',*,*,#2446,.T.);
#2446 = EDGE_CURVE('',#2424,#2424,#2447,.T.);
#2447 = SURFACE_CURVE('',#2448,(#2453,#2460),.PCURVE_S1.);
#2448 = CIRCLE('',#2449,60.);
#2449 = AXIS2_PLACEMENT_3D('',#2450,#2451,#2452);
#2450 = CARTESIAN_POINT('',(3.225E+03,-412.425,714.54595812216));
#2451 = DIRECTION('',(1.,0.,-2.22044604925E-16));
#2452 = DIRECTION('',(-2.22044604925E-16,0.,-1.));
#2453 = PCURVE('',#2399,#2454);
#2454 = DEFINITIONAL_REPRESENTATION('',(#2455),#2459);
#2455 = LINE('',#2456,#2457);
#2456 = CARTESIAN_POINT('',(0.,0.));
#2457 = VECTOR('',#2458,1.);
#2458 = DIRECTION('',(1.,0.));
#2459 = ( GEOMETRIC_REPRESENTATION_CONTEXT(2) 
PARAMETRIC_REPRESENTATION_CONTEXT() REPRESENTATION_CONTEXT('2D SPACE',''
  ) );
#2460 = PCURVE('',#2461,#2466);
#2461 = PLANE('',#2462);
#2462 = AXIS2_PLACEMENT_3D('',#2463,#2464,#2465);
#2463 = CARTESIAN_POINT('',(3.225E+03,-412.425,714.54595812216));
#2464 = DIRECTION('',(1.,0.,-2.22044604925E-16));
#2465 = DIRECTION('',(-2.22044604925E-16,0.,-1.));
#2466 = DEFINITIONAL_REPRESENTATION('',(#2467),#2471);
#2467 = CIRCLE('',#2468,60.);
#2468 = AXIS2_PLACEMENT_2D('',#2469,#2470);
#2469 = CARTESIAN_POINT('',(0.,0.));
#2470 = DIRECTION('',(1.,0.));
#2471 = ( GEOMETRIC_REPRESENTATION_CONTEXT(2) 
PARAMETRIC_REPRESENTATION_CONTEXT() REPRESENTATION_CONTEXT('2D SPACE',''
  ) );
#2472 = ORIENTED_EDGE('',*,*,#2423,.T.);
#2473 = ADVANCED_FACE('',(#2474),#2411,.T.);
#2474 = FACE_BOUND('',#2475,.T.);
#2475 = EDGE_LOOP('',(#2476));
#2476 = ORIENTED_EDGE('',*,*,#2389,.T.);
#2477 = ADVANCED_FACE('',(#2478),#2461,.F.);
#2478 = FACE_BOUND('',#2479,.T.);
#2479 = EDGE_LOOP('',(#2480));
#2480 = ORIENTED_EDGE('',*,*,#2446,.F.);
#2481 = MANIFOLD_SOLID_BREP('',#2482);
#2482 = CLOSED_SHELL('',(#2483,#2571,#2575));
#2483 = ADVANCED_FACE('',(#2484),#2497,.T.);
#2484 = FACE_BOUND('',#2485,.T.);
#2485 = EDGE_LOOP('',(#2486,#2520,#2543,#2570));
#2486 = ORIENTED_EDGE('',*,*,#2487,.F.);
#2487 = EDGE_CURVE('',#2488,#2488,#2490,.T.);
#2488 = VERTEX_POINT('',#2489);
#2489 = CARTESIAN_POINT('',(3.9E+03,-412.425,-774.3959581221));
#2490 = SURFACE_CURVE('',#2491,(#2496,#2508),.PCURVE_S1.);
#2491 = CIRCLE('',#2492,60.);
#2492 = AXIS2_PLACEMENT_3D('',#2493,#2494,#2495);
#2493 = CARTESIAN_POINT('',(3.9E+03,-412.425,-714.3959581221));
#2494 = DIRECTION('',(1.,0.,-2.22044604925E-16));
#2495 = DIRECTION('',(-2.22044604925E-16,0.,-1.));
#2496 = PCURVE('',#2497,#2502);
#2497 = CYLINDRICAL_SURFACE('',#2498,60.);
#2498 = AXIS2_PLACEMENT_3D('',#2499,#2500,#2501);
#2499 = CARTESIAN_POINT('',(3.225E+03,-412.425,-714.3959581221));
#2500 = DIRECTION('',(1.,0.,-2.22044604925E-16));
#2501 = DIRECTION('',(-2.22044604925E-16,0.,-1.));
#2502 = DEFINITIONAL_REPRESENTATION('',(#2503),#2507);
#2503 = LINE('',#2504,#2505);
#2504 = CARTESIAN_POINT('',(0.,675.));
#2505 = VECTOR('',#2506,1.);
#2506 = DIRECTION('',(1.,0.));
#2507 = ( GEOMETRIC_REPRESENTATION_CONTEXT(2) 
PARAMETRIC_REPRESENTATION_CONTEXT() REPRESENTATION_CONTEXT('2D SPACE',''
  ) );
#2508 = PCURVE('',#2509,#2514);
#2509 = PLANE('',#2510);
#2510 = AXIS2_PLACEMENT_3D('',#2511,#2512,#2513);
#2511 = CARTESIAN_POINT('',(3.9E+03,-412.425,-714.3959581221));
#2512 = DIRECTION('',(1.,0.,-2.22044604925E-16));
#2513 = DIRECTION('',(-2.22044604925E-16,0.,-1.));
#2514 = DEFINITIONAL_REPRESENTATION('',(#2515),#2519);
#2515 = CIRCLE('',#2516,60.);
#2516 = AXIS2_PLACEMENT_2D('',#2517,#2518);
#2517 = CARTESIAN_POINT('',(0.,0.));
#2518 = DIRECTION('',(1.,0.));
#2519 = ( GEOMETRIC_REPRESENTATION_CONTEXT(2) 
PARAMETRIC_REPRESENTATION_CONTEXT() REPRESENTATION_CONTEXT('2D SPACE',''
  ) );
#2520 = ORIENTED_EDGE('',*,*,#2521,.F.);
#2521 = EDGE_CURVE('',#2522,#2488,#2524,.T.);
#2522 = VERTEX_POINT('',#2523);
#2523 = CARTESIAN_POINT('',(3.225E+03,-412.425,-774.3959581221));
#2524 = SEAM_CURVE('',#2525,(#2529,#2536),.PCURVE_S1.);
#2525 = LINE('',#2526,#2527);
#2526 = CARTESIAN_POINT('',(3.225E+03,-412.425,-774.3959581221));
#2527 = VECTOR('',#2528,1.);
#2528 = DIRECTION('',(1.,0.,-2.22044604925E-16));
#2529 = PCURVE('',#2497,#2530);
#2530 = DEFINITIONAL_REPRESENTATION('',(#2531),#2535);
#2531 = LINE('',#2532,#2533);
#2532 = CARTESIAN_POINT('',(6.28318530718,-0.));
#2533 = VECTOR('',#2534,1.);
#2534 = DIRECTION('',(0.,1.));
#2535 = ( GEOMETRIC_REPRESENTATION_CONTEXT(2) 
PARAMETRIC_REPRESENTATION_CONTEXT() REPRESENTATION_CONTEXT('2D SPACE',''
  ) );
#2536 = PCURVE('',#2497,#2537);
#2537 = DEFINITIONAL_REPRESENTATION('',(#2538),#2542);
#2538 = LINE('',#2539,#2540);
#2539 = CARTESIAN_POINT('',(0.,-0.));
#2540 = VECTOR('',#2541,1.);
#2541 = DIRECTION('',(0.,1.));
#2542 = ( GEOMETRIC_REPRESENTATION_CONTEXT(2) 
PARAMETRIC_REPRESENTATION_CONTEXT() REPRESENTATION_CONTEXT('2D SPACE',''
  ) );
#2543 = ORIENTED_EDGE('',*,*,#2544,.T.);
#2544 = EDGE_CURVE('',#2522,#2522,#2545,.T.);
#2545 = SURFACE_CURVE('',#2546,(#2551,#2558),.PCURVE_S1.);
#2546 = CIRCLE('',#2547,60.);
#2547 = AXIS2_PLACEMENT_3D('',#2548,#2549,#2550);
#2548 = CARTESIAN_POINT('',(3.225E+03,-412.425,-714.3959581221));
#2549 = DIRECTION('',(1.,0.,-2.22044604925E-16));
#2550 = DIRECTION('',(-2.22044604925E-16,0.,-1.));
#2551 = PCURVE('',#2497,#2552);
#2552 = DEFINITIONAL_REPRESENTATION('',(#2553),#2557);
#2553 = LINE('',#2554,#2555);
#2554 = CARTESIAN_POINT('',(0.,0.));
#2555 = VECTOR('',#2556,1.);
#2556 = DIRECTION('',(1.,0.));
#2557 = ( GEOMETRIC_REPRESENTATION_CONTEXT(2) 
PARAMETRIC_REPRESENTATION_CONTEXT() REPRESENTATION_CONTEXT('2D SPACE',''
  ) );
#2558 = PCURVE('',#2559,#2564);
#2559 = PLANE('',#2560);
#2560 = AXIS2_PLACEMENT_3D('',#2561,#2562,#2563);
#2561 = CARTESIAN_POINT('',(3.225E+03,-412.425,-714.3959581221));
#2562 = DIRECTION('',(1.,0.,-2.22044604925E-16));
#2563 = DIRECTION('',(-2.22044604925E-16,0.,-1.));
#2564 = DEFINITIONAL_REPRESENTATION('',(#2565),#2569);
#2565 = CIRCLE('',#2566,60.);
#2566 = AXIS2_PLACEMENT_2D('',#2567,#2568);
#2567 = CARTESIAN_POINT('',(0.,0.));
#2568 = DIRECTION('',(1.,0.));
#2569 = ( GEOMETRIC_REPRESENTATION_CONTEXT(2) 
PARAMETRIC_REPRESENTATION_CONTEXT() REPRESENTATION_CONTEXT('2D SPACE',''
  ) );
#2570 = ORIENTED_EDGE('',*,*,#2521,.T.);
#2571 = ADVANCED_FACE('',(#2572),#2509,.T.);
#2572 = FACE_BOUND('',#2573,.T.);
#2573 = EDGE_LOOP('',(#2574));
#2574 = ORIENTED_EDGE('',*,*,#2487,.T.);
#2575 = ADVANCED_FACE('',(#2576),#2559,.F.);
#2576 = FACE_BOUND('',#2577,.T.);
#2577 = EDGE_LOOP('',(#2578));
#2578 = ORIENTED_EDGE('',*,*,#2544,.F.);
#2579 = ( GEOMETRIC_REPRESENTATION_CONTEXT(3) 
GLOBAL_UNCERTAINTY_ASSIGNED_CONTEXT((#2583)) 
GLOBAL_UNIT_ASSIGNED_CONTEXT((#2580,#2581,#2582)) REPRESENTATION_CONTEXT
('Context #1','3D Context with UNIT and UNCERTAINTY') );
#2580 = ( LENGTH_UNIT() NAMED_UNIT(*) SI_UNIT(.MILLI.,.METRE.) );
#2581 = ( NAMED_UNIT(*) PLANE_ANGLE_UNIT() SI_UNIT($,.RADIAN.) );
#2582 = ( NAMED_UNIT(*) SI_UNIT($,.STERADIAN.) SOLID_ANGLE_UNIT() );
#2583 = UNCERTAINTY_MEASURE_WITH_UNIT(LENGTH_MEASURE(1.E-07),#2580,
  'distance_accuracy_value','confusion accuracy');
#2584 = PRODUCT_RELATED_PRODUCT_CATEGORY('part',$,(#2281));
#2585 = SHAPE_DEFINITION_REPRESENTATION(#2586,#2592);
#2586 = PRODUCT_DEFINITION_SHAPE('','',#2587);
#2587 = PRODUCT_DEFINITION('design','',#2588,#2591);
#2588 = PRODUCT_DEFINITION_FORMATION('','',#2589);
#2589 = PRODUCT('Moderator','Moderator','',(#2590));
#2590 = PRODUCT_CONTEXT('',#2,'mechanical');
#2591 = PRODUCT_DEFINITION_CONTEXT('part definition',#2,'design');
#2592 = ADVANCED_BREP_SHAPE_REPRESENTATION('',(#11,#2593),#2691);
#2593 = MANIFOLD_SOLID_BREP('',#2594);
#2594 = CLOSED_SHELL('',(#2595,#2683,#2687));
#2595 = ADVANCED_FACE('',(#2596),#2609,.T.);
#2596 = FACE_BOUND('',#2597,.T.);
#2597 = EDGE_LOOP('',(#2598,#2632,#2655,#2682));
#2598 = ORIENTED_EDGE('',*,*,#2599,.F.);
#2599 = EDGE_CURVE('',#2600,#2600,#2602,.T.);
#2600 = VERTEX_POINT('',#2601);
#2601 = CARTESIAN_POINT('',(4.875E+03,-1.91044900667E-13,-780.));
#2602 = SURFACE_CURVE('',#2603,(#2608,#2620),.PCURVE_S1.);
#2603 = CIRCLE('',#2604,780.);
#2604 = AXIS2_PLACEMENT_3D('',#2605,#2606,#2607);
#2605 = CARTESIAN_POINT('',(4.875E+03,0.,4.329869796038E-13));
#2606 = DIRECTION('',(1.,-0.,2.22044604925E-16));
#2607 = DIRECTION('',(2.22044604925E-16,0.,-1.));
#2608 = PCURVE('',#2609,#2614);
#2609 = CYLINDRICAL_SURFACE('',#2610,780.);
#2610 = AXIS2_PLACEMENT_3D('',#2611,#2612,#2613);
#2611 = CARTESIAN_POINT('',(2.925E+03,0.,0.));
#2612 = DIRECTION('',(1.,0.,2.22044604925E-16));
#2613 = DIRECTION('',(2.22044604925E-16,0.,-1.));
#2614 = DEFINITIONAL_REPRESENTATION('',(#2615),#2619);
#2615 = LINE('',#2616,#2617);
#2616 = CARTESIAN_POINT('',(0.,1.95E+03));
#2617 = VECTOR('',#2618,1.);
#2618 = DIRECTION('',(1.,0.));
#2619 = ( GEOMETRIC_REPRESENTATION_CONTEXT(2) 
PARAMETRIC_REPRESENTATION_CONTEXT() REPRESENTATION_CONTEXT('2D SPACE',''
  ) );
#2620 = PCURVE('',#2621,#2626);
#2621 = PLANE('',#2622);
#2622 = AXIS2_PLACEMENT_3D('',#2623,#2624,#2625);
#2623 = CARTESIAN_POINT('',(4.875E+03,0.,4.329869796038E-13));
#2624 = DIRECTION('',(1.,0.,2.22044604925E-16));
#2625 = DIRECTION('',(2.22044604925E-16,0.,-1.));
#2626 = DEFINITIONAL_REPRESENTATION('',(#2627),#2631);
#2627 = CIRCLE('',#2628,780.);
#2628 = AXIS2_PLACEMENT_2D('',#2629,#2630);
#2629 = CARTESIAN_POINT('',(0.,0.));
#2630 = DIRECTION('',(1.,0.));
#2631 = ( GEOMETRIC_REPRESENTATION_CONTEXT(2) 
PARAMETRIC_REPRESENTATION_CONTEXT() REPRESENTATION_CONTEXT('2D SPACE',''
  ) );
#2632 = ORIENTED_EDGE('',*,*,#2633,.F.);
#2633 = EDGE_CURVE('',#2634,#2600,#2636,.T.);
#2634 = VERTEX_POINT('',#2635);
#2635 = CARTESIAN_POINT('',(2.925E+03,-1.91044900667E-13,-780.));
#2636 = SEAM_CURVE('',#2637,(#2641,#2648),.PCURVE_S1.);
#2637 = LINE('',#2638,#2639);
#2638 = CARTESIAN_POINT('',(2.925E+03,-1.91044900667E-13,-780.));
#2639 = VECTOR('',#2640,1.);
#2640 = DIRECTION('',(1.,0.,2.22044604925E-16));
#2641 = PCURVE('',#2609,#2642);
#2642 = DEFINITIONAL_REPRESENTATION('',(#2643),#2647);
#2643 = LINE('',#2644,#2645);
#2644 = CARTESIAN_POINT('',(6.28318530718,-0.));
#2645 = VECTOR('',#2646,1.);
#2646 = DIRECTION('',(0.,1.));
#2647 = ( GEOMETRIC_REPRESENTATION_CONTEXT(2) 
PARAMETRIC_REPRESENTATION_CONTEXT() REPRESENTATION_CONTEXT('2D SPACE',''
  ) );
#2648 = PCURVE('',#2609,#2649);
#2649 = DEFINITIONAL_REPRESENTATION('',(#2650),#2654);
#2650 = LINE('',#2651,#2652);
#2651 = CARTESIAN_POINT('',(0.,-0.));
#2652 = VECTOR('',#2653,1.);
#2653 = DIRECTION('',(0.,1.));
#2654 = ( GEOMETRIC_REPRESENTATION_CONTEXT(2) 
PARAMETRIC_REPRESENTATION_CONTEXT() REPRESENTATION_CONTEXT('2D SPACE',''
  ) );
#2655 = ORIENTED_EDGE('',*,*,#2656,.T.);
#2656 = EDGE_CURVE('',#2634,#2634,#2657,.T.);
#2657 = SURFACE_CURVE('',#2658,(#2663,#2670),.PCURVE_S1.);
#2658 = CIRCLE('',#2659,780.);
#2659 = AXIS2_PLACEMENT_3D('',#2660,#2661,#2662);
#2660 = CARTESIAN_POINT('',(2.925E+03,0.,0.));
#2661 = DIRECTION('',(1.,-0.,2.22044604925E-16));
#2662 = DIRECTION('',(2.22044604925E-16,0.,-1.));
#2663 = PCURVE('',#2609,#2664);
#2664 = DEFINITIONAL_REPRESENTATION('',(#2665),#2669);
#2665 = LINE('',#2666,#2667);
#2666 = CARTESIAN_POINT('',(0.,0.));
#2667 = VECTOR('',#2668,1.);
#2668 = DIRECTION('',(1.,0.));
#2669 = ( GEOMETRIC_REPRESENTATION_CONTEXT(2) 
PARAMETRIC_REPRESENTATION_CONTEXT() REPRESENTATION_CONTEXT('2D SPACE',''
  ) );
#2670 = PCURVE('',#2671,#2676);
#2671 = PLANE('',#2672);
#2672 = AXIS2_PLACEMENT_3D('',#2673,#2674,#2675);
#2673 = CARTESIAN_POINT('',(2.925E+03,0.,0.));
#2674 = DIRECTION('',(1.,0.,2.22044604925E-16));
#2675 = DIRECTION('',(2.22044604925E-16,0.,-1.));
#2676 = DEFINITIONAL_REPRESENTATION('',(#2677),#2681);
#2677 = CIRCLE('',#2678,780.);
#2678 = AXIS2_PLACEMENT_2D('',#2679,#2680);
#2679 = CARTESIAN_POINT('',(0.,0.));
#2680 = DIRECTION('',(1.,0.));
#2681 = ( GEOMETRIC_REPRESENTATION_CONTEXT(2) 
PARAMETRIC_REPRESENTATION_CONTEXT() REPRESENTATION_CONTEXT('2D SPACE',''
  ) );
#2682 = ORIENTED_EDGE('',*,*,#2633,.T.);
#2683 = ADVANCED_FACE('',(#2684),#2621,.T.);
#2684 = FACE_BOUND('',#2685,.T.);
#2685 = EDGE_LOOP('',(#2686));
#2686 = ORIENTED_EDGE('',*,*,#2599,.T.);
#2687 = ADVANCED_FACE('',(#2688),#2671,.F.);
#2688 = FACE_BOUND('',#2689,.T.);
#2689 = EDGE_LOOP('',(#2690));
#2690 = ORIENTED_EDGE('',*,*,#2656,.F.);
#2691 = ( GEOMETRIC_REPRESENTATION_CONTEXT(3) 
GLOBAL_UNCERTAINTY_ASSIGNED_CONTEXT((#2695)) 
GLOBAL_UNIT_ASSIGNED_CONTEXT((#2692,#2693,#2694)) REPRESENTATION_CONTEXT
('Context #1','3D Context with UNIT and UNCERTAINTY') );
#2692 = ( LENGTH_UNIT() NAMED_UNIT(*) SI_UNIT(.MILLI.,.METRE.) );
#2693 = ( NAMED_UNIT(*) PLANE_ANGLE_UNIT() SI_UNIT($,.RADIAN.) );
#2694 = ( NAMED_UNIT(*) SI_UNIT($,.STERADIAN.) SOLID_ANGLE_UNIT() );
#2695 = UNCERTAINTY_MEASURE_WITH_UNIT(LENGTH_MEASURE(1.E-07),#2692,
  'distance_accuracy_value','confusion accuracy');
#2696 = PRODUCT_RELATED_PRODUCT_CATEGORY('part',$,(#2589));
#2697 = SHAPE_DEFINITION_REPRESENTATION(#2698,#2704);
#2698 = PRODUCT_DEFINITION_SHAPE('','',#2699);
#2699 = PRODUCT_DEFINITION('design','',#2700,#2703);
#2700 = PRODUCT_DEFINITION_FORMATION('','',#2701);
#2701 = PRODUCT('Reactor_Coils','Reactor_Coils','',(#2702));
#2702 = PRODUCT_CONTEXT('',#2,'mechanical');
#2703 = PRODUCT_DEFINITION_CONTEXT('part definition',#2,'design');
#2704 = SHAPE_REPRESENTATION('',(#11,#2705,#2803,#2901,#2999),#3097);
#2705 = MANIFOLD_SOLID_BREP('',#2706);
#2706 = CLOSED_SHELL('',(#2707,#2795,#2799));
#2707 = ADVANCED_FACE('',(#2708),#2721,.T.);
#2708 = FACE_BOUND('',#2709,.T.);
#2709 = EDGE_LOOP('',(#2710,#2744,#2767,#2794));
#2710 = ORIENTED_EDGE('',*,*,#2711,.F.);
#2711 = EDGE_CURVE('',#2712,#2712,#2714,.T.);
#2712 = VERTEX_POINT('',#2713);
#2713 = CARTESIAN_POINT('',(3.36E+03,660.,-60.));
#2714 = SURFACE_CURVE('',#2715,(#2720,#2732),.PCURVE_S1.);
#2715 = CIRCLE('',#2716,60.);
#2716 = AXIS2_PLACEMENT_3D('',#2717,#2718,#2719);
#2717 = CARTESIAN_POINT('',(3.36E+03,660.,-2.6645352591E-14));
#2718 = DIRECTION('',(1.,0.,-2.22044604925E-16));
#2719 = DIRECTION('',(-2.22044604925E-16,0.,-1.));
#2720 = PCURVE('',#2721,#2726);
#2721 = CYLINDRICAL_SURFACE('',#2722,60.);
#2722 = AXIS2_PLACEMENT_3D('',#2723,#2724,#2725);
#2723 = CARTESIAN_POINT('',(3.24E+03,660.,0.));
#2724 = DIRECTION('',(1.,0.,-2.22044604925E-16));
#2725 = DIRECTION('',(-2.22044604925E-16,0.,-1.));
#2726 = DEFINITIONAL_REPRESENTATION('',(#2727),#2731);
#2727 = LINE('',#2728,#2729);
#2728 = CARTESIAN_POINT('',(0.,120.));
#2729 = VECTOR('',#2730,1.);
#2730 = DIRECTION('',(1.,0.));
#2731 = ( GEOMETRIC_REPRESENTATION_CONTEXT(2) 
PARAMETRIC_REPRESENTATION_CONTEXT() REPRESENTATION_CONTEXT('2D SPACE',''
  ) );
#2732 = PCURVE('',#2733,#2738);
#2733 = PLANE('',#2734);
#2734 = AXIS2_PLACEMENT_3D('',#2735,#2736,#2737);
#2735 = CARTESIAN_POINT('',(3.36E+03,660.,-2.6645352591E-14));
#2736 = DIRECTION('',(1.,0.,-2.22044604925E-16));
#2737 = DIRECTION('',(-2.22044604925E-16,0.,-1.));
#2738 = DEFINITIONAL_REPRESENTATION('',(#2739),#2743);
#2739 = CIRCLE('',#2740,60.);
#2740 = AXIS2_PLACEMENT_2D('',#2741,#2742);
#2741 = CARTESIAN_POINT('',(0.,0.));
#2742 = DIRECTION('',(1.,0.));
#2743 = ( GEOMETRIC_REPRESENTATION_CONTEXT(2) 
PARAMETRIC_REPRESENTATION_CONTEXT() REPRESENTATION_CONTEXT('2D SPACE',''
  ) );
#2744 = ORIENTED_EDGE('',*,*,#2745,.F.);
#2745 = EDGE_CURVE('',#2746,#2712,#2748,.T.);
#2746 = VERTEX_POINT('',#2747);
#2747 = CARTESIAN_POINT('',(3.24E+03,660.,-60.));
#2748 = SEAM_CURVE('',#2749,(#2753,#2760),.PCURVE_S1.);
#2749 = LINE('',#2750,#2751);
#2750 = CARTESIAN_POINT('',(3.24E+03,660.,-60.));
#2751 = VECTOR('',#2752,1.);
#2752 = DIRECTION('',(1.,0.,-2.22044604925E-16));
#2753 = PCURVE('',#2721,#2754);
#2754 = DEFINITIONAL_REPRESENTATION('',(#2755),#2759);
#2755 = LINE('',#2756,#2757);
#2756 = CARTESIAN_POINT('',(6.28318530718,-0.));
#2757 = VECTOR('',#2758,1.);
#2758 = DIRECTION('',(0.,1.));
#2759 = ( GEOMETRIC_REPRESENTATION_CONTEXT(2) 
PARAMETRIC_REPRESENTATION_CONTEXT() REPRESENTATION_CONTEXT('2D SPACE',''
  ) );
#2760 = PCURVE('',#2721,#2761);
#2761 = DEFINITIONAL_REPRESENTATION('',(#2762),#2766);
#2762 = LINE('',#2763,#2764);
#2763 = CARTESIAN_POINT('',(0.,-0.));
#2764 = VECTOR('',#2765,1.);
#2765 = DIRECTION('',(0.,1.));
#2766 = ( GEOMETRIC_REPRESENTATION_CONTEXT(2) 
PARAMETRIC_REPRESENTATION_CONTEXT() REPRESENTATION_CONTEXT('2D SPACE',''
  ) );
#2767 = ORIENTED_EDGE('',*,*,#2768,.T.);
#2768 = EDGE_CURVE('',#2746,#2746,#2769,.T.);
#2769 = SURFACE_CURVE('',#2770,(#2775,#2782),.PCURVE_S1.);
#2770 = CIRCLE('',#2771,60.);
#2771 = AXIS2_PLACEMENT_3D('',#2772,#2773,#2774);
#2772 = CARTESIAN_POINT('',(3.24E+03,660.,0.));
#2773 = DIRECTION('',(1.,0.,-2.22044604925E-16));
#2774 = DIRECTION('',(-2.22044604925E-16,0.,-1.));
#2775 = PCURVE('',#2721,#2776);
#2776 = DEFINITIONAL_REPRESENTATION('',(#2777),#2781);
#2777 = LINE('',#2778,#2779);
#2778 = CARTESIAN_POINT('',(0.,0.));
#2779 = VECTOR('',#2780,1.);
#2780 = DIRECTION('',(1.,0.));
#2781 = ( GEOMETRIC_REPRESENTATION_CONTEXT(2) 
PARAMETRIC_REPRESENTATION_CONTEXT() REPRESENTATION_CONTEXT('2D SPACE',''
  ) );
#2782 = PCURVE('',#2783,#2788);
#2783 = PLANE('',#2784);
#2784 = AXIS2_PLACEMENT_3D('',#2785,#2786,#2787);
#2785 = CARTESIAN_POINT('',(3.24E+03,660.,0.));
#2786 = DIRECTION('',(1.,0.,-2.22044604925E-16));
#2787 = DIRECTION('',(-2.22044604925E-16,0.,-1.));
#2788 = DEFINITIONAL_REPRESENTATION('',(#2789),#2793);
#2789 = CIRCLE('',#2790,60.);
#2790 = AXIS2_PLACEMENT_2D('',#2791,#2792);
#2791 = CARTESIAN_POINT('',(0.,0.));
#2792 = DIRECTION('',(1.,0.));
#2793 = ( GEOMETRIC_REPRESENTATION_CONTEXT(2) 
PARAMETRIC_REPRESENTATION_CONTEXT() REPRESENTATION_CONTEXT('2D SPACE',''
  ) );
#2794 = ORIENTED_EDGE('',*,*,#2745,.T.);
#2795 = ADVANCED_FACE('',(#2796),#2733,.T.);
#2796 = FACE_BOUND('',#2797,.T.);
#2797 = EDGE_LOOP('',(#2798));
#2798 = ORIENTED_EDGE('',*,*,#2711,.T.);
#2799 = ADVANCED_FACE('',(#2800),#2783,.F.);
#2800 = FACE_BOUND('',#2801,.T.);
#2801 = EDGE_LOOP('',(#2802));
#2802 = ORIENTED_EDGE('',*,*,#2768,.F.);
#2803 = MANIFOLD_SOLID_BREP('',#2804);
#2804 = CLOSED_SHELL('',(#2805,#2893,#2897));
#2805 = ADVANCED_FACE('',(#2806),#2819,.T.);
#2806 = FACE_BOUND('',#2807,.T.);
#2807 = EDGE_LOOP('',(#2808,#2842,#2865,#2892));
#2808 = ORIENTED_EDGE('',*,*,#2809,.F.);
#2809 = EDGE_CURVE('',#2810,#2810,#2812,.T.);
#2810 = VERTEX_POINT('',#2811);
#2811 = CARTESIAN_POINT('',(3.76E+03,660.,-60.));
#2812 = SURFACE_CURVE('',#2813,(#2818,#2830),.PCURVE_S1.);
#2813 = CIRCLE('',#2814,60.);
#2814 = AXIS2_PLACEMENT_3D('',#2815,#2816,#2817);
#2815 = CARTESIAN_POINT('',(3.76E+03,660.,-2.6645352591E-14));
#2816 = DIRECTION('',(1.,0.,-2.22044604925E-16));
#2817 = DIRECTION('',(-2.22044604925E-16,0.,-1.));
#2818 = PCURVE('',#2819,#2824);
#2819 = CYLINDRICAL_SURFACE('',#2820,60.);
#2820 = AXIS2_PLACEMENT_3D('',#2821,#2822,#2823);
#2821 = CARTESIAN_POINT('',(3.64E+03,660.,0.));
#2822 = DIRECTION('',(1.,0.,-2.22044604925E-16));
#2823 = DIRECTION('',(-2.22044604925E-16,0.,-1.));
#2824 = DEFINITIONAL_REPRESENTATION('',(#2825),#2829);
#2825 = LINE('',#2826,#2827);
#2826 = CARTESIAN_POINT('',(0.,120.));
#2827 = VECTOR('',#2828,1.);
#2828 = DIRECTION('',(1.,0.));
#2829 = ( GEOMETRIC_REPRESENTATION_CONTEXT(2) 
PARAMETRIC_REPRESENTATION_CONTEXT() REPRESENTATION_CONTEXT('2D SPACE',''
  ) );
#2830 = PCURVE('',#2831,#2836);
#2831 = PLANE('',#2832);
#2832 = AXIS2_PLACEMENT_3D('',#2833,#2834,#2835);
#2833 = CARTESIAN_POINT('',(3.76E+03,660.,-2.6645352591E-14));
#2834 = DIRECTION('',(1.,0.,-2.22044604925E-16));
#2835 = DIRECTION('',(-2.22044604925E-16,0.,-1.));
#2836 = DEFINITIONAL_REPRESENTATION('',(#2837),#2841);
#2837 = CIRCLE('',#2838,60.);
#2838 = AXIS2_PLACEMENT_2D('',#2839,#2840);
#2839 = CARTESIAN_POINT('',(0.,0.));
#2840 = DIRECTION('',(1.,0.));
#2841 = ( GEOMETRIC_REPRESENTATION_CONTEXT(2) 
PARAMETRIC_REPRESENTATION_CONTEXT() REPRESENTATION_CONTEXT('2D SPACE',''
  ) );
#2842 = ORIENTED_EDGE('',*,*,#2843,.F.);
#2843 = EDGE_CURVE('',#2844,#2810,#2846,.T.);
#2844 = VERTEX_POINT('',#2845);
#2845 = CARTESIAN_POINT('',(3.64E+03,660.,-60.));
#2846 = SEAM_CURVE('',#2847,(#2851,#2858),.PCURVE_S1.);
#2847 = LINE('',#2848,#2849);
#2848 = CARTESIAN_POINT('',(3.64E+03,660.,-60.));
#2849 = VECTOR('',#2850,1.);
#2850 = DIRECTION('',(1.,0.,-2.22044604925E-16));
#2851 = PCURVE('',#2819,#2852);
#2852 = DEFINITIONAL_REPRESENTATION('',(#2853),#2857);
#2853 = LINE('',#2854,#2855);
#2854 = CARTESIAN_POINT('',(6.28318530718,-0.));
#2855 = VECTOR('',#2856,1.);
#2856 = DIRECTION('',(0.,1.));
#2857 = ( GEOMETRIC_REPRESENTATION_CONTEXT(2) 
PARAMETRIC_REPRESENTATION_CONTEXT() REPRESENTATION_CONTEXT('2D SPACE',''
  ) );
#2858 = PCURVE('',#2819,#2859);
#2859 = DEFINITIONAL_REPRESENTATION('',(#2860),#2864);
#2860 = LINE('',#2861,#2862);
#2861 = CARTESIAN_POINT('',(0.,-0.));
#2862 = VECTOR('',#2863,1.);
#2863 = DIRECTION('',(0.,1.));
#2864 = ( GEOMETRIC_REPRESENTATION_CONTEXT(2) 
PARAMETRIC_REPRESENTATION_CONTEXT() REPRESENTATION_CONTEXT('2D SPACE',''
  ) );
#2865 = ORIENTED_EDGE('',*,*,#2866,.T.);
#2866 = EDGE_CURVE('',#2844,#2844,#2867,.T.);
#2867 = SURFACE_CURVE('',#2868,(#2873,#2880),.PCURVE_S1.);
#2868 = CIRCLE('',#2869,60.);
#2869 = AXIS2_PLACEMENT_3D('',#2870,#2871,#2872);
#2870 = CARTESIAN_POINT('',(3.64E+03,660.,0.));
#2871 = DIRECTION('',(1.,0.,-2.22044604925E-16));
#2872 = DIRECTION('',(-2.22044604925E-16,0.,-1.));
#2873 = PCURVE('',#2819,#2874);
#2874 = DEFINITIONAL_REPRESENTATION('',(#2875),#2879);
#2875 = LINE('',#2876,#2877);
#2876 = CARTESIAN_POINT('',(0.,0.));
#2877 = VECTOR('',#2878,1.);
#2878 = DIRECTION('',(1.,0.));
#2879 = ( GEOMETRIC_REPRESENTATION_CONTEXT(2) 
PARAMETRIC_REPRESENTATION_CONTEXT() REPRESENTATION_CONTEXT('2D SPACE',''
  ) );
#2880 = PCURVE('',#2881,#2886);
#2881 = PLANE('',#2882);
#2882 = AXIS2_PLACEMENT_3D('',#2883,#2884,#2885);
#2883 = CARTESIAN_POINT('',(3.64E+03,660.,0.));
#2884 = DIRECTION('',(1.,0.,-2.22044604925E-16));
#2885 = DIRECTION('',(-2.22044604925E-16,0.,-1.));
#2886 = DEFINITIONAL_REPRESENTATION('',(#2887),#2891);
#2887 = CIRCLE('',#2888,60.);
#2888 = AXIS2_PLACEMENT_2D('',#2889,#2890);
#2889 = CARTESIAN_POINT('',(0.,0.));
#2890 = DIRECTION('',(1.,0.));
#2891 = ( GEOMETRIC_REPRESENTATION_CONTEXT(2) 
PARAMETRIC_REPRESENTATION_CONTEXT() REPRESENTATION_CONTEXT('2D SPACE',''
  ) );
#2892 = ORIENTED_EDGE('',*,*,#2843,.T.);
#2893 = ADVANCED_FACE('',(#2894),#2831,.T.);
#2894 = FACE_BOUND('',#2895,.T.);
#2895 = EDGE_LOOP('',(#2896));
#2896 = ORIENTED_EDGE('',*,*,#2809,.T.);
#2897 = ADVANCED_FACE('',(#2898),#2881,.F.);
#2898 = FACE_BOUND('',#2899,.T.);
#2899 = EDGE_LOOP('',(#2900));
#2900 = ORIENTED_EDGE('',*,*,#2866,.F.);
#2901 = MANIFOLD_SOLID_BREP('',#2902);
#2902 = CLOSED_SHELL('',(#2903,#2991,#2995));
#2903 = ADVANCED_FACE('',(#2904),#2917,.T.);
#2904 = FACE_BOUND('',#2905,.T.);
#2905 = EDGE_LOOP('',(#2906,#2940,#2963,#2990));
#2906 = ORIENTED_EDGE('',*,*,#2907,.F.);
#2907 = EDGE_CURVE('',#2908,#2908,#2910,.T.);
#2908 = VERTEX_POINT('',#2909);
#2909 = CARTESIAN_POINT('',(4.16E+03,660.,-60.));
#2910 = SURFACE_CURVE('',#2911,(#2916,#2928),.PCURVE_S1.);
#2911 = CIRCLE('',#2912,60.);
#2912 = AXIS2_PLACEMENT_3D('',#2913,#2914,#2915);
#2913 = CARTESIAN_POINT('',(4.16E+03,660.,-2.6645352591E-14));
#2914 = DIRECTION('',(1.,0.,-2.22044604925E-16));
#2915 = DIRECTION('',(-2.22044604925E-16,0.,-1.));
#2916 = PCURVE('',#2917,#2922);
#2917 = CYLINDRICAL_SURFACE('',#2918,60.);
#2918 = AXIS2_PLACEMENT_3D('',#2919,#2920,#2921);
#2919 = CARTESIAN_POINT('',(4.04E+03,660.,0.));
#2920 = DIRECTION('',(1.,0.,-2.22044604925E-16));
#2921 = DIRECTION('',(-2.22044604925E-16,0.,-1.));
#2922 = DEFINITIONAL_REPRESENTATION('',(#2923),#2927);
#2923 = LINE('',#2924,#2925);
#2924 = CARTESIAN_POINT('',(0.,120.));
#2925 = VECTOR('',#2926,1.);
#2926 = DIRECTION('',(1.,0.));
#2927 = ( GEOMETRIC_REPRESENTATION_CONTEXT(2) 
PARAMETRIC_REPRESENTATION_CONTEXT() REPRESENTATION_CONTEXT('2D SPACE',''
  ) );
#2928 = PCURVE('',#2929,#2934);
#2929 = PLANE('',#2930);
#2930 = AXIS2_PLACEMENT_3D('',#2931,#2932,#2933);
#2931 = CARTESIAN_POINT('',(4.16E+03,660.,-2.6645352591E-14));
#2932 = DIRECTION('',(1.,0.,-2.22044604925E-16));
#2933 = DIRECTION('',(-2.22044604925E-16,0.,-1.));
#2934 = DEFINITIONAL_REPRESENTATION('',(#2935),#2939);
#2935 = CIRCLE('',#2936,60.);
#2936 = AXIS2_PLACEMENT_2D('',#2937,#2938);
#2937 = CARTESIAN_POINT('',(0.,0.));
#2938 = DIRECTION('',(1.,0.));
#2939 = ( GEOMETRIC_REPRESENTATION_CONTEXT(2) 
PARAMETRIC_REPRESENTATION_CONTEXT() REPRESENTATION_CONTEXT('2D SPACE',''
  ) );
#2940 = ORIENTED_EDGE('',*,*,#2941,.F.);
#2941 = EDGE_CURVE('',#2942,#2908,#2944,.T.);
#2942 = VERTEX_POINT('',#2943);
#2943 = CARTESIAN_POINT('',(4.04E+03,660.,-60.));
#2944 = SEAM_CURVE('',#2945,(#2949,#2956),.PCURVE_S1.);
#2945 = LINE('',#2946,#2947);
#2946 = CARTESIAN_POINT('',(4.04E+03,660.,-60.));
#2947 = VECTOR('',#2948,1.);
#2948 = DIRECTION('',(1.,0.,-2.22044604925E-16));
#2949 = PCURVE('',#2917,#2950);
#2950 = DEFINITIONAL_REPRESENTATION('',(#2951),#2955);
#2951 = LINE('',#2952,#2953);
#2952 = CARTESIAN_POINT('',(6.28318530718,-0.));
#2953 = VECTOR('',#2954,1.);
#2954 = DIRECTION('',(0.,1.));
#2955 = ( GEOMETRIC_REPRESENTATION_CONTEXT(2) 
PARAMETRIC_REPRESENTATION_CONTEXT() REPRESENTATION_CONTEXT('2D SPACE',''
  ) );
#2956 = PCURVE('',#2917,#2957);
#2957 = DEFINITIONAL_REPRESENTATION('',(#2958),#2962);
#2958 = LINE('',#2959,#2960);
#2959 = CARTESIAN_POINT('',(0.,-0.));
#2960 = VECTOR('',#2961,1.);
#2961 = DIRECTION('',(0.,1.));
#2962 = ( GEOMETRIC_REPRESENTATION_CONTEXT(2) 
PARAMETRIC_REPRESENTATION_CONTEXT() REPRESENTATION_CONTEXT('2D SPACE',''
  ) );
#2963 = ORIENTED_EDGE('',*,*,#2964,.T.);
#2964 = EDGE_CURVE('',#2942,#2942,#2965,.T.);
#2965 = SURFACE_CURVE('',#2966,(#2971,#2978),.PCURVE_S1.);
#2966 = CIRCLE('',#2967,60.);
#2967 = AXIS2_PLACEMENT_3D('',#2968,#2969,#2970);
#2968 = CARTESIAN_POINT('',(4.04E+03,660.,0.));
#2969 = DIRECTION('',(1.,0.,-2.22044604925E-16));
#2970 = DIRECTION('',(-2.22044604925E-16,0.,-1.));
#2971 = PCURVE('',#2917,#2972);
#2972 = DEFINITIONAL_REPRESENTATION('',(#2973),#2977);
#2973 = LINE('',#2974,#2975);
#2974 = CARTESIAN_POINT('',(0.,0.));
#2975 = VECTOR('',#2976,1.);
#2976 = DIRECTION('',(1.,0.));
#2977 = ( GEOMETRIC_REPRESENTATION_CONTEXT(2) 
PARAMETRIC_REPRESENTATION_CONTEXT() REPRESENTATION_CONTEXT('2D SPACE',''
  ) );
#2978 = PCURVE('',#2979,#2984);
#2979 = PLANE('',#2980);
#2980 = AXIS2_PLACEMENT_3D('',#2981,#2982,#2983);
#2981 = CARTESIAN_POINT('',(4.04E+03,660.,0.));
#2982 = DIRECTION('',(1.,0.,-2.22044604925E-16));
#2983 = DIRECTION('',(-2.22044604925E-16,0.,-1.));
#2984 = DEFINITIONAL_REPRESENTATION('',(#2985),#2989);
#2985 = CIRCLE('',#2986,60.);
#2986 = AXIS2_PLACEMENT_2D('',#2987,#2988);
#2987 = CARTESIAN_POINT('',(0.,0.));
#2988 = DIRECTION('',(1.,0.));
#2989 = ( GEOMETRIC_REPRESENTATION_CONTEXT(2) 
PARAMETRIC_REPRESENTATION_CONTEXT() REPRESENTATION_CONTEXT('2D SPACE',''
  ) );
#2990 = ORIENTED_EDGE('',*,*,#2941,.T.);
#2991 = ADVANCED_FACE('',(#2992),#2929,.T.);
#2992 = FACE_BOUND('',#2993,.T.);
#2993 = EDGE_LOOP('',(#2994));
#2994 = ORIENTED_EDGE('',*,*,#2907,.T.);
#2995 = ADVANCED_FACE('',(#2996),#2979,.F.);
#2996 = FACE_BOUND('',#2997,.T.);
#2997 = EDGE_LOOP('',(#2998));
#2998 = ORIENTED_EDGE('',*,*,#2964,.F.);
#2999 = MANIFOLD_SOLID_BREP('',#3000);
#3000 = CLOSED_SHELL('',(#3001,#3089,#3093));
#3001 = ADVANCED_FACE('',(#3002),#3015,.T.);
#3002 = FACE_BOUND('',#3003,.T.);
#3003 = EDGE_LOOP('',(#3004,#3038,#3061,#3088));
#3004 = ORIENTED_EDGE('',*,*,#3005,.F.);
#3005 = EDGE_CURVE('',#3006,#3006,#3008,.T.);
#3006 = VERTEX_POINT('',#3007);
#3007 = CARTESIAN_POINT('',(4.56E+03,660.,-60.));
#3008 = SURFACE_CURVE('',#3009,(#3014,#3026),.PCURVE_S1.);
#3009 = CIRCLE('',#3010,60.);
#3010 = AXIS2_PLACEMENT_3D('',#3011,#3012,#3013);
#3011 = CARTESIAN_POINT('',(4.56E+03,660.,-2.6645352591E-14));
#3012 = DIRECTION('',(1.,0.,-2.22044604925E-16));
#3013 = DIRECTION('',(-2.22044604925E-16,0.,-1.));
#3014 = PCURVE('',#3015,#3020);
#3015 = CYLINDRICAL_SURFACE('',#3016,60.);
#3016 = AXIS2_PLACEMENT_3D('',#3017,#3018,#3019);
#3017 = CARTESIAN_POINT('',(4.44E+03,660.,0.));
#3018 = DIRECTION('',(1.,0.,-2.22044604925E-16));
#3019 = DIRECTION('',(-2.22044604925E-16,0.,-1.));
#3020 = DEFINITIONAL_REPRESENTATION('',(#3021),#3025);
#3021 = LINE('',#3022,#3023);
#3022 = CARTESIAN_POINT('',(0.,120.));
#3023 = VECTOR('',#3024,1.);
#3024 = DIRECTION('',(1.,0.));
#3025 = ( GEOMETRIC_REPRESENTATION_CONTEXT(2) 
PARAMETRIC_REPRESENTATION_CONTEXT() REPRESENTATION_CONTEXT('2D SPACE',''
  ) );
#3026 = PCURVE('',#3027,#3032);
#3027 = PLANE('',#3028);
#3028 = AXIS2_PLACEMENT_3D('',#3029,#3030,#3031);
#3029 = CARTESIAN_POINT('',(4.56E+03,660.,-2.6645352591E-14));
#3030 = DIRECTION('',(1.,0.,-2.22044604925E-16));
#3031 = DIRECTION('',(-2.22044604925E-16,0.,-1.));
#3032 = DEFINITIONAL_REPRESENTATION('',(#3033),#3037);
#3033 = CIRCLE('',#3034,60.);
#3034 = AXIS2_PLACEMENT_2D('',#3035,#3036);
#3035 = CARTESIAN_POINT('',(0.,0.));
#3036 = DIRECTION('',(1.,0.));
#3037 = ( GEOMETRIC_REPRESENTATION_CONTEXT(2) 
PARAMETRIC_REPRESENTATION_CONTEXT() REPRESENTATION_CONTEXT('2D SPACE',''
  ) );
#3038 = ORIENTED_EDGE('',*,*,#3039,.F.);
#3039 = EDGE_CURVE('',#3040,#3006,#3042,.T.);
#3040 = VERTEX_POINT('',#3041);
#3041 = CARTESIAN_POINT('',(4.44E+03,660.,-60.));
#3042 = SEAM_CURVE('',#3043,(#3047,#3054),.PCURVE_S1.);
#3043 = LINE('',#3044,#3045);
#3044 = CARTESIAN_POINT('',(4.44E+03,660.,-60.));
#3045 = VECTOR('',#3046,1.);
#3046 = DIRECTION('',(1.,0.,-2.22044604925E-16));
#3047 = PCURVE('',#3015,#3048);
#3048 = DEFINITIONAL_REPRESENTATION('',(#3049),#3053);
#3049 = LINE('',#3050,#3051);
#3050 = CARTESIAN_POINT('',(6.28318530718,-0.));
#3051 = VECTOR('',#3052,1.);
#3052 = DIRECTION('',(0.,1.));
#3053 = ( GEOMETRIC_REPRESENTATION_CONTEXT(2) 
PARAMETRIC_REPRESENTATION_CONTEXT() REPRESENTATION_CONTEXT('2D SPACE',''
  ) );
#3054 = PCURVE('',#3015,#3055);
#3055 = DEFINITIONAL_REPRESENTATION('',(#3056),#3060);
#3056 = LINE('',#3057,#3058);
#3057 = CARTESIAN_POINT('',(0.,-0.));
#3058 = VECTOR('',#3059,1.);
#3059 = DIRECTION('',(0.,1.));
#3060 = ( GEOMETRIC_REPRESENTATION_CONTEXT(2) 
PARAMETRIC_REPRESENTATION_CONTEXT() REPRESENTATION_CONTEXT('2D SPACE',''
  ) );
#3061 = ORIENTED_EDGE('',*,*,#3062,.T.);
#3062 = EDGE_CURVE('',#3040,#3040,#3063,.T.);
#3063 = SURFACE_CURVE('',#3064,(#3069,#3076),.PCURVE_S1.);
#3064 = CIRCLE('',#3065,60.);
#3065 = AXIS2_PLACEMENT_3D('',#3066,#3067,#3068);
#3066 = CARTESIAN_POINT('',(4.44E+03,660.,0.));
#3067 = DIRECTION('',(1.,0.,-2.22044604925E-16));
#3068 = DIRECTION('',(-2.22044604925E-16,0.,-1.));
#3069 = PCURVE('',#3015,#3070);
#3070 = DEFINITIONAL_REPRESENTATION('',(#3071),#3075);
#3071 = LINE('',#3072,#3073);
#3072 = CARTESIAN_POINT('',(0.,0.));
#3073 = VECTOR('',#3074,1.);
#3074 = DIRECTION('',(1.,0.));
#3075 = ( GEOMETRIC_REPRESENTATION_CONTEXT(2) 
PARAMETRIC_REPRESENTATION_CONTEXT() REPRESENTATION_CONTEXT('2D SPACE',''
  ) );
#3076 = PCURVE('',#3077,#3082);
#3077 = PLANE('',#3078);
#3078 = AXIS2_PLACEMENT_3D('',#3079,#3080,#3081);
#3079 = CARTESIAN_POINT('',(4.44E+03,660.,0.));
#3080 = DIRECTION('',(1.,0.,-2.22044604925E-16));
#3081 = DIRECTION('',(-2.22044604925E-16,0.,-1.));
#3082 = DEFINITIONAL_REPRESENTATION('',(#3083),#3087);
#3083 = CIRCLE('',#3084,60.);
#3084 = AXIS2_PLACEMENT_2D('',#3085,#3086);
#3085 = CARTESIAN_POINT('',(0.,0.));
#3086 = DIRECTION('',(1.,0.));
#3087 = ( GEOMETRIC_REPRESENTATION_CONTEXT(2) 
PARAMETRIC_REPRESENTATION_CONTEXT() REPRESENTATION_CONTEXT('2D SPACE',''
  ) );
#3088 = ORIENTED_EDGE('',*,*,#3039,.T.);
#3089 = ADVANCED_FACE('',(#3090),#3027,.T.);
#3090 = FACE_BOUND('',#3091,.T.);
#3091 = EDGE_LOOP('',(#3092));
#3092 = ORIENTED_EDGE('',*,*,#3005,.T.);
#3093 = ADVANCED_FACE('',(#3094),#3077,.F.);
#3094 = FACE_BOUND('',#3095,.T.);
#3095 = EDGE_LOOP('',(#3096));
#3096 = ORIENTED_EDGE('',*,*,#3062,.F.);
#3097 = ( GEOMETRIC_REPRESENTATION_CONTEXT(3) 
GLOBAL_UNCERTAINTY_ASSIGNED_CONTEXT((#3101)) 
GLOBAL_UNIT_ASSIGNED_CONTEXT((#3098,#3099,#3100)) REPRESENTATION_CONTEXT
('Context #1','3D Context with UNIT and UNCERTAINTY') );
#3098 = ( LENGTH_UNIT() NAMED_UNIT(*) SI_UNIT(.MILLI.,.METRE.) );
#3099 = ( NAMED_UNIT(*) PLANE_ANGLE_UNIT() SI_UNIT($,.RADIAN.) );
#3100 = ( NAMED_UNIT(*) SI_UNIT($,.STERADIAN.) SOLID_ANGLE_UNIT() );
#3101 = UNCERTAINTY_MEASURE_WITH_UNIT(LENGTH_MEASURE(1.E-07),#3098,
  'distance_accuracy_value','confusion accuracy');
#3102 = PRODUCT_RELATED_PRODUCT_CATEGORY('part',$,(#2701));
#3103 = SHAPE_DEFINITION_REPRESENTATION(#3104,#3110);
#3104 = PRODUCT_DEFINITION_SHAPE('','',#3105);
#3105 = PRODUCT_DEFINITION('design','',#3106,#3109);
#3106 = PRODUCT_DEFINITION_FORMATION('','',#3107);
#3107 = PRODUCT('Shield_Rim','Shield_Rim','',(#3108));
#3108 = PRODUCT_CONTEXT('',#2,'mechanical');
#3109 = PRODUCT_DEFINITION_CONTEXT('part definition',#2,'design');
#3110 = SHAPE_REPRESENTATION('',(#11,#3111,#4425),#4483);
#3111 = MANIFOLD_SOLID_BREP('',#3112);
#3112 = CLOSED_SHELL('',(#3113,#3233,#3319,#3400,#3481,#3557,#3588,#3619
    ,#3695,#3776,#3802,#3883,#3909,#3985,#4017,#4049,#4125,#4157,#4226,
    #4258,#4327,#4394,#4400,#4406,#4413,#4419));
#3113 = ADVANCED_FACE('',(#3114),#3128,.F.);
#3114 = FACE_BOUND('',#3115,.F.);
#3115 = EDGE_LOOP('',(#3116,#3151,#3179,#3207));
#3116 = ORIENTED_EDGE('',*,*,#3117,.F.);
#3117 = EDGE_CURVE('',#3118,#3120,#3122,.T.);
#3118 = VERTEX_POINT('',#3119);
#3119 = CARTESIAN_POINT('',(-1.7763568394E-15,-54.,-24.));
#3120 = VERTEX_POINT('',#3121);
#3121 = CARTESIAN_POINT('',(-1.7763568394E-15,-54.,24.));
#3122 = SURFACE_CURVE('',#3123,(#3127,#3139),.PCURVE_S1.);
#3123 = LINE('',#3124,#3125);
#3124 = CARTESIAN_POINT('',(0.,-54.,-30.));
#3125 = VECTOR('',#3126,1.);
#3126 = DIRECTION('',(0.,0.,1.));
#3127 = PCURVE('',#3128,#3133);
#3128 = PLANE('',#3129);
#3129 = AXIS2_PLACEMENT_3D('',#3130,#3131,#3132);
#3130 = CARTESIAN_POINT('',(0.,-60.,-30.));
#3131 = DIRECTION('',(1.,0.,0.));
#3132 = DIRECTION('',(0.,0.,1.));
#3133 = DEFINITIONAL_REPRESENTATION('',(#3134),#3138);
#3134 = LINE('',#3135,#3136);
#3135 = CARTESIAN_POINT('',(0.,-6.));
#3136 = VECTOR('',#3137,1.);
#3137 = DIRECTION('',(1.,0.));
#3138 = ( GEOMETRIC_REPRESENTATION_CONTEXT(2) 
PARAMETRIC_REPRESENTATION_CONTEXT() REPRESENTATION_CONTEXT('2D SPACE',''
  ) );
#3139 = PCURVE('',#3140,#3145);
#3140 = PLANE('',#3141);
#3141 = AXIS2_PLACEMENT_3D('',#3142,#3143,#3144);
#3142 = CARTESIAN_POINT('',(3.,-57.,-30.));
#3143 = DIRECTION('',(-0.707106781187,-0.707106781187,0.));
#3144 = DIRECTION('',(-0.,-0.,-1.));
#3145 = DEFINITIONAL_REPRESENTATION('',(#3146),#3150);
#3146 = LINE('',#3147,#3148);
#3147 = CARTESIAN_POINT('',(-0.,-4.242640687119));
#3148 = VECTOR('',#3149,1.);
#3149 = DIRECTION('',(-1.,0.));
#3150 = ( GEOMETRIC_REPRESENTATION_CONTEXT(2) 
PARAMETRIC_REPRESENTATION_CONTEXT() REPRESENTATION_CONTEXT('2D SPACE',''
  ) );
#3151 = ORIENTED_EDGE('',*,*,#3152,.T.);
#3152 = EDGE_CURVE('',#3118,#3153,#3155,.T.);
#3153 = VERTEX_POINT('',#3154);
#3154 = CARTESIAN_POINT('',(-1.7763568394E-15,54.,-24.));
#3155 = SURFACE_CURVE('',#3156,(#3160,#3167),.PCURVE_S1.);
#3156 = LINE('',#3157,#3158);
#3157 = CARTESIAN_POINT('',(0.,-60.,-24.));
#3158 = VECTOR('',#3159,1.);
#3159 = DIRECTION('',(0.,1.,0.));
#3160 = PCURVE('',#3128,#3161);
#3161 = DEFINITIONAL_REPRESENTATION('',(#3162),#3166);
#3162 = LINE('',#3163,#3164);
#3163 = CARTESIAN_POINT('',(6.,0.));
#3164 = VECTOR('',#3165,1.);
#3165 = DIRECTION('',(0.,-1.));
#3166 = ( GEOMETRIC_REPRESENTATION_CONTEXT(2) 
PARAMETRIC_REPRESENTATION_CONTEXT() REPRESENTATION_CONTEXT('2D SPACE',''
  ) );
#3167 = PCURVE('',#3168,#3173);
#3168 = PLANE('',#3169);
#3169 = AXIS2_PLACEMENT_3D('',#3170,#3171,#3172);
#3170 = CARTESIAN_POINT('',(3.,-60.,-27.));
#3171 = DIRECTION('',(-0.707106781187,0.,-0.707106781187));
#3172 = DIRECTION('',(0.,1.,0.));
#3173 = DEFINITIONAL_REPRESENTATION('',(#3174),#3178);
#3174 = LINE('',#3175,#3176);
#3175 = CARTESIAN_POINT('',(0.,-4.242640687119));
#3176 = VECTOR('',#3177,1.);
#3177 = DIRECTION('',(1.,0.));
#3178 = ( GEOMETRIC_REPRESENTATION_CONTEXT(2) 
PARAMETRIC_REPRESENTATION_CONTEXT() REPRESENTATION_CONTEXT('2D SPACE',''
  ) );
#3179 = ORIENTED_EDGE('',*,*,#3180,.T.);
#3180 = EDGE_CURVE('',#3153,#3181,#3183,.T.);
#3181 = VERTEX_POINT('',#3182);
#3182 = CARTESIAN_POINT('',(-1.7763568394E-15,54.,24.));
#3183 = SURFACE_CURVE('',#3184,(#3188,#3195),.PCURVE_S1.);
#3184 = LINE('',#3185,#3186);
#3185 = CARTESIAN_POINT('',(0.,54.,-30.));
#3186 = VECTOR('',#3187,1.);
#3187 = DIRECTION('',(0.,0.,1.));
#3188 = PCURVE('',#3128,#3189);
#3189 = DEFINITIONAL_REPRESENTATION('',(#3190),#3194);
#3190 = LINE('',#3191,#3192);
#3191 = CARTESIAN_POINT('',(0.,-114.));
#3192 = VECTOR('',#3193,1.);
#3193 = DIRECTION('',(1.,0.));
#3194 = ( GEOMETRIC_REPRESENTATION_CONTEXT(2) 
PARAMETRIC_REPRESENTATION_CONTEXT() REPRESENTATION_CONTEXT('2D SPACE',''
  ) );
#3195 = PCURVE('',#3196,#3201);
#3196 = PLANE('',#3197);
#3197 = AXIS2_PLACEMENT_3D('',#3198,#3199,#3200);
#3198 = CARTESIAN_POINT('',(3.,57.,-30.));
#3199 = DIRECTION('',(0.707106781187,-0.707106781187,0.));
#3200 = DIRECTION('',(-0.,-0.,-1.));
#3201 = DEFINITIONAL_REPRESENTATION('',(#3202),#3206);
#3202 = LINE('',#3203,#3204);
#3203 = CARTESIAN_POINT('',(-0.,-4.242640687119));
#3204 = VECTOR('',#3205,1.);
#3205 = DIRECTION('',(-1.,0.));
#3206 = ( GEOMETRIC_REPRESENTATION_CONTEXT(2) 
PARAMETRIC_REPRESENTATION_CONTEXT() REPRESENTATION_CONTEXT('2D SPACE',''
  ) );
#3207 = ORIENTED_EDGE('',*,*,#3208,.F.);
#3208 = EDGE_CURVE('',#3120,#3181,#3209,.T.);
#3209 = SURFACE_CURVE('',#3210,(#3214,#3221),.PCURVE_S1.);
#3210 = LINE('',#3211,#3212);
#3211 = CARTESIAN_POINT('',(0.,-60.,24.));
#3212 = VECTOR('',#3213,1.);
#3213 = DIRECTION('',(0.,1.,0.));
#3214 = PCURVE('',#3128,#3215);
#3215 = DEFINITIONAL_REPRESENTATION('',(#3216),#3220);
#3216 = LINE('',#3217,#3218);
#3217 = CARTESIAN_POINT('',(54.,0.));
#3218 = VECTOR('',#3219,1.);
#3219 = DIRECTION('',(0.,-1.));
#3220 = ( GEOMETRIC_REPRESENTATION_CONTEXT(2) 
PARAMETRIC_REPRESENTATION_CONTEXT() REPRESENTATION_CONTEXT('2D SPACE',''
  ) );
#3221 = PCURVE('',#3222,#3227);
#3222 = PLANE('',#3223);
#3223 = AXIS2_PLACEMENT_3D('',#3224,#3225,#3226);
#3224 = CARTESIAN_POINT('',(3.,-60.,27.));
#3225 = DIRECTION('',(0.707106781187,0.,-0.707106781187));
#3226 = DIRECTION('',(0.,1.,0.));
#3227 = DEFINITIONAL_REPRESENTATION('',(#3228),#3232);
#3228 = LINE('',#3229,#3230);
#3229 = CARTESIAN_POINT('',(0.,-4.242640687119));
#3230 = VECTOR('',#3231,1.);
#3231 = DIRECTION('',(1.,0.));
#3232 = ( GEOMETRIC_REPRESENTATION_CONTEXT(2) 
PARAMETRIC_REPRESENTATION_CONTEXT() REPRESENTATION_CONTEXT('2D SPACE',''
  ) );
#3233 = ADVANCED_FACE('',(#3234),#3140,.T.);
#3234 = FACE_BOUND('',#3235,.F.);
#3235 = EDGE_LOOP('',(#3236,#3237,#3265,#3293));
#3236 = ORIENTED_EDGE('',*,*,#3117,.T.);
#3237 = ORIENTED_EDGE('',*,*,#3238,.T.);
#3238 = EDGE_CURVE('',#3120,#3239,#3241,.T.);
#3239 = VERTEX_POINT('',#3240);
#3240 = CARTESIAN_POINT('',(6.,-60.,24.));
#3241 = SURFACE_CURVE('',#3242,(#3246,#3253),.PCURVE_S1.);
#3242 = LINE('',#3243,#3244);
#3243 = CARTESIAN_POINT('',(3.,-57.,24.));
#3244 = VECTOR('',#3245,1.);
#3245 = DIRECTION('',(0.707106781187,-0.707106781187,1.249925746149E-15)
  );
#3246 = PCURVE('',#3140,#3247);
#3247 = DEFINITIONAL_REPRESENTATION('',(#3248),#3252);
#3248 = LINE('',#3249,#3250);
#3249 = CARTESIAN_POINT('',(-54.,-2.983175671499E-14));
#3250 = VECTOR('',#3251,1.);
#3251 = DIRECTION('',(-1.249925746149E-15,1.));
#3252 = ( GEOMETRIC_REPRESENTATION_CONTEXT(2) 
PARAMETRIC_REPRESENTATION_CONTEXT() REPRESENTATION_CONTEXT('2D SPACE',''
  ) );
#3253 = PCURVE('',#3254,#3259);
#3254 = PLANE('',#3255);
#3255 = AXIS2_PLACEMENT_3D('',#3256,#3257,#3258);
#3256 = CARTESIAN_POINT('',(6.,-54.,30.));
#3257 = DIRECTION('',(0.57735026919,0.57735026919,-0.57735026919));
#3258 = DIRECTION('',(0.707106781187,-0.707106781187,0.));
#3259 = DEFINITIONAL_REPRESENTATION('',(#3260),#3264);
#3260 = LINE('',#3261,#3262);
#3261 = CARTESIAN_POINT('',(-2.531308496145E-14,7.34846922835));
#3262 = VECTOR('',#3263,1.);
#3263 = DIRECTION('',(1.,-1.575671610457E-15));
#3264 = ( GEOMETRIC_REPRESENTATION_CONTEXT(2) 
PARAMETRIC_REPRESENTATION_CONTEXT() REPRESENTATION_CONTEXT('2D SPACE',''
  ) );
#3265 = ORIENTED_EDGE('',*,*,#3266,.F.);
#3266 = EDGE_CURVE('',#3267,#3239,#3269,.T.);
#3267 = VERTEX_POINT('',#3268);
#3268 = CARTESIAN_POINT('',(6.,-60.,-24.));
#3269 = SURFACE_CURVE('',#3270,(#3274,#3281),.PCURVE_S1.);
#3270 = LINE('',#3271,#3272);
#3271 = CARTESIAN_POINT('',(6.,-60.,-30.));
#3272 = VECTOR('',#3273,1.);
#3273 = DIRECTION('',(0.,0.,1.));
#3274 = PCURVE('',#3140,#3275);
#3275 = DEFINITIONAL_REPRESENTATION('',(#3276),#3280);
#3276 = LINE('',#3277,#3278);
#3277 = CARTESIAN_POINT('',(-0.,4.242640687119));
#3278 = VECTOR('',#3279,1.);
#3279 = DIRECTION('',(-1.,0.));
#3280 = ( GEOMETRIC_REPRESENTATION_CONTEXT(2) 
PARAMETRIC_REPRESENTATION_CONTEXT() REPRESENTATION_CONTEXT('2D SPACE',''
  ) );
#3281 = PCURVE('',#3282,#3287);
#3282 = PLANE('',#3283);
#3283 = AXIS2_PLACEMENT_3D('',#3284,#3285,#3286);
#3284 = CARTESIAN_POINT('',(0.,-60.,-30.));
#3285 = DIRECTION('',(0.,1.,0.));
#3286 = DIRECTION('',(0.,0.,1.));
#3287 = DEFINITIONAL_REPRESENTATION('',(#3288),#3292);
#3288 = LINE('',#3289,#3290);
#3289 = CARTESIAN_POINT('',(0.,6.));
#3290 = VECTOR('',#3291,1.);
#3291 = DIRECTION('',(1.,0.));
#3292 = ( GEOMETRIC_REPRESENTATION_CONTEXT(2) 
PARAMETRIC_REPRESENTATION_CONTEXT() REPRESENTATION_CONTEXT('2D SPACE',''
  ) );
#3293 = ORIENTED_EDGE('',*,*,#3294,.F.);
#3294 = EDGE_CURVE('',#3118,#3267,#3295,.T.);
#3295 = SURFACE_CURVE('',#3296,(#3300,#3307),.PCURVE_S1.);
#3296 = LINE('',#3297,#3298);
#3297 = CARTESIAN_POINT('',(3.,-57.,-24.));
#3298 = VECTOR('',#3299,1.);
#3299 = DIRECTION('',(0.707106781187,-0.707106781187,-1.634518283426E-15
    ));
#3300 = PCURVE('',#3140,#3301);
#3301 = DEFINITIONAL_REPRESENTATION('',(#3302),#3306);
#3302 = LINE('',#3303,#3304);
#3303 = CARTESIAN_POINT('',(-6.,1.004859173558E-14));
#3304 = VECTOR('',#3305,1.);
#3305 = DIRECTION('',(1.634518283426E-15,1.));
#3306 = ( GEOMETRIC_REPRESENTATION_CONTEXT(2) 
PARAMETRIC_REPRESENTATION_CONTEXT() REPRESENTATION_CONTEXT('2D SPACE',''
  ) );
#3307 = PCURVE('',#3308,#3313);
#3308 = PLANE('',#3309);
#3309 = AXIS2_PLACEMENT_3D('',#3310,#3311,#3312);
#3310 = CARTESIAN_POINT('',(6.,-54.,-30.));
#3311 = DIRECTION('',(-0.57735026919,-0.57735026919,-0.57735026919));
#3312 = DIRECTION('',(0.707106781187,-0.707106781187,-4.163336342344E-16
    ));
#3313 = DEFINITIONAL_REPRESENTATION('',(#3314),#3318);
#3314 = LINE('',#3315,#3316);
#3315 = CARTESIAN_POINT('',(1.17128529098E-14,7.34846922835));
#3316 = VECTOR('',#3317,1.);
#3317 = DIRECTION('',(1.,-1.445600892344E-15));
#3318 = ( GEOMETRIC_REPRESENTATION_CONTEXT(2) 
PARAMETRIC_REPRESENTATION_CONTEXT() REPRESENTATION_CONTEXT('2D SPACE',''
  ) );
#3319 = ADVANCED_FACE('',(#3320),#3168,.T.);
#3320 = FACE_BOUND('',#3321,.T.);
#3321 = EDGE_LOOP('',(#3322,#3345,#3346,#3374));
#3322 = ORIENTED_EDGE('',*,*,#3323,.T.);
#3323 = EDGE_CURVE('',#3324,#3118,#3326,.T.);
#3324 = VERTEX_POINT('',#3325);
#3325 = CARTESIAN_POINT('',(6.,-54.,-30.));
#3326 = SURFACE_CURVE('',#3327,(#3331,#3338),.PCURVE_S1.);
#3327 = LINE('',#3328,#3329);
#3328 = CARTESIAN_POINT('',(4.5,-54.,-28.5));
#3329 = VECTOR('',#3330,1.);
#3330 = DIRECTION('',(-0.707106781187,7.691850745534E-16,0.707106781187)
  );
#3331 = PCURVE('',#3168,#3332);
#3332 = DEFINITIONAL_REPRESENTATION('',(#3333),#3337);
#3333 = LINE('',#3334,#3335);
#3334 = CARTESIAN_POINT('',(6.,2.12132034356));
#3335 = VECTOR('',#3336,1.);
#3336 = DIRECTION('',(7.691850745534E-16,-1.));
#3337 = ( GEOMETRIC_REPRESENTATION_CONTEXT(2) 
PARAMETRIC_REPRESENTATION_CONTEXT() REPRESENTATION_CONTEXT('2D SPACE',''
  ) );
#3338 = PCURVE('',#3308,#3339);
#3339 = DEFINITIONAL_REPRESENTATION('',(#3340),#3344);
#3340 = LINE('',#3341,#3342);
#3341 = CARTESIAN_POINT('',(-1.06066017178,1.837117307087));
#3342 = VECTOR('',#3343,1.);
#3343 = DIRECTION('',(-0.5,0.866025403784));
#3344 = ( GEOMETRIC_REPRESENTATION_CONTEXT(2) 
PARAMETRIC_REPRESENTATION_CONTEXT() REPRESENTATION_CONTEXT('2D SPACE',''
  ) );
#3345 = ORIENTED_EDGE('',*,*,#3152,.T.);
#3346 = ORIENTED_EDGE('',*,*,#3347,.F.);
#3347 = EDGE_CURVE('',#3348,#3153,#3350,.T.);
#3348 = VERTEX_POINT('',#3349);
#3349 = CARTESIAN_POINT('',(6.,54.,-30.));
#3350 = SURFACE_CURVE('',#3351,(#3355,#3362),.PCURVE_S1.);
#3351 = LINE('',#3352,#3353);
#3352 = CARTESIAN_POINT('',(4.5,54.,-28.5));
#3353 = VECTOR('',#3354,1.);
#3354 = DIRECTION('',(-0.707106781187,9.614813431918E-17,0.707106781187)
  );
#3355 = PCURVE('',#3168,#3356);
#3356 = DEFINITIONAL_REPRESENTATION('',(#3357),#3361);
#3357 = LINE('',#3358,#3359);
#3358 = CARTESIAN_POINT('',(114.,2.12132034356));
#3359 = VECTOR('',#3360,1.);
#3360 = DIRECTION('',(9.614813431918E-17,-1.));
#3361 = ( GEOMETRIC_REPRESENTATION_CONTEXT(2) 
PARAMETRIC_REPRESENTATION_CONTEXT() REPRESENTATION_CONTEXT('2D SPACE',''
  ) );
#3362 = PCURVE('',#3363,#3368);
#3363 = PLANE('',#3364);
#3364 = AXIS2_PLACEMENT_3D('',#3365,#3366,#3367);
#3365 = CARTESIAN_POINT('',(6.,54.,-30.));
#3366 = DIRECTION('',(0.57735026919,-0.57735026919,0.57735026919));
#3367 = DIRECTION('',(0.707106781187,0.707106781187,-4.440892098501E-16)
  );
#3368 = DEFINITIONAL_REPRESENTATION('',(#3369),#3373);
#3369 = LINE('',#3370,#3371);
#3370 = CARTESIAN_POINT('',(-1.06066017178,1.837117307087));
#3371 = VECTOR('',#3372,1.);
#3372 = DIRECTION('',(-0.5,0.866025403784));
#3373 = ( GEOMETRIC_REPRESENTATION_CONTEXT(2) 
PARAMETRIC_REPRESENTATION_CONTEXT() REPRESENTATION_CONTEXT('2D SPACE',''
  ) );
#3374 = ORIENTED_EDGE('',*,*,#3375,.F.);
#3375 = EDGE_CURVE('',#3324,#3348,#3376,.T.);
#3376 = SURFACE_CURVE('',#3377,(#3381,#3388),.PCURVE_S1.);
#3377 = LINE('',#3378,#3379);
#3378 = CARTESIAN_POINT('',(6.,-60.,-30.));
#3379 = VECTOR('',#3380,1.);
#3380 = DIRECTION('',(0.,1.,0.));
#3381 = PCURVE('',#3168,#3382);
#3382 = DEFINITIONAL_REPRESENTATION('',(#3383),#3387);
#3383 = LINE('',#3384,#3385);
#3384 = CARTESIAN_POINT('',(0.,4.242640687119));
#3385 = VECTOR('',#3386,1.);
#3386 = DIRECTION('',(1.,0.));
#3387 = ( GEOMETRIC_REPRESENTATION_CONTEXT(2) 
PARAMETRIC_REPRESENTATION_CONTEXT() REPRESENTATION_CONTEXT('2D SPACE',''
  ) );
#3388 = PCURVE('',#3389,#3394);
#3389 = PLANE('',#3390);
#3390 = AXIS2_PLACEMENT_3D('',#3391,#3392,#3393);
#3391 = CARTESIAN_POINT('',(0.,-60.,-30.));
#3392 = DIRECTION('',(0.,0.,1.));
#3393 = DIRECTION('',(1.,0.,0.));
#3394 = DEFINITIONAL_REPRESENTATION('',(#3395),#3399);
#3395 = LINE('',#3396,#3397);
#3396 = CARTESIAN_POINT('',(6.,0.));
#3397 = VECTOR('',#3398,1.);
#3398 = DIRECTION('',(0.,1.));
#3399 = ( GEOMETRIC_REPRESENTATION_CONTEXT(2) 
PARAMETRIC_REPRESENTATION_CONTEXT() REPRESENTATION_CONTEXT('2D SPACE',''
  ) );
#3400 = ADVANCED_FACE('',(#3401),#3222,.F.);
#3401 = FACE_BOUND('',#3402,.F.);
#3402 = EDGE_LOOP('',(#3403,#3426,#3427,#3455));
#3403 = ORIENTED_EDGE('',*,*,#3404,.T.);
#3404 = EDGE_CURVE('',#3405,#3120,#3407,.T.);
#3405 = VERTEX_POINT('',#3406);
#3406 = CARTESIAN_POINT('',(6.,-54.,30.));
#3407 = SURFACE_CURVE('',#3408,(#3412,#3419),.PCURVE_S1.);
#3408 = LINE('',#3409,#3410);
#3409 = CARTESIAN_POINT('',(4.5,-54.,28.5));
#3410 = VECTOR('',#3411,1.);
#3411 = DIRECTION('',(-0.707106781187,6.730369402342E-16,-0.707106781187
    ));
#3412 = PCURVE('',#3222,#3413);
#3413 = DEFINITIONAL_REPRESENTATION('',(#3414),#3418);
#3414 = LINE('',#3415,#3416);
#3415 = CARTESIAN_POINT('',(6.,2.12132034356));
#3416 = VECTOR('',#3417,1.);
#3417 = DIRECTION('',(6.730369402342E-16,-1.));
#3418 = ( GEOMETRIC_REPRESENTATION_CONTEXT(2) 
PARAMETRIC_REPRESENTATION_CONTEXT() REPRESENTATION_CONTEXT('2D SPACE',''
  ) );
#3419 = PCURVE('',#3254,#3420);
#3420 = DEFINITIONAL_REPRESENTATION('',(#3421),#3425);
#3421 = LINE('',#3422,#3423);
#3422 = CARTESIAN_POINT('',(-1.06066017178,1.837117307087));
#3423 = VECTOR('',#3424,1.);
#3424 = DIRECTION('',(-0.5,0.866025403784));
#3425 = ( GEOMETRIC_REPRESENTATION_CONTEXT(2) 
PARAMETRIC_REPRESENTATION_CONTEXT() REPRESENTATION_CONTEXT('2D SPACE',''
  ) );
#3426 = ORIENTED_EDGE('',*,*,#3208,.T.);
#3427 = ORIENTED_EDGE('',*,*,#3428,.T.);
#3428 = EDGE_CURVE('',#3181,#3429,#3431,.T.);
#3429 = VERTEX_POINT('',#3430);
#3430 = CARTESIAN_POINT('',(6.,54.,30.));
#3431 = SURFACE_CURVE('',#3432,(#3436,#3443),.PCURVE_S1.);
#3432 = LINE('',#3433,#3434);
#3433 = CARTESIAN_POINT('',(3.,54.,27.));
#3434 = VECTOR('',#3435,1.);
#3435 = DIRECTION('',(0.707106781187,-1.922962686384E-16,0.707106781187)
  );
#3436 = PCURVE('',#3222,#3437);
#3437 = DEFINITIONAL_REPRESENTATION('',(#3438),#3442);
#3438 = LINE('',#3439,#3440);
#3439 = CARTESIAN_POINT('',(114.,8.792517768629E-15));
#3440 = VECTOR('',#3441,1.);
#3441 = DIRECTION('',(-1.922962686384E-16,1.));
#3442 = ( GEOMETRIC_REPRESENTATION_CONTEXT(2) 
PARAMETRIC_REPRESENTATION_CONTEXT() REPRESENTATION_CONTEXT('2D SPACE',''
  ) );
#3443 = PCURVE('',#3444,#3449);
#3444 = PLANE('',#3445);
#3445 = AXIS2_PLACEMENT_3D('',#3446,#3447,#3448);
#3446 = CARTESIAN_POINT('',(6.,60.,24.));
#3447 = DIRECTION('',(0.57735026919,-0.57735026919,-0.57735026919));
#3448 = DIRECTION('',(0.707106781187,0.,0.707106781187));
#3449 = DEFINITIONAL_REPRESENTATION('',(#3450),#3454);
#3450 = LINE('',#3451,#3452);
#3451 = CARTESIAN_POINT('',(1.199040866595E-14,7.34846922835));
#3452 = VECTOR('',#3453,1.);
#3453 = DIRECTION('',(1.,2.22044604925E-16));
#3454 = ( GEOMETRIC_REPRESENTATION_CONTEXT(2) 
PARAMETRIC_REPRESENTATION_CONTEXT() REPRESENTATION_CONTEXT('2D SPACE',''
  ) );
#3455 = ORIENTED_EDGE('',*,*,#3456,.F.);
#3456 = EDGE_CURVE('',#3405,#3429,#3457,.T.);
#3457 = SURFACE_CURVE('',#3458,(#3462,#3469),.PCURVE_S1.);
#3458 = LINE('',#3459,#3460);
#3459 = CARTESIAN_POINT('',(6.,-60.,30.));
#3460 = VECTOR('',#3461,1.);
#3461 = DIRECTION('',(0.,1.,0.));
#3462 = PCURVE('',#3222,#3463);
#3463 = DEFINITIONAL_REPRESENTATION('',(#3464),#3468);
#3464 = LINE('',#3465,#3466);
#3465 = CARTESIAN_POINT('',(0.,4.242640687119));
#3466 = VECTOR('',#3467,1.);
#3467 = DIRECTION('',(1.,0.));
#3468 = ( GEOMETRIC_REPRESENTATION_CONTEXT(2) 
PARAMETRIC_REPRESENTATION_CONTEXT() REPRESENTATION_CONTEXT('2D SPACE',''
  ) );
#3469 = PCURVE('',#3470,#3475);
#3470 = PLANE('',#3471);
#3471 = AXIS2_PLACEMENT_3D('',#3472,#3473,#3474);
#3472 = CARTESIAN_POINT('',(0.,-60.,30.));
#3473 = DIRECTION('',(0.,0.,1.));
#3474 = DIRECTION('',(1.,0.,0.));
#3475 = DEFINITIONAL_REPRESENTATION('',(#3476),#3480);
#3476 = LINE('',#3477,#3478);
#3477 = CARTESIAN_POINT('',(6.,0.));
#3478 = VECTOR('',#3479,1.);
#3479 = DIRECTION('',(0.,1.));
#3480 = ( GEOMETRIC_REPRESENTATION_CONTEXT(2) 
PARAMETRIC_REPRESENTATION_CONTEXT() REPRESENTATION_CONTEXT('2D SPACE',''
  ) );
#3481 = ADVANCED_FACE('',(#3482),#3196,.F.);
#3482 = FACE_BOUND('',#3483,.T.);
#3483 = EDGE_LOOP('',(#3484,#3485,#3508,#3536));
#3484 = ORIENTED_EDGE('',*,*,#3180,.T.);
#3485 = ORIENTED_EDGE('',*,*,#3486,.F.);
#3486 = EDGE_CURVE('',#3487,#3181,#3489,.T.);
#3487 = VERTEX_POINT('',#3488);
#3488 = CARTESIAN_POINT('',(6.,60.,24.));
#3489 = SURFACE_CURVE('',#3490,(#3494,#3501),.PCURVE_S1.);
#3490 = LINE('',#3491,#3492);
#3491 = CARTESIAN_POINT('',(4.5,58.5,24.));
#3492 = VECTOR('',#3493,1.);
#3493 = DIRECTION('',(-0.707106781187,-0.707106781187,
    -3.845925372767E-16));
#3494 = PCURVE('',#3196,#3495);
#3495 = DEFINITIONAL_REPRESENTATION('',(#3496),#3500);
#3496 = LINE('',#3497,#3498);
#3497 = CARTESIAN_POINT('',(-54.,2.12132034356));
#3498 = VECTOR('',#3499,1.);
#3499 = DIRECTION('',(3.845925372767E-16,-1.));
#3500 = ( GEOMETRIC_REPRESENTATION_CONTEXT(2) 
PARAMETRIC_REPRESENTATION_CONTEXT() REPRESENTATION_CONTEXT('2D SPACE',''
  ) );
#3501 = PCURVE('',#3444,#3502);
#3502 = DEFINITIONAL_REPRESENTATION('',(#3503),#3507);
#3503 = LINE('',#3504,#3505);
#3504 = CARTESIAN_POINT('',(-1.06066017178,1.837117307087));
#3505 = VECTOR('',#3506,1.);
#3506 = DIRECTION('',(-0.5,0.866025403784));
#3507 = ( GEOMETRIC_REPRESENTATION_CONTEXT(2) 
PARAMETRIC_REPRESENTATION_CONTEXT() REPRESENTATION_CONTEXT('2D SPACE',''
  ) );
#3508 = ORIENTED_EDGE('',*,*,#3509,.F.);
#3509 = EDGE_CURVE('',#3510,#3487,#3512,.T.);
#3510 = VERTEX_POINT('',#3511);
#3511 = CARTESIAN_POINT('',(6.,60.,-24.));
#3512 = SURFACE_CURVE('',#3513,(#3517,#3524),.PCURVE_S1.);
#3513 = LINE('',#3514,#3515);
#3514 = CARTESIAN_POINT('',(6.,60.,-30.));
#3515 = VECTOR('',#3516,1.);
#3516 = DIRECTION('',(0.,0.,1.));
#3517 = PCURVE('',#3196,#3518);
#3518 = DEFINITIONAL_REPRESENTATION('',(#3519),#3523);
#3519 = LINE('',#3520,#3521);
#3520 = CARTESIAN_POINT('',(-0.,4.242640687119));
#3521 = VECTOR('',#3522,1.);
#3522 = DIRECTION('',(-1.,0.));
#3523 = ( GEOMETRIC_REPRESENTATION_CONTEXT(2) 
PARAMETRIC_REPRESENTATION_CONTEXT() REPRESENTATION_CONTEXT('2D SPACE',''
  ) );
#3524 = PCURVE('',#3525,#3530);
#3525 = PLANE('',#3526);
#3526 = AXIS2_PLACEMENT_3D('',#3527,#3528,#3529);
#3527 = CARTESIAN_POINT('',(0.,60.,-30.));
#3528 = DIRECTION('',(0.,1.,0.));
#3529 = DIRECTION('',(0.,0.,1.));
#3530 = DEFINITIONAL_REPRESENTATION('',(#3531),#3535);
#3531 = LINE('',#3532,#3533);
#3532 = CARTESIAN_POINT('',(0.,6.));
#3533 = VECTOR('',#3534,1.);
#3534 = DIRECTION('',(1.,0.));
#3535 = ( GEOMETRIC_REPRESENTATION_CONTEXT(2) 
PARAMETRIC_REPRESENTATION_CONTEXT() REPRESENTATION_CONTEXT('2D SPACE',''
  ) );
#3536 = ORIENTED_EDGE('',*,*,#3537,.F.);
#3537 = EDGE_CURVE('',#3153,#3510,#3538,.T.);
#3538 = SURFACE_CURVE('',#3539,(#3543,#3550),.PCURVE_S1.);
#3539 = LINE('',#3540,#3541);
#3540 = CARTESIAN_POINT('',(3.,57.,-24.));
#3541 = VECTOR('',#3542,1.);
#3542 = DIRECTION('',(0.707106781187,0.707106781187,-8.653332088726E-16)
  );
#3543 = PCURVE('',#3196,#3544);
#3544 = DEFINITIONAL_REPRESENTATION('',(#3545),#3549);
#3545 = LINE('',#3546,#3547);
#3546 = CARTESIAN_POINT('',(-6.,2.512147933894E-15));
#3547 = VECTOR('',#3548,1.);
#3548 = DIRECTION('',(8.653332088726E-16,1.));
#3549 = ( GEOMETRIC_REPRESENTATION_CONTEXT(2) 
PARAMETRIC_REPRESENTATION_CONTEXT() REPRESENTATION_CONTEXT('2D SPACE',''
  ) );
#3550 = PCURVE('',#3363,#3551);
#3551 = DEFINITIONAL_REPRESENTATION('',(#3552),#3556);
#3552 = LINE('',#3553,#3554);
#3553 = CARTESIAN_POINT('',(1.33226762955E-15,7.34846922835));
#3554 = VECTOR('',#3555,1.);
#3555 = DIRECTION('',(1.,-4.289858502514E-16));
#3556 = ( GEOMETRIC_REPRESENTATION_CONTEXT(2) 
PARAMETRIC_REPRESENTATION_CONTEXT() REPRESENTATION_CONTEXT('2D SPACE',''
  ) );
#3557 = ADVANCED_FACE('',(#3558),#3308,.T.);
#3558 = FACE_BOUND('',#3559,.T.);
#3559 = EDGE_LOOP('',(#3560,#3561,#3587));
#3560 = ORIENTED_EDGE('',*,*,#3323,.F.);
#3561 = ORIENTED_EDGE('',*,*,#3562,.T.);
#3562 = EDGE_CURVE('',#3324,#3267,#3563,.T.);
#3563 = SURFACE_CURVE('',#3564,(#3568,#3575),.PCURVE_S1.);
#3564 = LINE('',#3565,#3566);
#3565 = CARTESIAN_POINT('',(6.,-55.5,-28.5));
#3566 = VECTOR('',#3567,1.);
#3567 = DIRECTION('',(-8.653332088726E-16,-0.707106781187,0.707106781187
    ));
#3568 = PCURVE('',#3308,#3569);
#3569 = DEFINITIONAL_REPRESENTATION('',(#3570),#3574);
#3570 = LINE('',#3571,#3572);
#3571 = CARTESIAN_POINT('',(1.06066017178,1.837117307087));
#3572 = VECTOR('',#3573,1.);
#3573 = DIRECTION('',(0.5,0.866025403784));
#3574 = ( GEOMETRIC_REPRESENTATION_CONTEXT(2) 
PARAMETRIC_REPRESENTATION_CONTEXT() REPRESENTATION_CONTEXT('2D SPACE',''
  ) );
#3575 = PCURVE('',#3576,#3581);
#3576 = PLANE('',#3577);
#3577 = AXIS2_PLACEMENT_3D('',#3578,#3579,#3580);
#3578 = CARTESIAN_POINT('',(0.,-57.,-27.));
#3579 = DIRECTION('',(0.,-0.707106781187,-0.707106781187));
#3580 = DIRECTION('',(-1.,-0.,-0.));
#3581 = DEFINITIONAL_REPRESENTATION('',(#3582),#3586);
#3582 = LINE('',#3583,#3584);
#3583 = CARTESIAN_POINT('',(-6.,2.12132034356));
#3584 = VECTOR('',#3585,1.);
#3585 = DIRECTION('',(8.653332088726E-16,-1.));
#3586 = ( GEOMETRIC_REPRESENTATION_CONTEXT(2) 
PARAMETRIC_REPRESENTATION_CONTEXT() REPRESENTATION_CONTEXT('2D SPACE',''
  ) );
#3587 = ORIENTED_EDGE('',*,*,#3294,.F.);
#3588 = ADVANCED_FACE('',(#3589),#3254,.F.);
#3589 = FACE_BOUND('',#3590,.F.);
#3590 = EDGE_LOOP('',(#3591,#3592,#3618));
#3591 = ORIENTED_EDGE('',*,*,#3404,.F.);
#3592 = ORIENTED_EDGE('',*,*,#3593,.T.);
#3593 = EDGE_CURVE('',#3405,#3239,#3594,.T.);
#3594 = SURFACE_CURVE('',#3595,(#3599,#3606),.PCURVE_S1.);
#3595 = LINE('',#3596,#3597);
#3596 = CARTESIAN_POINT('',(6.,-55.5,28.5));
#3597 = VECTOR('',#3598,1.);
#3598 = DIRECTION('',(-5.768888059151E-16,-0.707106781187,
    -0.707106781187));
#3599 = PCURVE('',#3254,#3600);
#3600 = DEFINITIONAL_REPRESENTATION('',(#3601),#3605);
#3601 = LINE('',#3602,#3603);
#3602 = CARTESIAN_POINT('',(1.06066017178,1.837117307087));
#3603 = VECTOR('',#3604,1.);
#3604 = DIRECTION('',(0.5,0.866025403784));
#3605 = ( GEOMETRIC_REPRESENTATION_CONTEXT(2) 
PARAMETRIC_REPRESENTATION_CONTEXT() REPRESENTATION_CONTEXT('2D SPACE',''
  ) );
#3606 = PCURVE('',#3607,#3612);
#3607 = PLANE('',#3608);
#3608 = AXIS2_PLACEMENT_3D('',#3609,#3610,#3611);
#3609 = CARTESIAN_POINT('',(0.,-57.,27.));
#3610 = DIRECTION('',(0.,0.707106781187,-0.707106781187));
#3611 = DIRECTION('',(-1.,-0.,-0.));
#3612 = DEFINITIONAL_REPRESENTATION('',(#3613),#3617);
#3613 = LINE('',#3614,#3615);
#3614 = CARTESIAN_POINT('',(-6.,2.12132034356));
#3615 = VECTOR('',#3616,1.);
#3616 = DIRECTION('',(5.768888059151E-16,-1.));
#3617 = ( GEOMETRIC_REPRESENTATION_CONTEXT(2) 
PARAMETRIC_REPRESENTATION_CONTEXT() REPRESENTATION_CONTEXT('2D SPACE',''
  ) );
#3618 = ORIENTED_EDGE('',*,*,#3238,.F.);
#3619 = ADVANCED_FACE('',(#3620),#3282,.F.);
#3620 = FACE_BOUND('',#3621,.F.);
#3621 = EDGE_LOOP('',(#3622,#3623,#3646,#3674));
#3622 = ORIENTED_EDGE('',*,*,#3266,.T.);
#3623 = ORIENTED_EDGE('',*,*,#3624,.T.);
#3624 = EDGE_CURVE('',#3239,#3625,#3627,.T.);
#3625 = VERTEX_POINT('',#3626);
#3626 = CARTESIAN_POINT('',(114.,-60.,24.));
#3627 = SURFACE_CURVE('',#3628,(#3632,#3639),.PCURVE_S1.);
#3628 = LINE('',#3629,#3630);
#3629 = CARTESIAN_POINT('',(0.,-60.,24.));
#3630 = VECTOR('',#3631,1.);
#3631 = DIRECTION('',(1.,0.,0.));
#3632 = PCURVE('',#3282,#3633);
#3633 = DEFINITIONAL_REPRESENTATION('',(#3634),#3638);
#3634 = LINE('',#3635,#3636);
#3635 = CARTESIAN_POINT('',(54.,0.));
#3636 = VECTOR('',#3637,1.);
#3637 = DIRECTION('',(0.,1.));
#3638 = ( GEOMETRIC_REPRESENTATION_CONTEXT(2) 
PARAMETRIC_REPRESENTATION_CONTEXT() REPRESENTATION_CONTEXT('2D SPACE',''
  ) );
#3639 = PCURVE('',#3607,#3640);
#3640 = DEFINITIONAL_REPRESENTATION('',(#3641),#3645);
#3641 = LINE('',#3642,#3643);
#3642 = CARTESIAN_POINT('',(-0.,-4.242640687119));
#3643 = VECTOR('',#3644,1.);
#3644 = DIRECTION('',(-1.,0.));
#3645 = ( GEOMETRIC_REPRESENTATION_CONTEXT(2) 
PARAMETRIC_REPRESENTATION_CONTEXT() REPRESENTATION_CONTEXT('2D SPACE',''
  ) );
#3646 = ORIENTED_EDGE('',*,*,#3647,.F.);
#3647 = EDGE_CURVE('',#3648,#3625,#3650,.T.);
#3648 = VERTEX_POINT('',#3649);
#3649 = CARTESIAN_POINT('',(114.,-60.,-24.));
#3650 = SURFACE_CURVE('',#3651,(#3655,#3662),.PCURVE_S1.);
#3651 = LINE('',#3652,#3653);
#3652 = CARTESIAN_POINT('',(114.,-60.,-30.));
#3653 = VECTOR('',#3654,1.);
#3654 = DIRECTION('',(0.,0.,1.));
#3655 = PCURVE('',#3282,#3656);
#3656 = DEFINITIONAL_REPRESENTATION('',(#3657),#3661);
#3657 = LINE('',#3658,#3659);
#3658 = CARTESIAN_POINT('',(0.,114.));
#3659 = VECTOR('',#3660,1.);
#3660 = DIRECTION('',(1.,0.));
#3661 = ( GEOMETRIC_REPRESENTATION_CONTEXT(2) 
PARAMETRIC_REPRESENTATION_CONTEXT() REPRESENTATION_CONTEXT('2D SPACE',''
  ) );
#3662 = PCURVE('',#3663,#3668);
#3663 = PLANE('',#3664);
#3664 = AXIS2_PLACEMENT_3D('',#3665,#3666,#3667);
#3665 = CARTESIAN_POINT('',(117.,-57.,-30.));
#3666 = DIRECTION('',(-0.707106781187,0.707106781187,0.));
#3667 = DIRECTION('',(-0.,-0.,-1.));
#3668 = DEFINITIONAL_REPRESENTATION('',(#3669),#3673);
#3669 = LINE('',#3670,#3671);
#3670 = CARTESIAN_POINT('',(-0.,4.242640687119));
#3671 = VECTOR('',#3672,1.);
#3672 = DIRECTION('',(-1.,0.));
#3673 = ( GEOMETRIC_REPRESENTATION_CONTEXT(2) 
PARAMETRIC_REPRESENTATION_CONTEXT() REPRESENTATION_CONTEXT('2D SPACE',''
  ) );
#3674 = ORIENTED_EDGE('',*,*,#3675,.F.);
#3675 = EDGE_CURVE('',#3267,#3648,#3676,.T.);
#3676 = SURFACE_CURVE('',#3677,(#3681,#3688),.PCURVE_S1.);
#3677 = LINE('',#3678,#3679);
#3678 = CARTESIAN_POINT('',(0.,-60.,-24.));
#3679 = VECTOR('',#3680,1.);
#3680 = DIRECTION('',(1.,0.,0.));
#3681 = PCURVE('',#3282,#3682);
#3682 = DEFINITIONAL_REPRESENTATION('',(#3683),#3687);
#3683 = LINE('',#3684,#3685);
#3684 = CARTESIAN_POINT('',(6.,0.));
#3685 = VECTOR('',#3686,1.);
#3686 = DIRECTION('',(0.,1.));
#3687 = ( GEOMETRIC_REPRESENTATION_CONTEXT(2) 
PARAMETRIC_REPRESENTATION_CONTEXT() REPRESENTATION_CONTEXT('2D SPACE',''
  ) );
#3688 = PCURVE('',#3576,#3689);
#3689 = DEFINITIONAL_REPRESENTATION('',(#3690),#3694);
#3690 = LINE('',#3691,#3692);
#3691 = CARTESIAN_POINT('',(-0.,-4.242640687119));
#3692 = VECTOR('',#3693,1.);
#3693 = DIRECTION('',(-1.,0.));
#3694 = ( GEOMETRIC_REPRESENTATION_CONTEXT(2) 
PARAMETRIC_REPRESENTATION_CONTEXT() REPRESENTATION_CONTEXT('2D SPACE',''
  ) );
#3695 = ADVANCED_FACE('',(#3696),#3389,.F.);
#3696 = FACE_BOUND('',#3697,.F.);
#3697 = EDGE_LOOP('',(#3698,#3699,#3722,#3750));
#3698 = ORIENTED_EDGE('',*,*,#3375,.F.);
#3699 = ORIENTED_EDGE('',*,*,#3700,.T.);
#3700 = EDGE_CURVE('',#3324,#3701,#3703,.T.);
#3701 = VERTEX_POINT('',#3702);
#3702 = CARTESIAN_POINT('',(114.,-54.,-30.));
#3703 = SURFACE_CURVE('',#3704,(#3708,#3715),.PCURVE_S1.);
#3704 = LINE('',#3705,#3706);
#3705 = CARTESIAN_POINT('',(0.,-54.,-30.));
#3706 = VECTOR('',#3707,1.);
#3707 = DIRECTION('',(1.,0.,0.));
#3708 = PCURVE('',#3389,#3709);
#3709 = DEFINITIONAL_REPRESENTATION('',(#3710),#3714);
#3710 = LINE('',#3711,#3712);
#3711 = CARTESIAN_POINT('',(0.,6.));
#3712 = VECTOR('',#3713,1.);
#3713 = DIRECTION('',(1.,0.));
#3714 = ( GEOMETRIC_REPRESENTATION_CONTEXT(2) 
PARAMETRIC_REPRESENTATION_CONTEXT() REPRESENTATION_CONTEXT('2D SPACE',''
  ) );
#3715 = PCURVE('',#3576,#3716);
#3716 = DEFINITIONAL_REPRESENTATION('',(#3717),#3721);
#3717 = LINE('',#3718,#3719);
#3718 = CARTESIAN_POINT('',(-0.,4.242640687119));
#3719 = VECTOR('',#3720,1.);
#3720 = DIRECTION('',(-1.,0.));
#3721 = ( GEOMETRIC_REPRESENTATION_CONTEXT(2) 
PARAMETRIC_REPRESENTATION_CONTEXT() REPRESENTATION_CONTEXT('2D SPACE',''
  ) );
#3722 = ORIENTED_EDGE('',*,*,#3723,.T.);
#3723 = EDGE_CURVE('',#3701,#3724,#3726,.T.);
#3724 = VERTEX_POINT('',#3725);
#3725 = CARTESIAN_POINT('',(114.,54.,-30.));
#3726 = SURFACE_CURVE('',#3727,(#3731,#3738),.PCURVE_S1.);
#3727 = LINE('',#3728,#3729);
#3728 = CARTESIAN_POINT('',(114.,-60.,-30.));
#3729 = VECTOR('',#3730,1.);
#3730 = DIRECTION('',(0.,1.,0.));
#3731 = PCURVE('',#3389,#3732);
#3732 = DEFINITIONAL_REPRESENTATION('',(#3733),#3737);
#3733 = LINE('',#3734,#3735);
#3734 = CARTESIAN_POINT('',(114.,0.));
#3735 = VECTOR('',#3736,1.);
#3736 = DIRECTION('',(0.,1.));
#3737 = ( GEOMETRIC_REPRESENTATION_CONTEXT(2) 
PARAMETRIC_REPRESENTATION_CONTEXT() REPRESENTATION_CONTEXT('2D SPACE',''
  ) );
#3738 = PCURVE('',#3739,#3744);
#3739 = PLANE('',#3740);
#3740 = AXIS2_PLACEMENT_3D('',#3741,#3742,#3743);
#3741 = CARTESIAN_POINT('',(117.,-60.,-27.));
#3742 = DIRECTION('',(-0.707106781187,0.,0.707106781187));
#3743 = DIRECTION('',(0.,1.,0.));
#3744 = DEFINITIONAL_REPRESENTATION('',(#3745),#3749);
#3745 = LINE('',#3746,#3747);
#3746 = CARTESIAN_POINT('',(0.,4.242640687119));
#3747 = VECTOR('',#3748,1.);
#3748 = DIRECTION('',(1.,0.));
#3749 = ( GEOMETRIC_REPRESENTATION_CONTEXT(2) 
PARAMETRIC_REPRESENTATION_CONTEXT() REPRESENTATION_CONTEXT('2D SPACE',''
  ) );
#3750 = ORIENTED_EDGE('',*,*,#3751,.F.);
#3751 = EDGE_CURVE('',#3348,#3724,#3752,.T.);
#3752 = SURFACE_CURVE('',#3753,(#3757,#3764),.PCURVE_S1.);
#3753 = LINE('',#3754,#3755);
#3754 = CARTESIAN_POINT('',(0.,54.,-30.));
#3755 = VECTOR('',#3756,1.);
#3756 = DIRECTION('',(1.,0.,0.));
#3757 = PCURVE('',#3389,#3758);
#3758 = DEFINITIONAL_REPRESENTATION('',(#3759),#3763);
#3759 = LINE('',#3760,#3761);
#3760 = CARTESIAN_POINT('',(0.,114.));
#3761 = VECTOR('',#3762,1.);
#3762 = DIRECTION('',(1.,0.));
#3763 = ( GEOMETRIC_REPRESENTATION_CONTEXT(2) 
PARAMETRIC_REPRESENTATION_CONTEXT() REPRESENTATION_CONTEXT('2D SPACE',''
  ) );
#3764 = PCURVE('',#3765,#3770);
#3765 = PLANE('',#3766);
#3766 = AXIS2_PLACEMENT_3D('',#3767,#3768,#3769);
#3767 = CARTESIAN_POINT('',(0.,57.,-27.));
#3768 = DIRECTION('',(0.,-0.707106781187,0.707106781187));
#3769 = DIRECTION('',(-1.,-0.,-0.));
#3770 = DEFINITIONAL_REPRESENTATION('',(#3771),#3775);
#3771 = LINE('',#3772,#3773);
#3772 = CARTESIAN_POINT('',(-0.,4.242640687119));
#3773 = VECTOR('',#3774,1.);
#3774 = DIRECTION('',(-1.,0.));
#3775 = ( GEOMETRIC_REPRESENTATION_CONTEXT(2) 
PARAMETRIC_REPRESENTATION_CONTEXT() REPRESENTATION_CONTEXT('2D SPACE',''
  ) );
#3776 = ADVANCED_FACE('',(#3777),#3363,.F.);
#3777 = FACE_BOUND('',#3778,.F.);
#3778 = EDGE_LOOP('',(#3779,#3780,#3801));
#3779 = ORIENTED_EDGE('',*,*,#3347,.F.);
#3780 = ORIENTED_EDGE('',*,*,#3781,.T.);
#3781 = EDGE_CURVE('',#3348,#3510,#3782,.T.);
#3782 = SURFACE_CURVE('',#3783,(#3787,#3794),.PCURVE_S1.);
#3783 = LINE('',#3784,#3785);
#3784 = CARTESIAN_POINT('',(6.,55.5,-28.5));
#3785 = VECTOR('',#3786,1.);
#3786 = DIRECTION('',(-9.614813431918E-16,0.707106781187,0.707106781187)
  );
#3787 = PCURVE('',#3363,#3788);
#3788 = DEFINITIONAL_REPRESENTATION('',(#3789),#3793);
#3789 = LINE('',#3790,#3791);
#3790 = CARTESIAN_POINT('',(1.06066017178,1.837117307087));
#3791 = VECTOR('',#3792,1.);
#3792 = DIRECTION('',(0.5,0.866025403784));
#3793 = ( GEOMETRIC_REPRESENTATION_CONTEXT(2) 
PARAMETRIC_REPRESENTATION_CONTEXT() REPRESENTATION_CONTEXT('2D SPACE',''
  ) );
#3794 = PCURVE('',#3765,#3795);
#3795 = DEFINITIONAL_REPRESENTATION('',(#3796),#3800);
#3796 = LINE('',#3797,#3798);
#3797 = CARTESIAN_POINT('',(-6.,2.12132034356));
#3798 = VECTOR('',#3799,1.);
#3799 = DIRECTION('',(9.614813431918E-16,-1.));
#3800 = ( GEOMETRIC_REPRESENTATION_CONTEXT(2) 
PARAMETRIC_REPRESENTATION_CONTEXT() REPRESENTATION_CONTEXT('2D SPACE',''
  ) );
#3801 = ORIENTED_EDGE('',*,*,#3537,.F.);
#3802 = ADVANCED_FACE('',(#3803),#3470,.T.);
#3803 = FACE_BOUND('',#3804,.T.);
#3804 = EDGE_LOOP('',(#3805,#3806,#3829,#3857));
#3805 = ORIENTED_EDGE('',*,*,#3456,.F.);
#3806 = ORIENTED_EDGE('',*,*,#3807,.T.);
#3807 = EDGE_CURVE('',#3405,#3808,#3810,.T.);
#3808 = VERTEX_POINT('',#3809);
#3809 = CARTESIAN_POINT('',(114.,-54.,30.));
#3810 = SURFACE_CURVE('',#3811,(#3815,#3822),.PCURVE_S1.);
#3811 = LINE('',#3812,#3813);
#3812 = CARTESIAN_POINT('',(0.,-54.,30.));
#3813 = VECTOR('',#3814,1.);
#3814 = DIRECTION('',(1.,0.,0.));
#3815 = PCURVE('',#3470,#3816);
#3816 = DEFINITIONAL_REPRESENTATION('',(#3817),#3821);
#3817 = LINE('',#3818,#3819);
#3818 = CARTESIAN_POINT('',(0.,6.));
#3819 = VECTOR('',#3820,1.);
#3820 = DIRECTION('',(1.,0.));
#3821 = ( GEOMETRIC_REPRESENTATION_CONTEXT(2) 
PARAMETRIC_REPRESENTATION_CONTEXT() REPRESENTATION_CONTEXT('2D SPACE',''
  ) );
#3822 = PCURVE('',#3607,#3823);
#3823 = DEFINITIONAL_REPRESENTATION('',(#3824),#3828);
#3824 = LINE('',#3825,#3826);
#3825 = CARTESIAN_POINT('',(-0.,4.242640687119));
#3826 = VECTOR('',#3827,1.);
#3827 = DIRECTION('',(-1.,0.));
#3828 = ( GEOMETRIC_REPRESENTATION_CONTEXT(2) 
PARAMETRIC_REPRESENTATION_CONTEXT() REPRESENTATION_CONTEXT('2D SPACE',''
  ) );
#3829 = ORIENTED_EDGE('',*,*,#3830,.T.);
#3830 = EDGE_CURVE('',#3808,#3831,#3833,.T.);
#3831 = VERTEX_POINT('',#3832);
#3832 = CARTESIAN_POINT('',(114.,54.,30.));
#3833 = SURFACE_CURVE('',#3834,(#3838,#3845),.PCURVE_S1.);
#3834 = LINE('',#3835,#3836);
#3835 = CARTESIAN_POINT('',(114.,-60.,30.));
#3836 = VECTOR('',#3837,1.);
#3837 = DIRECTION('',(0.,1.,0.));
#3838 = PCURVE('',#3470,#3839);
#3839 = DEFINITIONAL_REPRESENTATION('',(#3840),#3844);
#3840 = LINE('',#3841,#3842);
#3841 = CARTESIAN_POINT('',(114.,0.));
#3842 = VECTOR('',#3843,1.);
#3843 = DIRECTION('',(0.,1.));
#3844 = ( GEOMETRIC_REPRESENTATION_CONTEXT(2) 
PARAMETRIC_REPRESENTATION_CONTEXT() REPRESENTATION_CONTEXT('2D SPACE',''
  ) );
#3845 = PCURVE('',#3846,#3851);
#3846 = PLANE('',#3847);
#3847 = AXIS2_PLACEMENT_3D('',#3848,#3849,#3850);
#3848 = CARTESIAN_POINT('',(117.,-60.,27.));
#3849 = DIRECTION('',(0.707106781187,0.,0.707106781187));
#3850 = DIRECTION('',(0.,1.,0.));
#3851 = DEFINITIONAL_REPRESENTATION('',(#3852),#3856);
#3852 = LINE('',#3853,#3854);
#3853 = CARTESIAN_POINT('',(0.,4.242640687119));
#3854 = VECTOR('',#3855,1.);
#3855 = DIRECTION('',(1.,0.));
#3856 = ( GEOMETRIC_REPRESENTATION_CONTEXT(2) 
PARAMETRIC_REPRESENTATION_CONTEXT() REPRESENTATION_CONTEXT('2D SPACE',''
  ) );
#3857 = ORIENTED_EDGE('',*,*,#3858,.F.);
#3858 = EDGE_CURVE('',#3429,#3831,#3859,.T.);
#3859 = SURFACE_CURVE('',#3860,(#3864,#3871),.PCURVE_S1.);
#3860 = LINE('',#3861,#3862);
#3861 = CARTESIAN_POINT('',(0.,54.,30.));
#3862 = VECTOR('',#3863,1.);
#3863 = DIRECTION('',(1.,0.,0.));
#3864 = PCURVE('',#3470,#3865);
#3865 = DEFINITIONAL_REPRESENTATION('',(#3866),#3870);
#3866 = LINE('',#3867,#3868);
#3867 = CARTESIAN_POINT('',(0.,114.));
#3868 = VECTOR('',#3869,1.);
#3869 = DIRECTION('',(1.,0.));
#3870 = ( GEOMETRIC_REPRESENTATION_CONTEXT(2) 
PARAMETRIC_REPRESENTATION_CONTEXT() REPRESENTATION_CONTEXT('2D SPACE',''
  ) );
#3871 = PCURVE('',#3872,#3877);
#3872 = PLANE('',#3873);
#3873 = AXIS2_PLACEMENT_3D('',#3874,#3875,#3876);
#3874 = CARTESIAN_POINT('',(0.,57.,27.));
#3875 = DIRECTION('',(0.,0.707106781187,0.707106781187));
#3876 = DIRECTION('',(-1.,0.,0.));
#3877 = DEFINITIONAL_REPRESENTATION('',(#3878),#3882);
#3878 = LINE('',#3879,#3880);
#3879 = CARTESIAN_POINT('',(-0.,4.242640687119));
#3880 = VECTOR('',#3881,1.);
#3881 = DIRECTION('',(-1.,0.));
#3882 = ( GEOMETRIC_REPRESENTATION_CONTEXT(2) 
PARAMETRIC_REPRESENTATION_CONTEXT() REPRESENTATION_CONTEXT('2D SPACE',''
  ) );
#3883 = ADVANCED_FACE('',(#3884),#3444,.F.);
#3884 = FACE_BOUND('',#3885,.F.);
#3885 = EDGE_LOOP('',(#3886,#3887,#3908));
#3886 = ORIENTED_EDGE('',*,*,#3486,.F.);
#3887 = ORIENTED_EDGE('',*,*,#3888,.T.);
#3888 = EDGE_CURVE('',#3487,#3429,#3889,.T.);
#3889 = SURFACE_CURVE('',#3890,(#3894,#3901),.PCURVE_S1.);
#3890 = LINE('',#3891,#3892);
#3891 = CARTESIAN_POINT('',(6.,58.5,25.5));
#3892 = VECTOR('',#3893,1.);
#3893 = DIRECTION('',(5.768888059151E-16,-0.707106781187,0.707106781187)
  );
#3894 = PCURVE('',#3444,#3895);
#3895 = DEFINITIONAL_REPRESENTATION('',(#3896),#3900);
#3896 = LINE('',#3897,#3898);
#3897 = CARTESIAN_POINT('',(1.06066017178,1.837117307087));
#3898 = VECTOR('',#3899,1.);
#3899 = DIRECTION('',(0.5,0.866025403784));
#3900 = ( GEOMETRIC_REPRESENTATION_CONTEXT(2) 
PARAMETRIC_REPRESENTATION_CONTEXT() REPRESENTATION_CONTEXT('2D SPACE',''
  ) );
#3901 = PCURVE('',#3872,#3902);
#3902 = DEFINITIONAL_REPRESENTATION('',(#3903),#3907);
#3903 = LINE('',#3904,#3905);
#3904 = CARTESIAN_POINT('',(-6.,-2.12132034356));
#3905 = VECTOR('',#3906,1.);
#3906 = DIRECTION('',(-5.768888059151E-16,1.));
#3907 = ( GEOMETRIC_REPRESENTATION_CONTEXT(2) 
PARAMETRIC_REPRESENTATION_CONTEXT() REPRESENTATION_CONTEXT('2D SPACE',''
  ) );
#3908 = ORIENTED_EDGE('',*,*,#3428,.F.);
#3909 = ADVANCED_FACE('',(#3910),#3525,.T.);
#3910 = FACE_BOUND('',#3911,.T.);
#3911 = EDGE_LOOP('',(#3912,#3913,#3936,#3964));
#3912 = ORIENTED_EDGE('',*,*,#3509,.T.);
#3913 = ORIENTED_EDGE('',*,*,#3914,.T.);
#3914 = EDGE_CURVE('',#3487,#3915,#3917,.T.);
#3915 = VERTEX_POINT('',#3916);
#3916 = CARTESIAN_POINT('',(114.,60.,24.));
#3917 = SURFACE_CURVE('',#3918,(#3922,#3929),.PCURVE_S1.);
#3918 = LINE('',#3919,#3920);
#3919 = CARTESIAN_POINT('',(0.,60.,24.));
#3920 = VECTOR('',#3921,1.);
#3921 = DIRECTION('',(1.,0.,0.));
#3922 = PCURVE('',#3525,#3923);
#3923 = DEFINITIONAL_REPRESENTATION('',(#3924),#3928);
#3924 = LINE('',#3925,#3926);
#3925 = CARTESIAN_POINT('',(54.,0.));
#3926 = VECTOR('',#3927,1.);
#3927 = DIRECTION('',(0.,1.));
#3928 = ( GEOMETRIC_REPRESENTATION_CONTEXT(2) 
PARAMETRIC_REPRESENTATION_CONTEXT() REPRESENTATION_CONTEXT('2D SPACE',''
  ) );
#3929 = PCURVE('',#3872,#3930);
#3930 = DEFINITIONAL_REPRESENTATION('',(#3931),#3935);
#3931 = LINE('',#3932,#3933);
#3932 = CARTESIAN_POINT('',(-0.,-4.242640687119));
#3933 = VECTOR('',#3934,1.);
#3934 = DIRECTION('',(-1.,0.));
#3935 = ( GEOMETRIC_REPRESENTATION_CONTEXT(2) 
PARAMETRIC_REPRESENTATION_CONTEXT() REPRESENTATION_CONTEXT('2D SPACE',''
  ) );
#3936 = ORIENTED_EDGE('',*,*,#3937,.F.);
#3937 = EDGE_CURVE('',#3938,#3915,#3940,.T.);
#3938 = VERTEX_POINT('',#3939);
#3939 = CARTESIAN_POINT('',(114.,60.,-24.));
#3940 = SURFACE_CURVE('',#3941,(#3945,#3952),.PCURVE_S1.);
#3941 = LINE('',#3942,#3943);
#3942 = CARTESIAN_POINT('',(114.,60.,-30.));
#3943 = VECTOR('',#3944,1.);
#3944 = DIRECTION('',(0.,0.,1.));
#3945 = PCURVE('',#3525,#3946);
#3946 = DEFINITIONAL_REPRESENTATION('',(#3947),#3951);
#3947 = LINE('',#3948,#3949);
#3948 = CARTESIAN_POINT('',(0.,114.));
#3949 = VECTOR('',#3950,1.);
#3950 = DIRECTION('',(1.,0.));
#3951 = ( GEOMETRIC_REPRESENTATION_CONTEXT(2) 
PARAMETRIC_REPRESENTATION_CONTEXT() REPRESENTATION_CONTEXT('2D SPACE',''
  ) );
#3952 = PCURVE('',#3953,#3958);
#3953 = PLANE('',#3954);
#3954 = AXIS2_PLACEMENT_3D('',#3955,#3956,#3957);
#3955 = CARTESIAN_POINT('',(117.,57.,-30.));
#3956 = DIRECTION('',(0.707106781187,0.707106781187,0.));
#3957 = DIRECTION('',(0.,0.,-1.));
#3958 = DEFINITIONAL_REPRESENTATION('',(#3959),#3963);
#3959 = LINE('',#3960,#3961);
#3960 = CARTESIAN_POINT('',(-0.,4.242640687119));
#3961 = VECTOR('',#3962,1.);
#3962 = DIRECTION('',(-1.,0.));
#3963 = ( GEOMETRIC_REPRESENTATION_CONTEXT(2) 
PARAMETRIC_REPRESENTATION_CONTEXT() REPRESENTATION_CONTEXT('2D SPACE',''
  ) );
#3964 = ORIENTED_EDGE('',*,*,#3965,.F.);
#3965 = EDGE_CURVE('',#3510,#3938,#3966,.T.);
#3966 = SURFACE_CURVE('',#3967,(#3971,#3978),.PCURVE_S1.);
#3967 = LINE('',#3968,#3969);
#3968 = CARTESIAN_POINT('',(0.,60.,-24.));
#3969 = VECTOR('',#3970,1.);
#3970 = DIRECTION('',(1.,0.,0.));
#3971 = PCURVE('',#3525,#3972);
#3972 = DEFINITIONAL_REPRESENTATION('',(#3973),#3977);
#3973 = LINE('',#3974,#3975);
#3974 = CARTESIAN_POINT('',(6.,0.));
#3975 = VECTOR('',#3976,1.);
#3976 = DIRECTION('',(0.,1.));
#3977 = ( GEOMETRIC_REPRESENTATION_CONTEXT(2) 
PARAMETRIC_REPRESENTATION_CONTEXT() REPRESENTATION_CONTEXT('2D SPACE',''
  ) );
#3978 = PCURVE('',#3765,#3979);
#3979 = DEFINITIONAL_REPRESENTATION('',(#3980),#3984);
#3980 = LINE('',#3981,#3982);
#3981 = CARTESIAN_POINT('',(-0.,-4.242640687119));
#3982 = VECTOR('',#3983,1.);
#3983 = DIRECTION('',(-1.,0.));
#3984 = ( GEOMETRIC_REPRESENTATION_CONTEXT(2) 
PARAMETRIC_REPRESENTATION_CONTEXT() REPRESENTATION_CONTEXT('2D SPACE',''
  ) );
#3985 = ADVANCED_FACE('',(#3986),#3576,.T.);
#3986 = FACE_BOUND('',#3987,.F.);
#3987 = EDGE_LOOP('',(#3988,#3989,#3990,#4016));
#3988 = ORIENTED_EDGE('',*,*,#3562,.T.);
#3989 = ORIENTED_EDGE('',*,*,#3675,.T.);
#3990 = ORIENTED_EDGE('',*,*,#3991,.F.);
#3991 = EDGE_CURVE('',#3701,#3648,#3992,.T.);
#3992 = SURFACE_CURVE('',#3993,(#3997,#4004),.PCURVE_S1.);
#3993 = LINE('',#3994,#3995);
#3994 = CARTESIAN_POINT('',(114.,-55.5,-28.5));
#3995 = VECTOR('',#3996,1.);
#3996 = DIRECTION('',(1.634518283426E-15,-0.707106781187,0.707106781187)
  );
#3997 = PCURVE('',#3576,#3998);
#3998 = DEFINITIONAL_REPRESENTATION('',(#3999),#4003);
#3999 = LINE('',#4000,#4001);
#4000 = CARTESIAN_POINT('',(-114.,2.12132034356));
#4001 = VECTOR('',#4002,1.);
#4002 = DIRECTION('',(-1.634518283426E-15,-1.));
#4003 = ( GEOMETRIC_REPRESENTATION_CONTEXT(2) 
PARAMETRIC_REPRESENTATION_CONTEXT() REPRESENTATION_CONTEXT('2D SPACE',''
  ) );
#4004 = PCURVE('',#4005,#4010);
#4005 = PLANE('',#4006);
#4006 = AXIS2_PLACEMENT_3D('',#4007,#4008,#4009);
#4007 = CARTESIAN_POINT('',(114.,-54.,-30.));
#4008 = DIRECTION('',(-0.57735026919,0.57735026919,0.57735026919));
#4009 = DIRECTION('',(-0.707106781187,-0.707106781187,
    -8.326672684689E-16));
#4010 = DEFINITIONAL_REPRESENTATION('',(#4011),#4015);
#4011 = LINE('',#4012,#4013);
#4012 = CARTESIAN_POINT('',(1.06066017178,1.837117307087));
#4013 = VECTOR('',#4014,1.);
#4014 = DIRECTION('',(0.5,0.866025403784));
#4015 = ( GEOMETRIC_REPRESENTATION_CONTEXT(2) 
PARAMETRIC_REPRESENTATION_CONTEXT() REPRESENTATION_CONTEXT('2D SPACE',''
  ) );
#4016 = ORIENTED_EDGE('',*,*,#3700,.F.);
#4017 = ADVANCED_FACE('',(#4018),#3607,.F.);
#4018 = FACE_BOUND('',#4019,.T.);
#4019 = EDGE_LOOP('',(#4020,#4021,#4022,#4048));
#4020 = ORIENTED_EDGE('',*,*,#3593,.T.);
#4021 = ORIENTED_EDGE('',*,*,#3624,.T.);
#4022 = ORIENTED_EDGE('',*,*,#4023,.F.);
#4023 = EDGE_CURVE('',#3808,#3625,#4024,.T.);
#4024 = SURFACE_CURVE('',#4025,(#4029,#4036),.PCURVE_S1.);
#4025 = LINE('',#4026,#4027);
#4026 = CARTESIAN_POINT('',(114.,-55.5,28.5));
#4027 = VECTOR('',#4028,1.);
#4028 = DIRECTION('',(1.249925746149E-15,-0.707106781187,-0.707106781187
    ));
#4029 = PCURVE('',#3607,#4030);
#4030 = DEFINITIONAL_REPRESENTATION('',(#4031),#4035);
#4031 = LINE('',#4032,#4033);
#4032 = CARTESIAN_POINT('',(-114.,2.12132034356));
#4033 = VECTOR('',#4034,1.);
#4034 = DIRECTION('',(-1.249925746149E-15,-1.));
#4035 = ( GEOMETRIC_REPRESENTATION_CONTEXT(2) 
PARAMETRIC_REPRESENTATION_CONTEXT() REPRESENTATION_CONTEXT('2D SPACE',''
  ) );
#4036 = PCURVE('',#4037,#4042);
#4037 = PLANE('',#4038);
#4038 = AXIS2_PLACEMENT_3D('',#4039,#4040,#4041);
#4039 = CARTESIAN_POINT('',(114.,-54.,30.));
#4040 = DIRECTION('',(0.57735026919,-0.57735026919,0.57735026919));
#4041 = DIRECTION('',(-0.707106781187,-0.707106781187,0.));
#4042 = DEFINITIONAL_REPRESENTATION('',(#4043),#4047);
#4043 = LINE('',#4044,#4045);
#4044 = CARTESIAN_POINT('',(1.06066017178,1.837117307087));
#4045 = VECTOR('',#4046,1.);
#4046 = DIRECTION('',(0.5,0.866025403784));
#4047 = ( GEOMETRIC_REPRESENTATION_CONTEXT(2) 
PARAMETRIC_REPRESENTATION_CONTEXT() REPRESENTATION_CONTEXT('2D SPACE',''
  ) );
#4048 = ORIENTED_EDGE('',*,*,#3807,.F.);
#4049 = ADVANCED_FACE('',(#4050),#3663,.F.);
#4050 = FACE_BOUND('',#4051,.T.);
#4051 = EDGE_LOOP('',(#4052,#4082,#4103,#4104));
#4052 = ORIENTED_EDGE('',*,*,#4053,.T.);
#4053 = EDGE_CURVE('',#4054,#4056,#4058,.T.);
#4054 = VERTEX_POINT('',#4055);
#4055 = CARTESIAN_POINT('',(120.,-54.,-24.));
#4056 = VERTEX_POINT('',#4057);
#4057 = CARTESIAN_POINT('',(120.,-54.,24.));
#4058 = SURFACE_CURVE('',#4059,(#4063,#4070),.PCURVE_S1.);
#4059 = LINE('',#4060,#4061);
#4060 = CARTESIAN_POINT('',(120.,-54.,-30.));
#4061 = VECTOR('',#4062,1.);
#4062 = DIRECTION('',(0.,0.,1.));
#4063 = PCURVE('',#3663,#4064);
#4064 = DEFINITIONAL_REPRESENTATION('',(#4065),#4069);
#4065 = LINE('',#4066,#4067);
#4066 = CARTESIAN_POINT('',(-0.,-4.242640687119));
#4067 = VECTOR('',#4068,1.);
#4068 = DIRECTION('',(-1.,0.));
#4069 = ( GEOMETRIC_REPRESENTATION_CONTEXT(2) 
PARAMETRIC_REPRESENTATION_CONTEXT() REPRESENTATION_CONTEXT('2D SPACE',''
  ) );
#4070 = PCURVE('',#4071,#4076);
#4071 = PLANE('',#4072);
#4072 = AXIS2_PLACEMENT_3D('',#4073,#4074,#4075);
#4073 = CARTESIAN_POINT('',(120.,-60.,-30.));
#4074 = DIRECTION('',(1.,0.,0.));
#4075 = DIRECTION('',(0.,0.,1.));
#4076 = DEFINITIONAL_REPRESENTATION('',(#4077),#4081);
#4077 = LINE('',#4078,#4079);
#4078 = CARTESIAN_POINT('',(0.,-6.));
#4079 = VECTOR('',#4080,1.);
#4080 = DIRECTION('',(1.,0.));
#4081 = ( GEOMETRIC_REPRESENTATION_CONTEXT(2) 
PARAMETRIC_REPRESENTATION_CONTEXT() REPRESENTATION_CONTEXT('2D SPACE',''
  ) );
#4082 = ORIENTED_EDGE('',*,*,#4083,.T.);
#4083 = EDGE_CURVE('',#4056,#3625,#4084,.T.);
#4084 = SURFACE_CURVE('',#4085,(#4089,#4096),.PCURVE_S1.);
#4085 = LINE('',#4086,#4087);
#4086 = CARTESIAN_POINT('',(117.,-57.,24.));
#4087 = VECTOR('',#4088,1.);
#4088 = DIRECTION('',(-0.707106781187,-0.707106781187,1.634518283426E-15
    ));
#4089 = PCURVE('',#3663,#4090);
#4090 = DEFINITIONAL_REPRESENTATION('',(#4091),#4095);
#4091 = LINE('',#4092,#4093);
#4092 = CARTESIAN_POINT('',(-54.,-3.517007107452E-14));
#4093 = VECTOR('',#4094,1.);
#4094 = DIRECTION('',(-1.634518283426E-15,1.));
#4095 = ( GEOMETRIC_REPRESENTATION_CONTEXT(2) 
PARAMETRIC_REPRESENTATION_CONTEXT() REPRESENTATION_CONTEXT('2D SPACE',''
  ) );
#4096 = PCURVE('',#4037,#4097);
#4097 = DEFINITIONAL_REPRESENTATION('',(#4098),#4102);
#4098 = LINE('',#4099,#4100);
#4099 = CARTESIAN_POINT('',(-3.01980662698E-14,7.34846922835));
#4100 = VECTOR('',#4101,1.);
#4101 = DIRECTION('',(1.,-2.000712404656E-15));
#4102 = ( GEOMETRIC_REPRESENTATION_CONTEXT(2) 
PARAMETRIC_REPRESENTATION_CONTEXT() REPRESENTATION_CONTEXT('2D SPACE',''
  ) );
#4103 = ORIENTED_EDGE('',*,*,#3647,.F.);
#4104 = ORIENTED_EDGE('',*,*,#4105,.F.);
#4105 = EDGE_CURVE('',#4054,#3648,#4106,.T.);
#4106 = SURFACE_CURVE('',#4107,(#4111,#4118),.PCURVE_S1.);
#4107 = LINE('',#4108,#4109);
#4108 = CARTESIAN_POINT('',(117.,-57.,-24.));
#4109 = VECTOR('',#4110,1.);
#4110 = DIRECTION('',(-0.707106781187,-0.707106781187,
    -2.403703357979E-15));
#4111 = PCURVE('',#3663,#4112);
#4112 = DEFINITIONAL_REPRESENTATION('',(#4113),#4117);
#4113 = LINE('',#4114,#4115);
#4114 = CARTESIAN_POINT('',(-6.,2.009718347115E-14));
#4115 = VECTOR('',#4116,1.);
#4116 = DIRECTION('',(2.403703357979E-15,1.));
#4117 = ( GEOMETRIC_REPRESENTATION_CONTEXT(2) 
PARAMETRIC_REPRESENTATION_CONTEXT() REPRESENTATION_CONTEXT('2D SPACE',''
  ) );
#4118 = PCURVE('',#4005,#4119);
#4119 = DEFINITIONAL_REPRESENTATION('',(#4120),#4124);
#4120 = LINE('',#4121,#4122);
#4121 = CARTESIAN_POINT('',(2.031708135064E-14,7.34846922835));
#4122 = VECTOR('',#4123,1.);
#4123 = DIRECTION('',(1.,-1.962615573355E-15));
#4124 = ( GEOMETRIC_REPRESENTATION_CONTEXT(2) 
PARAMETRIC_REPRESENTATION_CONTEXT() REPRESENTATION_CONTEXT('2D SPACE',''
  ) );
#4125 = ADVANCED_FACE('',(#4126),#3765,.F.);
#4126 = FACE_BOUND('',#4127,.T.);
#4127 = EDGE_LOOP('',(#4128,#4129,#4130,#4156));
#4128 = ORIENTED_EDGE('',*,*,#3781,.T.);
#4129 = ORIENTED_EDGE('',*,*,#3965,.T.);
#4130 = ORIENTED_EDGE('',*,*,#4131,.F.);
#4131 = EDGE_CURVE('',#3724,#3938,#4132,.T.);
#4132 = SURFACE_CURVE('',#4133,(#4137,#4144),.PCURVE_S1.);
#4133 = LINE('',#4134,#4135);
#4134 = CARTESIAN_POINT('',(114.,55.5,-28.5));
#4135 = VECTOR('',#4136,1.);
#4136 = DIRECTION('',(1.634518283426E-15,0.707106781187,0.707106781187)
  );
#4137 = PCURVE('',#3765,#4138);
#4138 = DEFINITIONAL_REPRESENTATION('',(#4139),#4143);
#4139 = LINE('',#4140,#4141);
#4140 = CARTESIAN_POINT('',(-114.,2.12132034356));
#4141 = VECTOR('',#4142,1.);
#4142 = DIRECTION('',(-1.634518283426E-15,-1.));
#4143 = ( GEOMETRIC_REPRESENTATION_CONTEXT(2) 
PARAMETRIC_REPRESENTATION_CONTEXT() REPRESENTATION_CONTEXT('2D SPACE',''
  ) );
#4144 = PCURVE('',#4145,#4150);
#4145 = PLANE('',#4146);
#4146 = AXIS2_PLACEMENT_3D('',#4147,#4148,#4149);
#4147 = CARTESIAN_POINT('',(114.,54.,-30.));
#4148 = DIRECTION('',(0.57735026919,0.57735026919,-0.57735026919));
#4149 = DIRECTION('',(-0.707106781187,0.707106781187,-8.604228440845E-16
    ));
#4150 = DEFINITIONAL_REPRESENTATION('',(#4151),#4155);
#4151 = LINE('',#4152,#4153);
#4152 = CARTESIAN_POINT('',(1.06066017178,1.837117307087));
#4153 = VECTOR('',#4154,1.);
#4154 = DIRECTION('',(0.5,0.866025403784));
#4155 = ( GEOMETRIC_REPRESENTATION_CONTEXT(2) 
PARAMETRIC_REPRESENTATION_CONTEXT() REPRESENTATION_CONTEXT('2D SPACE',''
  ) );
#4156 = ORIENTED_EDGE('',*,*,#3751,.F.);
#4157 = ADVANCED_FACE('',(#4158),#3739,.F.);
#4158 = FACE_BOUND('',#4159,.F.);
#4159 = EDGE_LOOP('',(#4160,#4181,#4204,#4225));
#4160 = ORIENTED_EDGE('',*,*,#4161,.T.);
#4161 = EDGE_CURVE('',#3701,#4054,#4162,.T.);
#4162 = SURFACE_CURVE('',#4163,(#4167,#4174),.PCURVE_S1.);
#4163 = LINE('',#4164,#4165);
#4164 = CARTESIAN_POINT('',(115.5,-54.,-28.5));
#4165 = VECTOR('',#4166,1.);
#4166 = DIRECTION('',(0.707106781187,7.691850745534E-16,0.707106781187)
  );
#4167 = PCURVE('',#3739,#4168);
#4168 = DEFINITIONAL_REPRESENTATION('',(#4169),#4173);
#4169 = LINE('',#4170,#4171);
#4170 = CARTESIAN_POINT('',(6.,2.12132034356));
#4171 = VECTOR('',#4172,1.);
#4172 = DIRECTION('',(7.691850745534E-16,-1.));
#4173 = ( GEOMETRIC_REPRESENTATION_CONTEXT(2) 
PARAMETRIC_REPRESENTATION_CONTEXT() REPRESENTATION_CONTEXT('2D SPACE',''
  ) );
#4174 = PCURVE('',#4005,#4175);
#4175 = DEFINITIONAL_REPRESENTATION('',(#4176),#4180);
#4176 = LINE('',#4177,#4178);
#4177 = CARTESIAN_POINT('',(-1.06066017178,1.837117307087));
#4178 = VECTOR('',#4179,1.);
#4179 = DIRECTION('',(-0.5,0.866025403784));
#4180 = ( GEOMETRIC_REPRESENTATION_CONTEXT(2) 
PARAMETRIC_REPRESENTATION_CONTEXT() REPRESENTATION_CONTEXT('2D SPACE',''
  ) );
#4181 = ORIENTED_EDGE('',*,*,#4182,.T.);
#4182 = EDGE_CURVE('',#4054,#4183,#4185,.T.);
#4183 = VERTEX_POINT('',#4184);
#4184 = CARTESIAN_POINT('',(120.,54.,-24.));
#4185 = SURFACE_CURVE('',#4186,(#4190,#4197),.PCURVE_S1.);
#4186 = LINE('',#4187,#4188);
#4187 = CARTESIAN_POINT('',(120.,-60.,-24.));
#4188 = VECTOR('',#4189,1.);
#4189 = DIRECTION('',(0.,1.,0.));
#4190 = PCURVE('',#3739,#4191);
#4191 = DEFINITIONAL_REPRESENTATION('',(#4192),#4196);
#4192 = LINE('',#4193,#4194);
#4193 = CARTESIAN_POINT('',(0.,-4.242640687119));
#4194 = VECTOR('',#4195,1.);
#4195 = DIRECTION('',(1.,0.));
#4196 = ( GEOMETRIC_REPRESENTATION_CONTEXT(2) 
PARAMETRIC_REPRESENTATION_CONTEXT() REPRESENTATION_CONTEXT('2D SPACE',''
  ) );
#4197 = PCURVE('',#4071,#4198);
#4198 = DEFINITIONAL_REPRESENTATION('',(#4199),#4203);
#4199 = LINE('',#4200,#4201);
#4200 = CARTESIAN_POINT('',(6.,0.));
#4201 = VECTOR('',#4202,1.);
#4202 = DIRECTION('',(0.,-1.));
#4203 = ( GEOMETRIC_REPRESENTATION_CONTEXT(2) 
PARAMETRIC_REPRESENTATION_CONTEXT() REPRESENTATION_CONTEXT('2D SPACE',''
  ) );
#4204 = ORIENTED_EDGE('',*,*,#4205,.F.);
#4205 = EDGE_CURVE('',#3724,#4183,#4206,.T.);
#4206 = SURFACE_CURVE('',#4207,(#4211,#4218),.PCURVE_S1.);
#4207 = LINE('',#4208,#4209);
#4208 = CARTESIAN_POINT('',(115.5,54.,-28.5));
#4209 = VECTOR('',#4210,1.);
#4210 = DIRECTION('',(0.707106781187,0.,0.707106781187));
#4211 = PCURVE('',#3739,#4212);
#4212 = DEFINITIONAL_REPRESENTATION('',(#4213),#4217);
#4213 = LINE('',#4214,#4215);
#4214 = CARTESIAN_POINT('',(114.,2.12132034356));
#4215 = VECTOR('',#4216,1.);
#4216 = DIRECTION('',(0.,-1.));
#4217 = ( GEOMETRIC_REPRESENTATION_CONTEXT(2) 
PARAMETRIC_REPRESENTATION_CONTEXT() REPRESENTATION_CONTEXT('2D SPACE',''
  ) );
#4218 = PCURVE('',#4145,#4219);
#4219 = DEFINITIONAL_REPRESENTATION('',(#4220),#4224);
#4220 = LINE('',#4221,#4222);
#4221 = CARTESIAN_POINT('',(-1.06066017178,1.837117307087));
#4222 = VECTOR('',#4223,1.);
#4223 = DIRECTION('',(-0.5,0.866025403784));
#4224 = ( GEOMETRIC_REPRESENTATION_CONTEXT(2) 
PARAMETRIC_REPRESENTATION_CONTEXT() REPRESENTATION_CONTEXT('2D SPACE',''
  ) );
#4225 = ORIENTED_EDGE('',*,*,#3723,.F.);
#4226 = ADVANCED_FACE('',(#4227),#3872,.T.);
#4227 = FACE_BOUND('',#4228,.F.);
#4228 = EDGE_LOOP('',(#4229,#4230,#4231,#4257));
#4229 = ORIENTED_EDGE('',*,*,#3888,.F.);
#4230 = ORIENTED_EDGE('',*,*,#3914,.T.);
#4231 = ORIENTED_EDGE('',*,*,#4232,.T.);
#4232 = EDGE_CURVE('',#3915,#3831,#4233,.T.);
#4233 = SURFACE_CURVE('',#4234,(#4238,#4245),.PCURVE_S1.);
#4234 = LINE('',#4235,#4236);
#4235 = CARTESIAN_POINT('',(114.,58.5,25.5));
#4236 = VECTOR('',#4237,1.);
#4237 = DIRECTION('',(-1.346073880468E-15,-0.707106781187,0.707106781187
    ));
#4238 = PCURVE('',#3872,#4239);
#4239 = DEFINITIONAL_REPRESENTATION('',(#4240),#4244);
#4240 = LINE('',#4241,#4242);
#4241 = CARTESIAN_POINT('',(-114.,-2.12132034356));
#4242 = VECTOR('',#4243,1.);
#4243 = DIRECTION('',(1.346073880468E-15,1.));
#4244 = ( GEOMETRIC_REPRESENTATION_CONTEXT(2) 
PARAMETRIC_REPRESENTATION_CONTEXT() REPRESENTATION_CONTEXT('2D SPACE',''
  ) );
#4245 = PCURVE('',#4246,#4251);
#4246 = PLANE('',#4247);
#4247 = AXIS2_PLACEMENT_3D('',#4248,#4249,#4250);
#4248 = CARTESIAN_POINT('',(114.,60.,24.));
#4249 = DIRECTION('',(0.57735026919,0.57735026919,0.57735026919));
#4250 = DIRECTION('',(-0.707106781187,-2.775557561563E-17,0.707106781187
    ));
#4251 = DEFINITIONAL_REPRESENTATION('',(#4252),#4256);
#4252 = LINE('',#4253,#4254);
#4253 = CARTESIAN_POINT('',(1.06066017178,1.837117307087));
#4254 = VECTOR('',#4255,1.);
#4255 = DIRECTION('',(0.5,0.866025403784));
#4256 = ( GEOMETRIC_REPRESENTATION_CONTEXT(2) 
PARAMETRIC_REPRESENTATION_CONTEXT() REPRESENTATION_CONTEXT('2D SPACE',''
  ) );
#4257 = ORIENTED_EDGE('',*,*,#3858,.F.);
#4258 = ADVANCED_FACE('',(#4259),#3846,.T.);
#4259 = FACE_BOUND('',#4260,.T.);
#4260 = EDGE_LOOP('',(#4261,#4282,#4305,#4326));
#4261 = ORIENTED_EDGE('',*,*,#4262,.T.);
#4262 = EDGE_CURVE('',#3808,#4056,#4263,.T.);
#4263 = SURFACE_CURVE('',#4264,(#4268,#4275),.PCURVE_S1.);
#4264 = LINE('',#4265,#4266);
#4265 = CARTESIAN_POINT('',(115.5,-54.,28.5));
#4266 = VECTOR('',#4267,1.);
#4267 = DIRECTION('',(0.707106781187,3.845925372767E-16,-0.707106781187)
  );
#4268 = PCURVE('',#3846,#4269);
#4269 = DEFINITIONAL_REPRESENTATION('',(#4270),#4274);
#4270 = LINE('',#4271,#4272);
#4271 = CARTESIAN_POINT('',(6.,2.12132034356));
#4272 = VECTOR('',#4273,1.);
#4273 = DIRECTION('',(3.845925372767E-16,-1.));
#4274 = ( GEOMETRIC_REPRESENTATION_CONTEXT(2) 
PARAMETRIC_REPRESENTATION_CONTEXT() REPRESENTATION_CONTEXT('2D SPACE',''
  ) );
#4275 = PCURVE('',#4037,#4276);
#4276 = DEFINITIONAL_REPRESENTATION('',(#4277),#4281);
#4277 = LINE('',#4278,#4279);
#4278 = CARTESIAN_POINT('',(-1.06066017178,1.837117307087));
#4279 = VECTOR('',#4280,1.);
#4280 = DIRECTION('',(-0.5,0.866025403784));
#4281 = ( GEOMETRIC_REPRESENTATION_CONTEXT(2) 
PARAMETRIC_REPRESENTATION_CONTEXT() REPRESENTATION_CONTEXT('2D SPACE',''
  ) );
#4282 = ORIENTED_EDGE('',*,*,#4283,.T.);
#4283 = EDGE_CURVE('',#4056,#4284,#4286,.T.);
#4284 = VERTEX_POINT('',#4285);
#4285 = CARTESIAN_POINT('',(120.,54.,24.));
#4286 = SURFACE_CURVE('',#4287,(#4291,#4298),.PCURVE_S1.);
#4287 = LINE('',#4288,#4289);
#4288 = CARTESIAN_POINT('',(120.,-60.,24.));
#4289 = VECTOR('',#4290,1.);
#4290 = DIRECTION('',(0.,1.,0.));
#4291 = PCURVE('',#3846,#4292);
#4292 = DEFINITIONAL_REPRESENTATION('',(#4293),#4297);
#4293 = LINE('',#4294,#4295);
#4294 = CARTESIAN_POINT('',(0.,-4.242640687119));
#4295 = VECTOR('',#4296,1.);
#4296 = DIRECTION('',(1.,0.));
#4297 = ( GEOMETRIC_REPRESENTATION_CONTEXT(2) 
PARAMETRIC_REPRESENTATION_CONTEXT() REPRESENTATION_CONTEXT('2D SPACE',''
  ) );
#4298 = PCURVE('',#4071,#4299);
#4299 = DEFINITIONAL_REPRESENTATION('',(#4300),#4304);
#4300 = LINE('',#4301,#4302);
#4301 = CARTESIAN_POINT('',(54.,0.));
#4302 = VECTOR('',#4303,1.);
#4303 = DIRECTION('',(0.,-1.));
#4304 = ( GEOMETRIC_REPRESENTATION_CONTEXT(2) 
PARAMETRIC_REPRESENTATION_CONTEXT() REPRESENTATION_CONTEXT('2D SPACE',''
  ) );
#4305 = ORIENTED_EDGE('',*,*,#4306,.T.);
#4306 = EDGE_CURVE('',#4284,#3831,#4307,.T.);
#4307 = SURFACE_CURVE('',#4308,(#4312,#4319),.PCURVE_S1.);
#4308 = LINE('',#4309,#4310);
#4309 = CARTESIAN_POINT('',(117.,54.,27.));
#4310 = VECTOR('',#4311,1.);
#4311 = DIRECTION('',(-0.707106781187,-3.845925372767E-16,0.707106781187
    ));
#4312 = PCURVE('',#3846,#4313);
#4313 = DEFINITIONAL_REPRESENTATION('',(#4314),#4318);
#4314 = LINE('',#4315,#4316);
#4315 = CARTESIAN_POINT('',(114.,1.507288760336E-14));
#4316 = VECTOR('',#4317,1.);
#4317 = DIRECTION('',(-3.845925372767E-16,1.));
#4318 = ( GEOMETRIC_REPRESENTATION_CONTEXT(2) 
PARAMETRIC_REPRESENTATION_CONTEXT() REPRESENTATION_CONTEXT('2D SPACE',''
  ) );
#4319 = PCURVE('',#4246,#4320);
#4320 = DEFINITIONAL_REPRESENTATION('',(#4321),#4325);
#4321 = LINE('',#4322,#4323);
#4322 = CARTESIAN_POINT('',(2.39808173319E-14,7.348469228349));
#4323 = VECTOR('',#4324,1.);
#4324 = DIRECTION('',(1.,4.996003610813E-16));
#4325 = ( GEOMETRIC_REPRESENTATION_CONTEXT(2) 
PARAMETRIC_REPRESENTATION_CONTEXT() REPRESENTATION_CONTEXT('2D SPACE',''
  ) );
#4326 = ORIENTED_EDGE('',*,*,#3830,.F.);
#4327 = ADVANCED_FACE('',(#4328),#3953,.T.);
#4328 = FACE_BOUND('',#4329,.F.);
#4329 = EDGE_LOOP('',(#4330,#4351,#4372,#4373));
#4330 = ORIENTED_EDGE('',*,*,#4331,.T.);
#4331 = EDGE_CURVE('',#4183,#4284,#4332,.T.);
#4332 = SURFACE_CURVE('',#4333,(#4337,#4344),.PCURVE_S1.);
#4333 = LINE('',#4334,#4335);
#4334 = CARTESIAN_POINT('',(120.,54.,-30.));
#4335 = VECTOR('',#4336,1.);
#4336 = DIRECTION('',(0.,0.,1.));
#4337 = PCURVE('',#3953,#4338);
#4338 = DEFINITIONAL_REPRESENTATION('',(#4339),#4343);
#4339 = LINE('',#4340,#4341);
#4340 = CARTESIAN_POINT('',(-0.,-4.242640687119));
#4341 = VECTOR('',#4342,1.);
#4342 = DIRECTION('',(-1.,0.));
#4343 = ( GEOMETRIC_REPRESENTATION_CONTEXT(2) 
PARAMETRIC_REPRESENTATION_CONTEXT() REPRESENTATION_CONTEXT('2D SPACE',''
  ) );
#4344 = PCURVE('',#4071,#4345);
#4345 = DEFINITIONAL_REPRESENTATION('',(#4346),#4350);
#4346 = LINE('',#4347,#4348);
#4347 = CARTESIAN_POINT('',(0.,-114.));
#4348 = VECTOR('',#4349,1.);
#4349 = DIRECTION('',(1.,0.));
#4350 = ( GEOMETRIC_REPRESENTATION_CONTEXT(2) 
PARAMETRIC_REPRESENTATION_CONTEXT() REPRESENTATION_CONTEXT('2D SPACE',''
  ) );
#4351 = ORIENTED_EDGE('',*,*,#4352,.F.);
#4352 = EDGE_CURVE('',#3915,#4284,#4353,.T.);
#4353 = SURFACE_CURVE('',#4354,(#4358,#4365),.PCURVE_S1.);
#4354 = LINE('',#4355,#4356);
#4355 = CARTESIAN_POINT('',(115.5,58.5,24.));
#4356 = VECTOR('',#4357,1.);
#4357 = DIRECTION('',(0.707106781187,-0.707106781187,-9.614813431918E-16
    ));
#4358 = PCURVE('',#3953,#4359);
#4359 = DEFINITIONAL_REPRESENTATION('',(#4360),#4364);
#4360 = LINE('',#4361,#4362);
#4361 = CARTESIAN_POINT('',(-54.,2.12132034356));
#4362 = VECTOR('',#4363,1.);
#4363 = DIRECTION('',(9.614813431918E-16,-1.));
#4364 = ( GEOMETRIC_REPRESENTATION_CONTEXT(2) 
PARAMETRIC_REPRESENTATION_CONTEXT() REPRESENTATION_CONTEXT('2D SPACE',''
  ) );
#4365 = PCURVE('',#4246,#4366);
#4366 = DEFINITIONAL_REPRESENTATION('',(#4367),#4371);
#4367 = LINE('',#4368,#4369);
#4368 = CARTESIAN_POINT('',(-1.06066017178,1.837117307087));
#4369 = VECTOR('',#4370,1.);
#4370 = DIRECTION('',(-0.5,0.866025403784));
#4371 = ( GEOMETRIC_REPRESENTATION_CONTEXT(2) 
PARAMETRIC_REPRESENTATION_CONTEXT() REPRESENTATION_CONTEXT('2D SPACE',''
  ) );
#4372 = ORIENTED_EDGE('',*,*,#3937,.F.);
#4373 = ORIENTED_EDGE('',*,*,#4374,.F.);
#4374 = EDGE_CURVE('',#4183,#3938,#4375,.T.);
#4375 = SURFACE_CURVE('',#4376,(#4380,#4387),.PCURVE_S1.);
#4376 = LINE('',#4377,#4378);
#4377 = CARTESIAN_POINT('',(117.,57.,-24.));
#4378 = VECTOR('',#4379,1.);
#4379 = DIRECTION('',(-0.707106781187,0.707106781187,-1.634518283426E-15
    ));
#4380 = PCURVE('',#3953,#4381);
#4381 = DEFINITIONAL_REPRESENTATION('',(#4382),#4386);
#4382 = LINE('',#4383,#4384);
#4383 = CARTESIAN_POINT('',(-6.,1.004859173558E-14));
#4384 = VECTOR('',#4385,1.);
#4385 = DIRECTION('',(1.634518283426E-15,1.));
#4386 = ( GEOMETRIC_REPRESENTATION_CONTEXT(2) 
PARAMETRIC_REPRESENTATION_CONTEXT() REPRESENTATION_CONTEXT('2D SPACE',''
  ) );
#4387 = PCURVE('',#4145,#4388);
#4388 = DEFINITIONAL_REPRESENTATION('',(#4389),#4393);
#4389 = LINE('',#4390,#4391);
#4390 = CARTESIAN_POINT('',(7.271960811295E-15,7.34846922835));
#4391 = VECTOR('',#4392,1.);
#4392 = DIRECTION('',(1.,-9.460005312624E-16));
#4393 = ( GEOMETRIC_REPRESENTATION_CONTEXT(2) 
PARAMETRIC_REPRESENTATION_CONTEXT() REPRESENTATION_CONTEXT('2D SPACE',''
  ) );
#4394 = ADVANCED_FACE('',(#4395),#4005,.F.);
#4395 = FACE_BOUND('',#4396,.F.);
#4396 = EDGE_LOOP('',(#4397,#4398,#4399));
#4397 = ORIENTED_EDGE('',*,*,#4161,.F.);
#4398 = ORIENTED_EDGE('',*,*,#3991,.T.);
#4399 = ORIENTED_EDGE('',*,*,#4105,.F.);
#4400 = ADVANCED_FACE('',(#4401),#4037,.T.);
#4401 = FACE_BOUND('',#4402,.T.);
#4402 = EDGE_LOOP('',(#4403,#4404,#4405));
#4403 = ORIENTED_EDGE('',*,*,#4262,.F.);
#4404 = ORIENTED_EDGE('',*,*,#4023,.T.);
#4405 = ORIENTED_EDGE('',*,*,#4083,.F.);
#4406 = ADVANCED_FACE('',(#4407),#4071,.T.);
#4407 = FACE_BOUND('',#4408,.T.);
#4408 = EDGE_LOOP('',(#4409,#4410,#4411,#4412));
#4409 = ORIENTED_EDGE('',*,*,#4053,.F.);
#4410 = ORIENTED_EDGE('',*,*,#4182,.T.);
#4411 = ORIENTED_EDGE('',*,*,#4331,.T.);
#4412 = ORIENTED_EDGE('',*,*,#4283,.F.);
#4413 = ADVANCED_FACE('',(#4414),#4145,.T.);
#4414 = FACE_BOUND('',#4415,.T.);
#4415 = EDGE_LOOP('',(#4416,#4417,#4418));
#4416 = ORIENTED_EDGE('',*,*,#4205,.F.);
#4417 = ORIENTED_EDGE('',*,*,#4131,.T.);
#4418 = ORIENTED_EDGE('',*,*,#4374,.F.);
#4419 = ADVANCED_FACE('',(#4420),#4246,.T.);
#4420 = FACE_BOUND('',#4421,.T.);
#4421 = EDGE_LOOP('',(#4422,#4423,#4424));
#4422 = ORIENTED_EDGE('',*,*,#4352,.F.);
#4423 = ORIENTED_EDGE('',*,*,#4232,.T.);
#4424 = ORIENTED_EDGE('',*,*,#4306,.F.);
#4425 = MANIFOLD_SOLID_BREP('',#4426);
#4426 = CLOSED_SHELL('',(#4427));
#4427 = ADVANCED_FACE('',(#4428),#4441,.T.);
#4428 = FACE_BOUND('',#4429,.T.);
#4429 = EDGE_LOOP('',(#4430,#4459,#4481,#4482));
#4430 = ORIENTED_EDGE('',*,*,#4431,.F.);
#4431 = EDGE_CURVE('',#4432,#4432,#4434,.T.);
#4432 = VERTEX_POINT('',#4433);
#4433 = CARTESIAN_POINT('',(60.,-1.322618543079E-13,-540.));
#4434 = SEAM_CURVE('',#4435,(#4440,#4452),.PCURVE_S1.);
#4435 = CIRCLE('',#4436,540.);
#4436 = AXIS2_PLACEMENT_3D('',#4437,#4438,#4439);
#4437 = CARTESIAN_POINT('',(60.,0.,1.631557288136E-30));
#4438 = DIRECTION('',(1.,0.,-2.22044604925E-16));
#4439 = DIRECTION('',(-2.22044604925E-16,0.,-1.));
#4440 = PCURVE('',#4441,#4446);
#4441 = TOROIDAL_SURFACE('',#4442,510.,30.);
#4442 = AXIS2_PLACEMENT_3D('',#4443,#4444,#4445);
#4443 = CARTESIAN_POINT('',(60.,0.,0.));
#4444 = DIRECTION('',(1.,0.,-2.22044604925E-16));
#4445 = DIRECTION('',(-2.22044604925E-16,0.,-1.));
#4446 = DEFINITIONAL_REPRESENTATION('',(#4447),#4451);
#4447 = LINE('',#4448,#4449);
#4448 = CARTESIAN_POINT('',(0.,6.28318530718));
#4449 = VECTOR('',#4450,1.);
#4450 = DIRECTION('',(1.,0.));
#4451 = ( GEOMETRIC_REPRESENTATION_CONTEXT(2) 
PARAMETRIC_REPRESENTATION_CONTEXT() REPRESENTATION_CONTEXT('2D SPACE',''
  ) );
#4452 = PCURVE('',#4441,#4453);
#4453 = DEFINITIONAL_REPRESENTATION('',(#4454),#4458);
#4454 = LINE('',#4455,#4456);
#4455 = CARTESIAN_POINT('',(0.,0.));
#4456 = VECTOR('',#4457,1.);
#4457 = DIRECTION('',(1.,0.));
#4458 = ( GEOMETRIC_REPRESENTATION_CONTEXT(2) 
PARAMETRIC_REPRESENTATION_CONTEXT() REPRESENTATION_CONTEXT('2D SPACE',''
  ) );
#4459 = ORIENTED_EDGE('',*,*,#4460,.F.);
#4460 = EDGE_CURVE('',#4432,#4432,#4461,.T.);
#4461 = SEAM_CURVE('',#4462,(#4467,#4474),.PCURVE_S1.);
#4462 = CIRCLE('',#4463,30.);
#4463 = AXIS2_PLACEMENT_3D('',#4464,#4465,#4466);
#4464 = CARTESIAN_POINT('',(60.,-1.24913973513E-13,-510.));
#4465 = DIRECTION('',(5.438524293788E-32,-1.,2.449293598295E-16));
#4466 = DIRECTION('',(-2.22044604925E-16,-2.449293598295E-16,-1.));
#4467 = PCURVE('',#4441,#4468);
#4468 = DEFINITIONAL_REPRESENTATION('',(#4469),#4473);
#4469 = LINE('',#4470,#4471);
#4470 = CARTESIAN_POINT('',(6.28318530718,-0.));
#4471 = VECTOR('',#4472,1.);
#4472 = DIRECTION('',(0.,1.));
#4473 = ( GEOMETRIC_REPRESENTATION_CONTEXT(2) 
PARAMETRIC_REPRESENTATION_CONTEXT() REPRESENTATION_CONTEXT('2D SPACE',''
  ) );
#4474 = PCURVE('',#4441,#4475);
#4475 = DEFINITIONAL_REPRESENTATION('',(#4476),#4480);
#4476 = LINE('',#4477,#4478);
#4477 = CARTESIAN_POINT('',(0.,-0.));
#4478 = VECTOR('',#4479,1.);
#4479 = DIRECTION('',(0.,1.));
#4480 = ( GEOMETRIC_REPRESENTATION_CONTEXT(2) 
PARAMETRIC_REPRESENTATION_CONTEXT() REPRESENTATION_CONTEXT('2D SPACE',''
  ) );
#4481 = ORIENTED_EDGE('',*,*,#4431,.T.);
#4482 = ORIENTED_EDGE('',*,*,#4460,.T.);
#4483 = ( GEOMETRIC_REPRESENTATION_CONTEXT(3) 
GLOBAL_UNCERTAINTY_ASSIGNED_CONTEXT((#4487)) 
GLOBAL_UNIT_ASSIGNED_CONTEXT((#4484,#4485,#4486)) REPRESENTATION_CONTEXT
('Context #1','3D Context with UNIT and UNCERTAINTY') );
#4484 = ( LENGTH_UNIT() NAMED_UNIT(*) SI_UNIT(.MILLI.,.METRE.) );
#4485 = ( NAMED_UNIT(*) PLANE_ANGLE_UNIT() SI_UNIT($,.RADIAN.) );
#4486 = ( NAMED_UNIT(*) SI_UNIT($,.STERADIAN.) SOLID_ANGLE_UNIT() );
#4487 = UNCERTAINTY_MEASURE_WITH_UNIT(LENGTH_MEASURE(1.E-07),#4484,
  'distance_accuracy_value','confusion accuracy');
#4488 = PRODUCT_RELATED_PRODUCT_CATEGORY('part',$,(#3107));
#4489 = SHAPE_DEFINITION_REPRESENTATION(#4490,#4496);
#4490 = PRODUCT_DEFINITION_SHAPE('','',#4491);
#4491 = PRODUCT_DEFINITION('design','',#4492,#4495);
#4492 = PRODUCT_DEFINITION_FORMATION('','',#4493);
#4493 = PRODUCT('Reactor_Rings','Reactor_Rings','',(#4494));
#4494 = PRODUCT_CONTEXT('',#2,'mechanical');
#4495 = PRODUCT_DEFINITION_CONTEXT('part definition',#2,'design');
#4496 = SHAPE_REPRESENTATION('',(#11,#4497,#4555,#4613,#4671,#4729,#4787
    ),#4845);
#4497 = MANIFOLD_SOLID_BREP('',#4498);
#4498 = CLOSED_SHELL('',(#4499));
#4499 = ADVANCED_FACE('',(#4500),#4513,.T.);
#4500 = FACE_BOUND('',#4501,.T.);
#4501 = EDGE_LOOP('',(#4502,#4531,#4553,#4554));
#4502 = ORIENTED_EDGE('',*,*,#4503,.F.);
#4503 = EDGE_CURVE('',#4504,#4504,#4506,.T.);
#4504 = VERTEX_POINT('',#4505);
#4505 = CARTESIAN_POINT('',(3.2475E+03,-1.543054966926E-13,-630.));
#4506 = SEAM_CURVE('',#4507,(#4512,#4524),.PCURVE_S1.);
#4507 = CIRCLE('',#4508,630.);
#4508 = AXIS2_PLACEMENT_3D('',#4509,#4510,#4511);
#4509 = CARTESIAN_POINT('',(3.2475E+03,0.,1.631557288136E-30));
#4510 = DIRECTION('',(1.,0.,-2.22044604925E-16));
#4511 = DIRECTION('',(-2.22044604925E-16,0.,-1.));
#4512 = PCURVE('',#4513,#4518);
#4513 = TOROIDAL_SURFACE('',#4514,600.,30.);
#4514 = AXIS2_PLACEMENT_3D('',#4515,#4516,#4517);
#4515 = CARTESIAN_POINT('',(3.2475E+03,0.,0.));
#4516 = DIRECTION('',(1.,0.,-2.22044604925E-16));
#4517 = DIRECTION('',(-2.22044604925E-16,0.,-1.));
#4518 = DEFINITIONAL_REPRESENTATION('',(#4519),#4523);
#4519 = LINE('',#4520,#4521);
#4520 = CARTESIAN_POINT('',(0.,6.28318530718));
#4521 = VECTOR('',#4522,1.);
#4522 = DIRECTION('',(1.,0.));
#4523 = ( GEOMETRIC_REPRESENTATION_CONTEXT(2) 
PARAMETRIC_REPRESENTATION_CONTEXT() REPRESENTATION_CONTEXT('2D SPACE',''
  ) );
#4524 = PCURVE('',#4513,#4525);
#4525 = DEFINITIONAL_REPRESENTATION('',(#4526),#4530);
#4526 = LINE('',#4527,#4528);
#4527 = CARTESIAN_POINT('',(0.,0.));
#4528 = VECTOR('',#4529,1.);
#4529 = DIRECTION('',(1.,0.));
#4530 = ( GEOMETRIC_REPRESENTATION_CONTEXT(2) 
PARAMETRIC_REPRESENTATION_CONTEXT() REPRESENTATION_CONTEXT('2D SPACE',''
  ) );
#4531 = ORIENTED_EDGE('',*,*,#4532,.F.);
#4532 = EDGE_CURVE('',#4504,#4504,#4533,.T.);
#4533 = SEAM_CURVE('',#4534,(#4539,#4546),.PCURVE_S1.);
#4534 = CIRCLE('',#4535,30.);
#4535 = AXIS2_PLACEMENT_3D('',#4536,#4537,#4538);
#4536 = CARTESIAN_POINT('',(3.2475E+03,-1.469576158977E-13,-600.));
#4537 = DIRECTION('',(5.438524293788E-32,-1.,2.449293598295E-16));
#4538 = DIRECTION('',(-2.22044604925E-16,-2.449293598295E-16,-1.));
#4539 = PCURVE('',#4513,#4540);
#4540 = DEFINITIONAL_REPRESENTATION('',(#4541),#4545);
#4541 = LINE('',#4542,#4543);
#4542 = CARTESIAN_POINT('',(6.28318530718,-0.));
#4543 = VECTOR('',#4544,1.);
#4544 = DIRECTION('',(0.,1.));
#4545 = ( GEOMETRIC_REPRESENTATION_CONTEXT(2) 
PARAMETRIC_REPRESENTATION_CONTEXT() REPRESENTATION_CONTEXT('2D SPACE',''
  ) );
#4546 = PCURVE('',#4513,#4547);
#4547 = DEFINITIONAL_REPRESENTATION('',(#4548),#4552);
#4548 = LINE('',#4549,#4550);
#4549 = CARTESIAN_POINT('',(0.,-0.));
#4550 = VECTOR('',#4551,1.);
#4551 = DIRECTION('',(0.,1.));
#4552 = ( GEOMETRIC_REPRESENTATION_CONTEXT(2) 
PARAMETRIC_REPRESENTATION_CONTEXT() REPRESENTATION_CONTEXT('2D SPACE',''
  ) );
#4553 = ORIENTED_EDGE('',*,*,#4503,.T.);
#4554 = ORIENTED_EDGE('',*,*,#4532,.T.);
#4555 = MANIFOLD_SOLID_BREP('',#4556);
#4556 = CLOSED_SHELL('',(#4557));
#4557 = ADVANCED_FACE('',(#4558),#4571,.T.);
#4558 = FACE_BOUND('',#4559,.T.);
#4559 = EDGE_LOOP('',(#4560,#4589,#4611,#4612));
#4560 = ORIENTED_EDGE('',*,*,#4561,.F.);
#4561 = EDGE_CURVE('',#4562,#4562,#4564,.T.);
#4562 = VERTEX_POINT('',#4563);
#4563 = CARTESIAN_POINT('',(3.4725E+03,-1.543054966926E-13,-630.));
#4564 = SEAM_CURVE('',#4565,(#4570,#4582),.PCURVE_S1.);
#4565 = CIRCLE('',#4566,630.);
#4566 = AXIS2_PLACEMENT_3D('',#4567,#4568,#4569);
#4567 = CARTESIAN_POINT('',(3.4725E+03,0.,1.631557288136E-30));
#4568 = DIRECTION('',(1.,0.,-2.22044604925E-16));
#4569 = DIRECTION('',(-2.22044604925E-16,0.,-1.));
#4570 = PCURVE('',#4571,#4576);
#4571 = TOROIDAL_SURFACE('',#4572,600.,30.);
#4572 = AXIS2_PLACEMENT_3D('',#4573,#4574,#4575);
#4573 = CARTESIAN_POINT('',(3.4725E+03,0.,0.));
#4574 = DIRECTION('',(1.,0.,-2.22044604925E-16));
#4575 = DIRECTION('',(-2.22044604925E-16,0.,-1.));
#4576 = DEFINITIONAL_REPRESENTATION('',(#4577),#4581);
#4577 = LINE('',#4578,#4579);
#4578 = CARTESIAN_POINT('',(0.,6.28318530718));
#4579 = VECTOR('',#4580,1.);
#4580 = DIRECTION('',(1.,0.));
#4581 = ( GEOMETRIC_REPRESENTATION_CONTEXT(2) 
PARAMETRIC_REPRESENTATION_CONTEXT() REPRESENTATION_CONTEXT('2D SPACE',''
  ) );
#4582 = PCURVE('',#4571,#4583);
#4583 = DEFINITIONAL_REPRESENTATION('',(#4584),#4588);
#4584 = LINE('',#4585,#4586);
#4585 = CARTESIAN_POINT('',(0.,0.));
#4586 = VECTOR('',#4587,1.);
#4587 = DIRECTION('',(1.,0.));
#4588 = ( GEOMETRIC_REPRESENTATION_CONTEXT(2) 
PARAMETRIC_REPRESENTATION_CONTEXT() REPRESENTATION_CONTEXT('2D SPACE',''
  ) );
#4589 = ORIENTED_EDGE('',*,*,#4590,.F.);
#4590 = EDGE_CURVE('',#4562,#4562,#4591,.T.);
#4591 = SEAM_CURVE('',#4592,(#4597,#4604),.PCURVE_S1.);
#4592 = CIRCLE('',#4593,30.);
#4593 = AXIS2_PLACEMENT_3D('',#4594,#4595,#4596);
#4594 = CARTESIAN_POINT('',(3.4725E+03,-1.469576158977E-13,-600.));
#4595 = DIRECTION('',(5.438524293788E-32,-1.,2.449293598295E-16));
#4596 = DIRECTION('',(-2.22044604925E-16,-2.449293598295E-16,-1.));
#4597 = PCURVE('',#4571,#4598);
#4598 = DEFINITIONAL_REPRESENTATION('',(#4599),#4603);
#4599 = LINE('',#4600,#4601);
#4600 = CARTESIAN_POINT('',(6.28318530718,-0.));
#4601 = VECTOR('',#4602,1.);
#4602 = DIRECTION('',(0.,1.));
#4603 = ( GEOMETRIC_REPRESENTATION_CONTEXT(2) 
PARAMETRIC_REPRESENTATION_CONTEXT() REPRESENTATION_CONTEXT('2D SPACE',''
  ) );
#4604 = PCURVE('',#4571,#4605);
#4605 = DEFINITIONAL_REPRESENTATION('',(#4606),#4610);
#4606 = LINE('',#4607,#4608);
#4607 = CARTESIAN_POINT('',(0.,-0.));
#4608 = VECTOR('',#4609,1.);
#4609 = DIRECTION('',(0.,1.));
#4610 = ( GEOMETRIC_REPRESENTATION_CONTEXT(2) 
PARAMETRIC_REPRESENTATION_CONTEXT() REPRESENTATION_CONTEXT('2D SPACE',''
  ) );
#4611 = ORIENTED_EDGE('',*,*,#4561,.T.);
#4612 = ORIENTED_EDGE('',*,*,#4590,.T.);
#4613 = MANIFOLD_SOLID_BREP('',#4614);
#4614 = CLOSED_SHELL('',(#4615));
#4615 = ADVANCED_FACE('',(#4616),#4629,.T.);
#4616 = FACE_BOUND('',#4617,.T.);
#4617 = EDGE_LOOP('',(#4618,#4647,#4669,#4670));
#4618 = ORIENTED_EDGE('',*,*,#4619,.F.);
#4619 = EDGE_CURVE('',#4620,#4620,#4622,.T.);
#4620 = VERTEX_POINT('',#4621);
#4621 = CARTESIAN_POINT('',(3.6975E+03,-1.543054966926E-13,-630.));
#4622 = SEAM_CURVE('',#4623,(#4628,#4640),.PCURVE_S1.);
#4623 = CIRCLE('',#4624,630.);
#4624 = AXIS2_PLACEMENT_3D('',#4625,#4626,#4627);
#4625 = CARTESIAN_POINT('',(3.6975E+03,0.,1.631557288136E-30));
#4626 = DIRECTION('',(1.,0.,-2.22044604925E-16));
#4627 = DIRECTION('',(-2.22044604925E-16,0.,-1.));
#4628 = PCURVE('',#4629,#4634);
#4629 = TOROIDAL_SURFACE('',#4630,600.,30.);
#4630 = AXIS2_PLACEMENT_3D('',#4631,#4632,#4633);
#4631 = CARTESIAN_POINT('',(3.6975E+03,0.,0.));
#4632 = DIRECTION('',(1.,0.,-2.22044604925E-16));
#4633 = DIRECTION('',(-2.22044604925E-16,0.,-1.));
#4634 = DEFINITIONAL_REPRESENTATION('',(#4635),#4639);
#4635 = LINE('',#4636,#4637);
#4636 = CARTESIAN_POINT('',(0.,6.28318530718));
#4637 = VECTOR('',#4638,1.);
#4638 = DIRECTION('',(1.,0.));
#4639 = ( GEOMETRIC_REPRESENTATION_CONTEXT(2) 
PARAMETRIC_REPRESENTATION_CONTEXT() REPRESENTATION_CONTEXT('2D SPACE',''
  ) );
#4640 = PCURVE('',#4629,#4641);
#4641 = DEFINITIONAL_REPRESENTATION('',(#4642),#4646);
#4642 = LINE('',#4643,#4644);
#4643 = CARTESIAN_POINT('',(0.,0.));
#4644 = VECTOR('',#4645,1.);
#4645 = DIRECTION('',(1.,0.));
#4646 = ( GEOMETRIC_REPRESENTATION_CONTEXT(2) 
PARAMETRIC_REPRESENTATION_CONTEXT() REPRESENTATION_CONTEXT('2D SPACE',''
  ) );
#4647 = ORIENTED_EDGE('',*,*,#4648,.F.);
#4648 = EDGE_CURVE('',#4620,#4620,#4649,.T.);
#4649 = SEAM_CURVE('',#4650,(#4655,#4662),.PCURVE_S1.);
#4650 = CIRCLE('',#4651,30.);
#4651 = AXIS2_PLACEMENT_3D('',#4652,#4653,#4654);
#4652 = CARTESIAN_POINT('',(3.6975E+03,-1.469576158977E-13,-600.));
#4653 = DIRECTION('',(5.438524293788E-32,-1.,2.449293598295E-16));
#4654 = DIRECTION('',(-2.22044604925E-16,-2.449293598295E-16,-1.));
#4655 = PCURVE('',#4629,#4656);
#4656 = DEFINITIONAL_REPRESENTATION('',(#4657),#4661);
#4657 = LINE('',#4658,#4659);
#4658 = CARTESIAN_POINT('',(6.28318530718,-0.));
#4659 = VECTOR('',#4660,1.);
#4660 = DIRECTION('',(0.,1.));
#4661 = ( GEOMETRIC_REPRESENTATION_CONTEXT(2) 
PARAMETRIC_REPRESENTATION_CONTEXT() REPRESENTATION_CONTEXT('2D SPACE',''
  ) );
#4662 = PCURVE('',#4629,#4663);
#4663 = DEFINITIONAL_REPRESENTATION('',(#4664),#4668);
#4664 = LINE('',#4665,#4666);
#4665 = CARTESIAN_POINT('',(0.,-0.));
#4666 = VECTOR('',#4667,1.);
#4667 = DIRECTION('',(0.,1.));
#4668 = ( GEOMETRIC_REPRESENTATION_CONTEXT(2) 
PARAMETRIC_REPRESENTATION_CONTEXT() REPRESENTATION_CONTEXT('2D SPACE',''
  ) );
#4669 = ORIENTED_EDGE('',*,*,#4619,.T.);
#4670 = ORIENTED_EDGE('',*,*,#4648,.T.);
#4671 = MANIFOLD_SOLID_BREP('',#4672);
#4672 = CLOSED_SHELL('',(#4673));
#4673 = ADVANCED_FACE('',(#4674),#4687,.T.);
#4674 = FACE_BOUND('',#4675,.T.);
#4675 = EDGE_LOOP('',(#4676,#4705,#4727,#4728));
#4676 = ORIENTED_EDGE('',*,*,#4677,.F.);
#4677 = EDGE_CURVE('',#4678,#4678,#4680,.T.);
#4678 = VERTEX_POINT('',#4679);
#4679 = CARTESIAN_POINT('',(3.9225E+03,-1.543054966926E-13,-630.));
#4680 = SEAM_CURVE('',#4681,(#4686,#4698),.PCURVE_S1.);
#4681 = CIRCLE('',#4682,630.);
#4682 = AXIS2_PLACEMENT_3D('',#4683,#4684,#4685);
#4683 = CARTESIAN_POINT('',(3.9225E+03,0.,1.631557288136E-30));
#4684 = DIRECTION('',(1.,0.,-2.22044604925E-16));
#4685 = DIRECTION('',(-2.22044604925E-16,0.,-1.));
#4686 = PCURVE('',#4687,#4692);
#4687 = TOROIDAL_SURFACE('',#4688,600.,30.);
#4688 = AXIS2_PLACEMENT_3D('',#4689,#4690,#4691);
#4689 = CARTESIAN_POINT('',(3.9225E+03,0.,0.));
#4690 = DIRECTION('',(1.,0.,-2.22044604925E-16));
#4691 = DIRECTION('',(-2.22044604925E-16,0.,-1.));
#4692 = DEFINITIONAL_REPRESENTATION('',(#4693),#4697);
#4693 = LINE('',#4694,#4695);
#4694 = CARTESIAN_POINT('',(0.,6.28318530718));
#4695 = VECTOR('',#4696,1.);
#4696 = DIRECTION('',(1.,0.));
#4697 = ( GEOMETRIC_REPRESENTATION_CONTEXT(2) 
PARAMETRIC_REPRESENTATION_CONTEXT() REPRESENTATION_CONTEXT('2D SPACE',''
  ) );
#4698 = PCURVE('',#4687,#4699);
#4699 = DEFINITIONAL_REPRESENTATION('',(#4700),#4704);
#4700 = LINE('',#4701,#4702);
#4701 = CARTESIAN_POINT('',(0.,0.));
#4702 = VECTOR('',#4703,1.);
#4703 = DIRECTION('',(1.,0.));
#4704 = ( GEOMETRIC_REPRESENTATION_CONTEXT(2) 
PARAMETRIC_REPRESENTATION_CONTEXT() REPRESENTATION_CONTEXT('2D SPACE',''
  ) );
#4705 = ORIENTED_EDGE('',*,*,#4706,.F.);
#4706 = EDGE_CURVE('',#4678,#4678,#4707,.T.);
#4707 = SEAM_CURVE('',#4708,(#4713,#4720),.PCURVE_S1.);
#4708 = CIRCLE('',#4709,30.);
#4709 = AXIS2_PLACEMENT_3D('',#4710,#4711,#4712);
#4710 = CARTESIAN_POINT('',(3.9225E+03,-1.469576158977E-13,-600.));
#4711 = DIRECTION('',(5.438524293788E-32,-1.,2.449293598295E-16));
#4712 = DIRECTION('',(-2.22044604925E-16,-2.449293598295E-16,-1.));
#4713 = PCURVE('',#4687,#4714);
#4714 = DEFINITIONAL_REPRESENTATION('',(#4715),#4719);
#4715 = LINE('',#4716,#4717);
#4716 = CARTESIAN_POINT('',(6.28318530718,-0.));
#4717 = VECTOR('',#4718,1.);
#4718 = DIRECTION('',(0.,1.));
#4719 = ( GEOMETRIC_REPRESENTATION_CONTEXT(2) 
PARAMETRIC_REPRESENTATION_CONTEXT() REPRESENTATION_CONTEXT('2D SPACE',''
  ) );
#4720 = PCURVE('',#4687,#4721);
#4721 = DEFINITIONAL_REPRESENTATION('',(#4722),#4726);
#4722 = LINE('',#4723,#4724);
#4723 = CARTESIAN_POINT('',(0.,-0.));
#4724 = VECTOR('',#4725,1.);
#4725 = DIRECTION('',(0.,1.));
#4726 = ( GEOMETRIC_REPRESENTATION_CONTEXT(2) 
PARAMETRIC_REPRESENTATION_CONTEXT() REPRESENTATION_CONTEXT('2D SPACE',''
  ) );
#4727 = ORIENTED_EDGE('',*,*,#4677,.T.);
#4728 = ORIENTED_EDGE('',*,*,#4706,.T.);
#4729 = MANIFOLD_SOLID_BREP('',#4730);
#4730 = CLOSED_SHELL('',(#4731));
#4731 = ADVANCED_FACE('',(#4732),#4745,.T.);
#4732 = FACE_BOUND('',#4733,.T.);
#4733 = EDGE_LOOP('',(#4734,#4763,#4785,#4786));
#4734 = ORIENTED_EDGE('',*,*,#4735,.F.);
#4735 = EDGE_CURVE('',#4736,#4736,#4738,.T.);
#4736 = VERTEX_POINT('',#4737);
#4737 = CARTESIAN_POINT('',(4.1475E+03,-1.543054966926E-13,-630.));
#4738 = SEAM_CURVE('',#4739,(#4744,#4756),.PCURVE_S1.);
#4739 = CIRCLE('',#4740,630.);
#4740 = AXIS2_PLACEMENT_3D('',#4741,#4742,#4743);
#4741 = CARTESIAN_POINT('',(4.1475E+03,0.,1.631557288136E-30));
#4742 = DIRECTION('',(1.,0.,-2.22044604925E-16));
#4743 = DIRECTION('',(-2.22044604925E-16,0.,-1.));
#4744 = PCURVE('',#4745,#4750);
#4745 = TOROIDAL_SURFACE('',#4746,600.,30.);
#4746 = AXIS2_PLACEMENT_3D('',#4747,#4748,#4749);
#4747 = CARTESIAN_POINT('',(4.1475E+03,0.,0.));
#4748 = DIRECTION('',(1.,0.,-2.22044604925E-16));
#4749 = DIRECTION('',(-2.22044604925E-16,0.,-1.));
#4750 = DEFINITIONAL_REPRESENTATION('',(#4751),#4755);
#4751 = LINE('',#4752,#4753);
#4752 = CARTESIAN_POINT('',(0.,6.28318530718));
#4753 = VECTOR('',#4754,1.);
#4754 = DIRECTION('',(1.,0.));
#4755 = ( GEOMETRIC_REPRESENTATION_CONTEXT(2) 
PARAMETRIC_REPRESENTATION_CONTEXT() REPRESENTATION_CONTEXT('2D SPACE',''
  ) );
#4756 = PCURVE('',#4745,#4757);
#4757 = DEFINITIONAL_REPRESENTATION('',(#4758),#4762);
#4758 = LINE('',#4759,#4760);
#4759 = CARTESIAN_POINT('',(0.,0.));
#4760 = VECTOR('',#4761,1.);
#4761 = DIRECTION('',(1.,0.));
#4762 = ( GEOMETRIC_REPRESENTATION_CONTEXT(2) 
PARAMETRIC_REPRESENTATION_CONTEXT() REPRESENTATION_CONTEXT('2D SPACE',''
  ) );
#4763 = ORIENTED_EDGE('',*,*,#4764,.F.);
#4764 = EDGE_CURVE('',#4736,#4736,#4765,.T.);
#4765 = SEAM_CURVE('',#4766,(#4771,#4778),.PCURVE_S1.);
#4766 = CIRCLE('',#4767,30.);
#4767 = AXIS2_PLACEMENT_3D('',#4768,#4769,#4770);
#4768 = CARTESIAN_POINT('',(4.1475E+03,-1.469576158977E-13,-600.));
#4769 = DIRECTION('',(5.438524293788E-32,-1.,2.449293598295E-16));
#4770 = DIRECTION('',(-2.22044604925E-16,-2.449293598295E-16,-1.));
#4771 = PCURVE('',#4745,#4772);
#4772 = DEFINITIONAL_REPRESENTATION('',(#4773),#4777);
#4773 = LINE('',#4774,#4775);
#4774 = CARTESIAN_POINT('',(6.28318530718,-0.));
#4775 = VECTOR('',#4776,1.);
#4776 = DIRECTION('',(0.,1.));
#4777 = ( GEOMETRIC_REPRESENTATION_CONTEXT(2) 
PARAMETRIC_REPRESENTATION_CONTEXT() REPRESENTATION_CONTEXT('2D SPACE',''
  ) );
#4778 = PCURVE('',#4745,#4779);
#4779 = DEFINITIONAL_REPRESENTATION('',(#4780),#4784);
#4780 = LINE('',#4781,#4782);
#4781 = CARTESIAN_POINT('',(0.,-0.));
#4782 = VECTOR('',#4783,1.);
#4783 = DIRECTION('',(0.,1.));
#4784 = ( GEOMETRIC_REPRESENTATION_CONTEXT(2) 
PARAMETRIC_REPRESENTATION_CONTEXT() REPRESENTATION_CONTEXT('2D SPACE',''
  ) );
#4785 = ORIENTED_EDGE('',*,*,#4735,.T.);
#4786 = ORIENTED_EDGE('',*,*,#4764,.T.);
#4787 = MANIFOLD_SOLID_BREP('',#4788);
#4788 = CLOSED_SHELL('',(#4789));
#4789 = ADVANCED_FACE('',(#4790),#4803,.T.);
#4790 = FACE_BOUND('',#4791,.T.);
#4791 = EDGE_LOOP('',(#4792,#4821,#4843,#4844));
#4792 = ORIENTED_EDGE('',*,*,#4793,.F.);
#4793 = EDGE_CURVE('',#4794,#4794,#4796,.T.);
#4794 = VERTEX_POINT('',#4795);
#4795 = CARTESIAN_POINT('',(4.3725E+03,-1.543054966926E-13,-630.));
#4796 = SEAM_CURVE('',#4797,(#4802,#4814),.PCURVE_S1.);
#4797 = CIRCLE('',#4798,630.);
#4798 = AXIS2_PLACEMENT_3D('',#4799,#4800,#4801);
#4799 = CARTESIAN_POINT('',(4.3725E+03,0.,1.631557288136E-30));
#4800 = DIRECTION('',(1.,0.,-2.22044604925E-16));
#4801 = DIRECTION('',(-2.22044604925E-16,0.,-1.));
#4802 = PCURVE('',#4803,#4808);
#4803 = TOROIDAL_SURFACE('',#4804,600.,30.);
#4804 = AXIS2_PLACEMENT_3D('',#4805,#4806,#4807);
#4805 = CARTESIAN_POINT('',(4.3725E+03,0.,0.));
#4806 = DIRECTION('',(1.,0.,-2.22044604925E-16));
#4807 = DIRECTION('',(-2.22044604925E-16,0.,-1.));
#4808 = DEFINITIONAL_REPRESENTATION('',(#4809),#4813);
#4809 = LINE('',#4810,#4811);
#4810 = CARTESIAN_POINT('',(0.,6.28318530718));
#4811 = VECTOR('',#4812,1.);
#4812 = DIRECTION('',(1.,0.));
#4813 = ( GEOMETRIC_REPRESENTATION_CONTEXT(2) 
PARAMETRIC_REPRESENTATION_CONTEXT() REPRESENTATION_CONTEXT('2D SPACE',''
  ) );
#4814 = PCURVE('',#4803,#4815);
#4815 = DEFINITIONAL_REPRESENTATION('',(#4816),#4820);
#4816 = LINE('',#4817,#4818);
#4817 = CARTESIAN_POINT('',(0.,0.));
#4818 = VECTOR('',#4819,1.);
#4819 = DIRECTION('',(1.,0.));
#4820 = ( GEOMETRIC_REPRESENTATION_CONTEXT(2) 
PARAMETRIC_REPRESENTATION_CONTEXT() REPRESENTATION_CONTEXT('2D SPACE',''
  ) );
#4821 = ORIENTED_EDGE('',*,*,#4822,.F.);
#4822 = EDGE_CURVE('',#4794,#4794,#4823,.T.);
#4823 = SEAM_CURVE('',#4824,(#4829,#4836),.PCURVE_S1.);
#4824 = CIRCLE('',#4825,30.);
#4825 = AXIS2_PLACEMENT_3D('',#4826,#4827,#4828);
#4826 = CARTESIAN_POINT('',(4.3725E+03,-1.469576158977E-13,-600.));
#4827 = DIRECTION('',(5.438524293788E-32,-1.,2.449293598295E-16));
#4828 = DIRECTION('',(-2.22044604925E-16,-2.449293598295E-16,-1.));
#4829 = PCURVE('',#4803,#4830);
#4830 = DEFINITIONAL_REPRESENTATION('',(#4831),#4835);
#4831 = LINE('',#4832,#4833);
#4832 = CARTESIAN_POINT('',(6.28318530718,-0.));
#4833 = VECTOR('',#4834,1.);
#4834 = DIRECTION('',(0.,1.));
#4835 = ( GEOMETRIC_REPRESENTATION_CONTEXT(2) 
PARAMETRIC_REPRESENTATION_CONTEXT() REPRESENTATION_CONTEXT('2D SPACE',''
  ) );
#4836 = PCURVE('',#4803,#4837);
#4837 = DEFINITIONAL_REPRESENTATION('',(#4838),#4842);
#4838 = LINE('',#4839,#4840);
#4839 = CARTESIAN_POINT('',(0.,-0.));
#4840 = VECTOR('',#4841,1.);
#4841 = DIRECTION('',(0.,1.));
#4842 = ( GEOMETRIC_REPRESENTATION_CONTEXT(2) 
PARAMETRIC_REPRESENTATION_CONTEXT() REPRESENTATION_CONTEXT('2D SPACE',''
  ) );
#4843 = ORIENTED_EDGE('',*,*,#4793,.T.);
#4844 = ORIENTED_EDGE('',*,*,#4822,.T.);
#4845 = ( GEOMETRIC_REPRESENTATION_CONTEXT(3) 
GLOBAL_UNCERTAINTY_ASSIGNED_CONTEXT((#4849)) 
GLOBAL_UNIT_ASSIGNED_CONTEXT((#4846,#4847,#4848)) REPRESENTATION_CONTEXT
('Context #1','3D Context with UNIT and UNCERTAINTY') );
#4846 = ( LENGTH_UNIT() NAMED_UNIT(*) SI_UNIT(.MILLI.,.METRE.) );
#4847 = ( NAMED_UNIT(*) PLANE_ANGLE_UNIT() SI_UNIT($,.RADIAN.) );
#4848 = ( NAMED_UNIT(*) SI_UNIT($,.STERADIAN.) SOLID_ANGLE_UNIT() );
#4849 = UNCERTAINTY_MEASURE_WITH_UNIT(LENGTH_MEASURE(1.E-07),#4846,
  'distance_accuracy_value','confusion accuracy');
#4850 = PRODUCT_RELATED_PRODUCT_CATEGORY('part',$,(#4493));
#4851 = SHAPE_DEFINITION_REPRESENTATION(#4852,#4858);
#4852 = PRODUCT_DEFINITION_SHAPE('','',#4853);
#4853 = PRODUCT_DEFINITION('design','',#4854,#4857);
#4854 = PRODUCT_DEFINITION_FORMATION('','',#4855);
#4855 = PRODUCT('Nozzle','Nozzle','',(#4856));
#4856 = PRODUCT_CONTEXT('',#2,'mechanical');
#4857 = PRODUCT_DEFINITION_CONTEXT('part definition',#2,'design');
#4858 = ADVANCED_BREP_SHAPE_REPRESENTATION('',(#11,#4859),#5065);
#4859 = MANIFOLD_SOLID_BREP('',#4860);
#4860 = CLOSED_SHELL('',(#4861,#4949,#5003,#5057,#5061));
#4861 = ADVANCED_FACE('',(#4862),#4876,.T.);
#4862 = FACE_BOUND('',#4863,.T.);
#4863 = EDGE_LOOP('',(#4864,#4894,#4921,#4922));
#4864 = ORIENTED_EDGE('',*,*,#4865,.T.);
#4865 = EDGE_CURVE('',#4866,#4868,#4870,.T.);
#4866 = VERTEX_POINT('',#4867);
#4867 = CARTESIAN_POINT('',(3.786364842085E+03,-2.946315672915E-14,
    -240.5849323222));
#4868 = VERTEX_POINT('',#4869);
#4869 = CARTESIAN_POINT('',(4.716364842085E+03,-7.827407915231E-14,
    -639.1563608936));
#4870 = SEAM_CURVE('',#4871,(#4875,#4887),.PCURVE_S1.);
#4871 = LINE('',#4872,#4873);
#4872 = CARTESIAN_POINT('',(3.75E+03,-5.510910596163E-14,-225.));
#4873 = VECTOR('',#4874,1.);
#4874 = DIRECTION('',(0.919145030018,-9.648240162547E-17,-0.393919298579
    ));
#4875 = PCURVE('',#4876,#4881);
#4876 = CONICAL_SURFACE('',#4877,225.,0.404891786285);
#4877 = AXIS2_PLACEMENT_3D('',#4878,#4879,#4880);
#4878 = CARTESIAN_POINT('',(3.75E+03,0.,0.));
#4879 = DIRECTION('',(1.,0.,-2.22044604925E-16));
#4880 = DIRECTION('',(-2.22044604925E-16,0.,-1.));
#4881 = DEFINITIONAL_REPRESENTATION('',(#4882),#4886);
#4882 = LINE('',#4883,#4884);
#4883 = CARTESIAN_POINT('',(6.28318530718,-0.));
#4884 = VECTOR('',#4885,1.);
#4885 = DIRECTION('',(0.,1.));
#4886 = ( GEOMETRIC_REPRESENTATION_CONTEXT(2) 
PARAMETRIC_REPRESENTATION_CONTEXT() REPRESENTATION_CONTEXT('2D SPACE',''
  ) );
#4887 = PCURVE('',#4876,#4888);
#4888 = DEFINITIONAL_REPRESENTATION('',(#4889),#4893);
#4889 = LINE('',#4890,#4891);
#4890 = CARTESIAN_POINT('',(0.,-0.));
#4891 = VECTOR('',#4892,1.);
#4892 = DIRECTION('',(0.,1.));
#4893 = ( GEOMETRIC_REPRESENTATION_CONTEXT(2) 
PARAMETRIC_REPRESENTATION_CONTEXT() REPRESENTATION_CONTEXT('2D SPACE',''
  ) );
#4894 = ORIENTED_EDGE('',*,*,#4895,.F.);
#4895 = EDGE_CURVE('',#4868,#4868,#4896,.T.);
#4896 = SURFACE_CURVE('',#4897,(#4902,#4909),.PCURVE_S1.);
#4897 = CIRCLE('',#4898,639.15636089367);
#4898 = AXIS2_PLACEMENT_3D('',#4899,#4900,#4901);
#4899 = CARTESIAN_POINT('',(4.716364842085E+03,0.,-2.145760995743E-13));
#4900 = DIRECTION('',(1.,0.,-2.22044604925E-16));
#4901 = DIRECTION('',(-2.22044604925E-16,-1.224646799147E-16,-1.));
#4902 = PCURVE('',#4876,#4903);
#4903 = DEFINITIONAL_REPRESENTATION('',(#4904),#4908);
#4904 = LINE('',#4905,#4906);
#4905 = CARTESIAN_POINT('',(0.,966.36484208525));
#4906 = VECTOR('',#4907,1.);
#4907 = DIRECTION('',(1.,0.));
#4908 = ( GEOMETRIC_REPRESENTATION_CONTEXT(2) 
PARAMETRIC_REPRESENTATION_CONTEXT() REPRESENTATION_CONTEXT('2D SPACE',''
  ) );
#4909 = PCURVE('',#4910,#4915);
#4910 = TOROIDAL_SURFACE('',#4911,584.00765909259,60.);
#4911 = AXIS2_PLACEMENT_3D('',#4912,#4913,#4914);
#4912 = CARTESIAN_POINT('',(4.74E+03,0.,-2.198241588758E-13));
#4913 = DIRECTION('',(1.,0.,-2.22044604925E-16));
#4914 = DIRECTION('',(-2.22044604925E-16,-1.224646799147E-16,-1.));
#4915 = DEFINITIONAL_REPRESENTATION('',(#4916),#4920);
#4916 = LINE('',#4917,#4918);
#4917 = CARTESIAN_POINT('',(0.,5.878293520894));
#4918 = VECTOR('',#4919,1.);
#4919 = DIRECTION('',(1.,0.));
#4920 = ( GEOMETRIC_REPRESENTATION_CONTEXT(2) 
PARAMETRIC_REPRESENTATION_CONTEXT() REPRESENTATION_CONTEXT('2D SPACE',''
  ) );
#4921 = ORIENTED_EDGE('',*,*,#4865,.F.);
#4922 = ORIENTED_EDGE('',*,*,#4923,.T.);
#4923 = EDGE_CURVE('',#4866,#4866,#4924,.T.);
#4924 = SURFACE_CURVE('',#4925,(#4930,#4937),.PCURVE_S1.);
#4925 = CIRCLE('',#4926,240.58493232225);
#4926 = AXIS2_PLACEMENT_3D('',#4927,#4928,#4929);
#4927 = CARTESIAN_POINT('',(3.786364842085E+03,0.,-8.074616993981E-15));
#4928 = DIRECTION('',(1.,0.,-2.22044604925E-16));
#4929 = DIRECTION('',(-2.22044604925E-16,-1.224646799147E-16,-1.));
#4930 = PCURVE('',#4876,#4931);
#4931 = DEFINITIONAL_REPRESENTATION('',(#4932),#4936);
#4932 = LINE('',#4933,#4934);
#4933 = CARTESIAN_POINT('',(0.,36.36484208525));
#4934 = VECTOR('',#4935,1.);
#4935 = DIRECTION('',(1.,0.));
#4936 = ( GEOMETRIC_REPRESENTATION_CONTEXT(2) 
PARAMETRIC_REPRESENTATION_CONTEXT() REPRESENTATION_CONTEXT('2D SPACE',''
  ) );
#4937 = PCURVE('',#4938,#4943);
#4938 = TOROIDAL_SURFACE('',#4939,185.43623052116,60.);
#4939 = AXIS2_PLACEMENT_3D('',#4940,#4941,#4942);
#4940 = CARTESIAN_POINT('',(3.81E+03,0.,-1.33226762955E-14));
#4941 = DIRECTION('',(-1.,0.,2.22044604925E-16));
#4942 = DIRECTION('',(-2.22044604925E-16,-1.224646799147E-16,-1.));
#4943 = DEFINITIONAL_REPRESENTATION('',(#4944),#4948);
#4944 = LINE('',#4945,#4946);
#4945 = CARTESIAN_POINT('',(-0.,0.404891786285));
#4946 = VECTOR('',#4947,1.);
#4947 = DIRECTION('',(-1.,0.));
#4948 = ( GEOMETRIC_REPRESENTATION_CONTEXT(2) 
PARAMETRIC_REPRESENTATION_CONTEXT() REPRESENTATION_CONTEXT('2D SPACE',''
  ) );
#4949 = ADVANCED_FACE('',(#4950),#4938,.T.);
#4950 = FACE_BOUND('',#4951,.F.);
#4951 = EDGE_LOOP('',(#4952,#4974,#4975,#4976));
#4952 = ORIENTED_EDGE('',*,*,#4953,.F.);
#4953 = EDGE_CURVE('',#4866,#4954,#4956,.T.);
#4954 = VERTEX_POINT('',#4955);
#4955 = CARTESIAN_POINT('',(3.75E+03,-2.270938861537E-14,-185.4362305211
    ));
#4956 = SEAM_CURVE('',#4957,(#4962,#4968),.PCURVE_S1.);
#4957 = CIRCLE('',#4958,60.);
#4958 = AXIS2_PLACEMENT_3D('',#4959,#4960,#4961);
#4959 = CARTESIAN_POINT('',(3.81E+03,-2.270938861537E-14,-185.4362305211
    ));
#4960 = DIRECTION('',(-2.719262146894E-32,1.,-1.224646799147E-16));
#4961 = DIRECTION('',(-2.22044604925E-16,-1.224646799147E-16,-1.));
#4962 = PCURVE('',#4938,#4963);
#4963 = DEFINITIONAL_REPRESENTATION('',(#4964),#4967);
#4964 = B_SPLINE_CURVE_WITH_KNOTS('',1,(#4965,#4966),.UNSPECIFIED.,.F.,
  .F.,(2,2),(0.404891786285,1.570796326795),.PIECEWISE_BEZIER_KNOTS.);
#4965 = CARTESIAN_POINT('',(0.,0.404891786285));
#4966 = CARTESIAN_POINT('',(0.,1.570796326795));
#4967 = ( GEOMETRIC_REPRESENTATION_CONTEXT(2) 
PARAMETRIC_REPRESENTATION_CONTEXT() REPRESENTATION_CONTEXT('2D SPACE',''
  ) );
#4968 = PCURVE('',#4938,#4969);
#4969 = DEFINITIONAL_REPRESENTATION('',(#4970),#4973);
#4970 = B_SPLINE_CURVE_WITH_KNOTS('',1,(#4971,#4972),.UNSPECIFIED.,.F.,
  .F.,(2,2),(0.404891786285,1.570796326795),.PIECEWISE_BEZIER_KNOTS.);
#4971 = CARTESIAN_POINT('',(-6.28318530718,0.404891786285));
#4972 = CARTESIAN_POINT('',(-6.28318530718,1.570796326795));
#4973 = ( GEOMETRIC_REPRESENTATION_CONTEXT(2) 
PARAMETRIC_REPRESENTATION_CONTEXT() REPRESENTATION_CONTEXT('2D SPACE',''
  ) );
#4974 = ORIENTED_EDGE('',*,*,#4923,.F.);
#4975 = ORIENTED_EDGE('',*,*,#4953,.T.);
#4976 = ORIENTED_EDGE('',*,*,#4977,.T.);
#4977 = EDGE_CURVE('',#4954,#4954,#4978,.T.);
#4978 = SURFACE_CURVE('',#4979,(#4984,#4991),.PCURVE_S1.);
#4979 = CIRCLE('',#4980,185.43623052116);
#4980 = AXIS2_PLACEMENT_3D('',#4981,#4982,#4983);
#4981 = CARTESIAN_POINT('',(3.75E+03,0.,0.));
#4982 = DIRECTION('',(1.,0.,-2.22044604925E-16));
#4983 = DIRECTION('',(-2.22044604925E-16,-1.224646799147E-16,-1.));
#4984 = PCURVE('',#4938,#4985);
#4985 = DEFINITIONAL_REPRESENTATION('',(#4986),#4990);
#4986 = LINE('',#4987,#4988);
#4987 = CARTESIAN_POINT('',(-0.,1.570796326795));
#4988 = VECTOR('',#4989,1.);
#4989 = DIRECTION('',(-1.,0.));
#4990 = ( GEOMETRIC_REPRESENTATION_CONTEXT(2) 
PARAMETRIC_REPRESENTATION_CONTEXT() REPRESENTATION_CONTEXT('2D SPACE',''
  ) );
#4991 = PCURVE('',#4992,#4997);
#4992 = PLANE('',#4993);
#4993 = AXIS2_PLACEMENT_3D('',#4994,#4995,#4996);
#4994 = CARTESIAN_POINT('',(3.75E+03,0.,0.));
#4995 = DIRECTION('',(1.,0.,-2.22044604925E-16));
#4996 = DIRECTION('',(-2.22044604925E-16,0.,-1.));
#4997 = DEFINITIONAL_REPRESENTATION('',(#4998),#5002);
#4998 = CIRCLE('',#4999,185.43623052116);
#4999 = AXIS2_PLACEMENT_2D('',#5000,#5001);
#5000 = CARTESIAN_POINT('',(0.,0.));
#5001 = DIRECTION('',(1.,-1.224646799147E-16));
#5002 = ( GEOMETRIC_REPRESENTATION_CONTEXT(2) 
PARAMETRIC_REPRESENTATION_CONTEXT() REPRESENTATION_CONTEXT('2D SPACE',''
  ) );
#5003 = ADVANCED_FACE('',(#5004),#4910,.T.);
#5004 = FACE_BOUND('',#5005,.T.);
#5005 = EDGE_LOOP('',(#5006,#5028,#5029,#5030));
#5006 = ORIENTED_EDGE('',*,*,#5007,.F.);
#5007 = EDGE_CURVE('',#4868,#5008,#5010,.T.);
#5008 = VERTEX_POINT('',#5009);
#5009 = CARTESIAN_POINT('',(4.8E+03,-7.152031103853E-14,-584.0076590925)
  );
#5010 = SEAM_CURVE('',#5011,(#5016,#5022),.PCURVE_S1.);
#5011 = CIRCLE('',#5012,60.);
#5012 = AXIS2_PLACEMENT_3D('',#5013,#5014,#5015);
#5013 = CARTESIAN_POINT('',(4.74E+03,-7.152031103853E-14,-584.0076590925
    ));
#5014 = DIRECTION('',(2.719262146894E-32,-1.,1.224646799147E-16));
#5015 = DIRECTION('',(-2.22044604925E-16,-1.224646799147E-16,-1.));
#5016 = PCURVE('',#4910,#5017);
#5017 = DEFINITIONAL_REPRESENTATION('',(#5018),#5021);
#5018 = B_SPLINE_CURVE_WITH_KNOTS('',1,(#5019,#5020),.UNSPECIFIED.,.F.,
  .F.,(2,2),(5.878293520894,7.853981633974),.PIECEWISE_BEZIER_KNOTS.);
#5019 = CARTESIAN_POINT('',(0.,5.878293520894));
#5020 = CARTESIAN_POINT('',(0.,7.853981633974));
#5021 = ( GEOMETRIC_REPRESENTATION_CONTEXT(2) 
PARAMETRIC_REPRESENTATION_CONTEXT() REPRESENTATION_CONTEXT('2D SPACE',''
  ) );
#5022 = PCURVE('',#4910,#5023);
#5023 = DEFINITIONAL_REPRESENTATION('',(#5024),#5027);
#5024 = B_SPLINE_CURVE_WITH_KNOTS('',1,(#5025,#5026),.UNSPECIFIED.,.F.,
  .F.,(2,2),(5.878293520894,7.853981633974),.PIECEWISE_BEZIER_KNOTS.);
#5025 = CARTESIAN_POINT('',(6.28318530718,5.878293520894));
#5026 = CARTESIAN_POINT('',(6.28318530718,7.853981633974));
#5027 = ( GEOMETRIC_REPRESENTATION_CONTEXT(2) 
PARAMETRIC_REPRESENTATION_CONTEXT() REPRESENTATION_CONTEXT('2D SPACE',''
  ) );
#5028 = ORIENTED_EDGE('',*,*,#4895,.T.);
#5029 = ORIENTED_EDGE('',*,*,#5007,.T.);
#5030 = ORIENTED_EDGE('',*,*,#5031,.F.);
#5031 = EDGE_CURVE('',#5008,#5008,#5032,.T.);
#5032 = SURFACE_CURVE('',#5033,(#5038,#5045),.PCURVE_S1.);
#5033 = CIRCLE('',#5034,584.00765909259);
#5034 = AXIS2_PLACEMENT_3D('',#5035,#5036,#5037);
#5035 = CARTESIAN_POINT('',(4.8E+03,0.,-2.331468351713E-13));
#5036 = DIRECTION('',(1.,0.,-2.22044604925E-16));
#5037 = DIRECTION('',(-2.22044604925E-16,-1.224646799147E-16,-1.));
#5038 = PCURVE('',#4910,#5039);
#5039 = DEFINITIONAL_REPRESENTATION('',(#5040),#5044);
#5040 = LINE('',#5041,#5042);
#5041 = CARTESIAN_POINT('',(0.,7.853981633974));
#5042 = VECTOR('',#5043,1.);
#5043 = DIRECTION('',(1.,0.));
#5044 = ( GEOMETRIC_REPRESENTATION_CONTEXT(2) 
PARAMETRIC_REPRESENTATION_CONTEXT() REPRESENTATION_CONTEXT('2D SPACE',''
  ) );
#5045 = PCURVE('',#5046,#5051);
#5046 = PLANE('',#5047);
#5047 = AXIS2_PLACEMENT_3D('',#5048,#5049,#5050);
#5048 = CARTESIAN_POINT('',(4.8E+03,0.,-2.331468351713E-13));
#5049 = DIRECTION('',(1.,0.,-2.22044604925E-16));
#5050 = DIRECTION('',(-2.22044604925E-16,0.,-1.));
#5051 = DEFINITIONAL_REPRESENTATION('',(#5052),#5056);
#5052 = CIRCLE('',#5053,584.00765909259);
#5053 = AXIS2_PLACEMENT_2D('',#5054,#5055);
#5054 = CARTESIAN_POINT('',(0.,0.));
#5055 = DIRECTION('',(1.,-1.224646799147E-16));
#5056 = ( GEOMETRIC_REPRESENTATION_CONTEXT(2) 
PARAMETRIC_REPRESENTATION_CONTEXT() REPRESENTATION_CONTEXT('2D SPACE',''
  ) );
#5057 = ADVANCED_FACE('',(#5058),#4992,.F.);
#5058 = FACE_BOUND('',#5059,.F.);
#5059 = EDGE_LOOP('',(#5060));
#5060 = ORIENTED_EDGE('',*,*,#4977,.T.);
#5061 = ADVANCED_FACE('',(#5062),#5046,.T.);
#5062 = FACE_BOUND('',#5063,.T.);
#5063 = EDGE_LOOP('',(#5064));
#5064 = ORIENTED_EDGE('',*,*,#5031,.T.);
#5065 = ( GEOMETRIC_REPRESENTATION_CONTEXT(3) 
GLOBAL_UNCERTAINTY_ASSIGNED_CONTEXT((#5069)) 
GLOBAL_UNIT_ASSIGNED_CONTEXT((#5066,#5067,#5068)) REPRESENTATION_CONTEXT
('Context #1','3D Context with UNIT and UNCERTAINTY') );
#5066 = ( LENGTH_UNIT() NAMED_UNIT(*) SI_UNIT(.MILLI.,.METRE.) );
#5067 = ( NAMED_UNIT(*) PLANE_ANGLE_UNIT() SI_UNIT($,.RADIAN.) );
#5068 = ( NAMED_UNIT(*) SI_UNIT($,.STERADIAN.) SOLID_ANGLE_UNIT() );
#5069 = UNCERTAINTY_MEASURE_WITH_UNIT(LENGTH_MEASURE(1.E-07),#5066,
  'distance_accuracy_value','confusion accuracy');
#5070 = PRODUCT_RELATED_PRODUCT_CATEGORY('part',$,(#4855));
#5071 = SHAPE_DEFINITION_REPRESENTATION(#5072,#5078);
#5072 = PRODUCT_DEFINITION_SHAPE('','',#5073);
#5073 = PRODUCT_DEFINITION('design','',#5074,#5077);
#5074 = PRODUCT_DEFINITION_FORMATION('','',#5075);
#5075 = PRODUCT('Tungsten_Post','Tungsten_Post','',(#5076));
#5076 = PRODUCT_CONTEXT('',#2,'mechanical');
#5077 = PRODUCT_DEFINITION_CONTEXT('part definition',#2,'design');
#5078 = ADVANCED_BREP_SHAPE_REPRESENTATION('',(#11,#5079),#5177);
#5079 = MANIFOLD_SOLID_BREP('',#5080);
#5080 = CLOSED_SHELL('',(#5081,#5169,#5173));
#5081 = ADVANCED_FACE('',(#5082),#5095,.T.);
#5082 = FACE_BOUND('',#5083,.T.);
#5083 = EDGE_LOOP('',(#5084,#5118,#5141,#5168));
#5084 = ORIENTED_EDGE('',*,*,#5085,.F.);
#5085 = EDGE_CURVE('',#5086,#5086,#5088,.T.);
#5086 = VERTEX_POINT('',#5087);
#5087 = CARTESIAN_POINT('',(4.590075E+03,-1.506315562951E-13,-615.));
#5088 = SURFACE_CURVE('',#5089,(#5094,#5106),.PCURVE_S1.);
#5089 = CIRCLE('',#5090,615.);
#5090 = AXIS2_PLACEMENT_3D('',#5091,#5092,#5093);
#5091 = CARTESIAN_POINT('',(4.590075E+03,0.,3.064215547965E-13));
#5092 = DIRECTION('',(1.,-0.,2.22044604925E-16));
#5093 = DIRECTION('',(2.22044604925E-16,0.,-1.));
#5094 = PCURVE('',#5095,#5100);
#5095 = CYLINDRICAL_SURFACE('',#5096,615.);
#5096 = AXIS2_PLACEMENT_3D('',#5097,#5098,#5099);
#5097 = CARTESIAN_POINT('',(3.210075E+03,0.,0.));
#5098 = DIRECTION('',(1.,0.,2.22044604925E-16));
#5099 = DIRECTION('',(2.22044604925E-16,0.,-1.));
#5100 = DEFINITIONAL_REPRESENTATION('',(#5101),#5105);
#5101 = LINE('',#5102,#5103);
#5102 = CARTESIAN_POINT('',(0.,1.38E+03));
#5103 = VECTOR('',#5104,1.);
#5104 = DIRECTION('',(1.,0.));
#5105 = ( GEOMETRIC_REPRESENTATION_CONTEXT(2) 
PARAMETRIC_REPRESENTATION_CONTEXT() REPRESENTATION_CONTEXT('2D SPACE',''
  ) );
#5106 = PCURVE('',#5107,#5112);
#5107 = PLANE('',#5108);
#5108 = AXIS2_PLACEMENT_3D('',#5109,#5110,#5111);
#5109 = CARTESIAN_POINT('',(4.590075E+03,0.,3.064215547965E-13));
#5110 = DIRECTION('',(1.,0.,2.22044604925E-16));
#5111 = DIRECTION('',(2.22044604925E-16,0.,-1.));
#5112 = DEFINITIONAL_REPRESENTATION('',(#5113),#5117);
#5113 = CIRCLE('',#5114,615.);
#5114 = AXIS2_PLACEMENT_2D('',#5115,#5116);
#5115 = CARTESIAN_POINT('',(0.,0.));
#5116 = DIRECTION('',(1.,0.));
#5117 = ( GEOMETRIC_REPRESENTATION_CONTEXT(2) 
PARAMETRIC_REPRESENTATION_CONTEXT() REPRESENTATION_CONTEXT('2D SPACE',''
  ) );
#5118 = ORIENTED_EDGE('',*,*,#5119,.F.);
#5119 = EDGE_CURVE('',#5120,#5086,#5122,.T.);
#5120 = VERTEX_POINT('',#5121);
#5121 = CARTESIAN_POINT('',(3.210075E+03,-1.506315562951E-13,-615.));
#5122 = SEAM_CURVE('',#5123,(#5127,#5134),.PCURVE_S1.);
#5123 = LINE('',#5124,#5125);
#5124 = CARTESIAN_POINT('',(3.210075E+03,-1.506315562951E-13,-615.));
#5125 = VECTOR('',#5126,1.);
#5126 = DIRECTION('',(1.,0.,2.22044604925E-16));
#5127 = PCURVE('',#5095,#5128);
#5128 = DEFINITIONAL_REPRESENTATION('',(#5129),#5133);
#5129 = LINE('',#5130,#5131);
#5130 = CARTESIAN_POINT('',(6.28318530718,-0.));
#5131 = VECTOR('',#5132,1.);
#5132 = DIRECTION('',(0.,1.));
#5133 = ( GEOMETRIC_REPRESENTATION_CONTEXT(2) 
PARAMETRIC_REPRESENTATION_CONTEXT() REPRESENTATION_CONTEXT('2D SPACE',''
  ) );
#5134 = PCURVE('',#5095,#5135);
#5135 = DEFINITIONAL_REPRESENTATION('',(#5136),#5140);
#5136 = LINE('',#5137,#5138);
#5137 = CARTESIAN_POINT('',(0.,-0.));
#5138 = VECTOR('',#5139,1.);
#5139 = DIRECTION('',(0.,1.));
#5140 = ( GEOMETRIC_REPRESENTATION_CONTEXT(2) 
PARAMETRIC_REPRESENTATION_CONTEXT() REPRESENTATION_CONTEXT('2D SPACE',''
  ) );
#5141 = ORIENTED_EDGE('',*,*,#5142,.T.);
#5142 = EDGE_CURVE('',#5120,#5120,#5143,.T.);
#5143 = SURFACE_CURVE('',#5144,(#5149,#5156),.PCURVE_S1.);
#5144 = CIRCLE('',#5145,615.);
#5145 = AXIS2_PLACEMENT_3D('',#5146,#5147,#5148);
#5146 = CARTESIAN_POINT('',(3.210075E+03,0.,0.));
#5147 = DIRECTION('',(1.,-0.,2.22044604925E-16));
#5148 = DIRECTION('',(2.22044604925E-16,0.,-1.));
#5149 = PCURVE('',#5095,#5150);
#5150 = DEFINITIONAL_REPRESENTATION('',(#5151),#5155);
#5151 = LINE('',#5152,#5153);
#5152 = CARTESIAN_POINT('',(0.,0.));
#5153 = VECTOR('',#5154,1.);
#5154 = DIRECTION('',(1.,0.));
#5155 = ( GEOMETRIC_REPRESENTATION_CONTEXT(2) 
PARAMETRIC_REPRESENTATION_CONTEXT() REPRESENTATION_CONTEXT('2D SPACE',''
  ) );
#5156 = PCURVE('',#5157,#5162);
#5157 = PLANE('',#5158);
#5158 = AXIS2_PLACEMENT_3D('',#5159,#5160,#5161);
#5159 = CARTESIAN_POINT('',(3.210075E+03,0.,0.));
#5160 = DIRECTION('',(1.,0.,2.22044604925E-16));
#5161 = DIRECTION('',(2.22044604925E-16,0.,-1.));
#5162 = DEFINITIONAL_REPRESENTATION('',(#5163),#5167);
#5163 = CIRCLE('',#5164,615.);
#5164 = AXIS2_PLACEMENT_2D('',#5165,#5166);
#5165 = CARTESIAN_POINT('',(0.,0.));
#5166 = DIRECTION('',(1.,0.));
#5167 = ( GEOMETRIC_REPRESENTATION_CONTEXT(2) 
PARAMETRIC_REPRESENTATION_CONTEXT() REPRESENTATION_CONTEXT('2D SPACE',''
  ) );
#5168 = ORIENTED_EDGE('',*,*,#5119,.T.);
#5169 = ADVANCED_FACE('',(#5170),#5107,.T.);
#5170 = FACE_BOUND('',#5171,.T.);
#5171 = EDGE_LOOP('',(#5172));
#5172 = ORIENTED_EDGE('',*,*,#5085,.T.);
#5173 = ADVANCED_FACE('',(#5174),#5157,.F.);
#5174 = FACE_BOUND('',#5175,.T.);
#5175 = EDGE_LOOP('',(#5176));
#5176 = ORIENTED_EDGE('',*,*,#5142,.F.);
#5177 = ( GEOMETRIC_REPRESENTATION_CONTEXT(3) 
GLOBAL_UNCERTAINTY_ASSIGNED_CONTEXT((#5181)) 
GLOBAL_UNIT_ASSIGNED_CONTEXT((#5178,#5179,#5180)) REPRESENTATION_CONTEXT
('Context #1','3D Context with UNIT and UNCERTAINTY') );
#5178 = ( LENGTH_UNIT() NAMED_UNIT(*) SI_UNIT(.MILLI.,.METRE.) );
#5179 = ( NAMED_UNIT(*) PLANE_ANGLE_UNIT() SI_UNIT($,.RADIAN.) );
#5180 = ( NAMED_UNIT(*) SI_UNIT($,.STERADIAN.) SOLID_ANGLE_UNIT() );
#5181 = UNCERTAINTY_MEASURE_WITH_UNIT(LENGTH_MEASURE(1.E-07),#5178,
  'distance_accuracy_value','confusion accuracy');
#5182 = PRODUCT_RELATED_PRODUCT_CATEGORY('part',$,(#5075));
#5183 = SHAPE_DEFINITION_REPRESENTATION(#5184,#5190);
#5184 = PRODUCT_DEFINITION_SHAPE('','',#5185);
#5185 = PRODUCT_DEFINITION('design','',#5186,#5189);
#5186 = PRODUCT_DEFINITION_FORMATION('','',#5187);
#5187 = PRODUCT('Legs','Legs','',(#5188));
#5188 = PRODUCT_CONTEXT('',#2,'mechanical');
#5189 = PRODUCT_DEFINITION_CONTEXT('part definition',#2,'design');
#5190 = SHAPE_REPRESENTATION('',(#11,#5191,#5289,#5387,#5485,#5583,#5681
    ),#5779);
#5191 = MANIFOLD_SOLID_BREP('',#5192);
#5192 = CLOSED_SHELL('',(#5193,#5281,#5285));
#5193 = ADVANCED_FACE('',(#5194),#5207,.T.);
#5194 = FACE_BOUND('',#5195,.T.);
#5195 = EDGE_LOOP('',(#5196,#5230,#5253,#5280));
#5196 = ORIENTED_EDGE('',*,*,#5197,.F.);
#5197 = EDGE_CURVE('',#5198,#5198,#5200,.T.);
#5198 = VERTEX_POINT('',#5199);
#5199 = CARTESIAN_POINT('',(900.,-7.347880794884E-15,-630.));
#5200 = SURFACE_CURVE('',#5201,(#5206,#5218),.PCURVE_S1.);
#5201 = CIRCLE('',#5202,30.);
#5202 = AXIS2_PLACEMENT_3D('',#5203,#5204,#5205);
#5203 = CARTESIAN_POINT('',(900.,0.,-600.));
#5204 = DIRECTION('',(1.,0.,-2.22044604925E-16));
#5205 = DIRECTION('',(-2.22044604925E-16,0.,-1.));
#5206 = PCURVE('',#5207,#5212);
#5207 = CYLINDRICAL_SURFACE('',#5208,30.);
#5208 = AXIS2_PLACEMENT_3D('',#5209,#5210,#5211);
#5209 = CARTESIAN_POINT('',(300.,0.,-600.));
#5210 = DIRECTION('',(1.,0.,-2.22044604925E-16));
#5211 = DIRECTION('',(-2.22044604925E-16,0.,-1.));
#5212 = DEFINITIONAL_REPRESENTATION('',(#5213),#5217);
#5213 = LINE('',#5214,#5215);
#5214 = CARTESIAN_POINT('',(0.,600.));
#5215 = VECTOR('',#5216,1.);
#5216 = DIRECTION('',(1.,0.));
#5217 = ( GEOMETRIC_REPRESENTATION_CONTEXT(2) 
PARAMETRIC_REPRESENTATION_CONTEXT() REPRESENTATION_CONTEXT('2D SPACE',''
  ) );
#5218 = PCURVE('',#5219,#5224);
#5219 = PLANE('',#5220);
#5220 = AXIS2_PLACEMENT_3D('',#5221,#5222,#5223);
#5221 = CARTESIAN_POINT('',(900.,0.,-600.));
#5222 = DIRECTION('',(1.,0.,-2.22044604925E-16));
#5223 = DIRECTION('',(-2.22044604925E-16,0.,-1.));
#5224 = DEFINITIONAL_REPRESENTATION('',(#5225),#5229);
#5225 = CIRCLE('',#5226,30.);
#5226 = AXIS2_PLACEMENT_2D('',#5227,#5228);
#5227 = CARTESIAN_POINT('',(0.,0.));
#5228 = DIRECTION('',(1.,0.));
#5229 = ( GEOMETRIC_REPRESENTATION_CONTEXT(2) 
PARAMETRIC_REPRESENTATION_CONTEXT() REPRESENTATION_CONTEXT('2D SPACE',''
  ) );
#5230 = ORIENTED_EDGE('',*,*,#5231,.F.);
#5231 = EDGE_CURVE('',#5232,#5198,#5234,.T.);
#5232 = VERTEX_POINT('',#5233);
#5233 = CARTESIAN_POINT('',(300.,-7.347880794884E-15,-630.));
#5234 = SEAM_CURVE('',#5235,(#5239,#5246),.PCURVE_S1.);
#5235 = LINE('',#5236,#5237);
#5236 = CARTESIAN_POINT('',(300.,-7.347880794884E-15,-630.));
#5237 = VECTOR('',#5238,1.);
#5238 = DIRECTION('',(1.,0.,-2.22044604925E-16));
#5239 = PCURVE('',#5207,#5240);
#5240 = DEFINITIONAL_REPRESENTATION('',(#5241),#5245);
#5241 = LINE('',#5242,#5243);
#5242 = CARTESIAN_POINT('',(6.28318530718,-0.));
#5243 = VECTOR('',#5244,1.);
#5244 = DIRECTION('',(0.,1.));
#5245 = ( GEOMETRIC_REPRESENTATION_CONTEXT(2) 
PARAMETRIC_REPRESENTATION_CONTEXT() REPRESENTATION_CONTEXT('2D SPACE',''
  ) );
#5246 = PCURVE('',#5207,#5247);
#5247 = DEFINITIONAL_REPRESENTATION('',(#5248),#5252);
#5248 = LINE('',#5249,#5250);
#5249 = CARTESIAN_POINT('',(0.,-0.));
#5250 = VECTOR('',#5251,1.);
#5251 = DIRECTION('',(0.,1.));
#5252 = ( GEOMETRIC_REPRESENTATION_CONTEXT(2) 
PARAMETRIC_REPRESENTATION_CONTEXT() REPRESENTATION_CONTEXT('2D SPACE',''
  ) );
#5253 = ORIENTED_EDGE('',*,*,#5254,.T.);
#5254 = EDGE_CURVE('',#5232,#5232,#5255,.T.);
#5255 = SURFACE_CURVE('',#5256,(#5261,#5268),.PCURVE_S1.);
#5256 = CIRCLE('',#5257,30.);
#5257 = AXIS2_PLACEMENT_3D('',#5258,#5259,#5260);
#5258 = CARTESIAN_POINT('',(300.,0.,-600.));
#5259 = DIRECTION('',(1.,0.,-2.22044604925E-16));
#5260 = DIRECTION('',(-2.22044604925E-16,0.,-1.));
#5261 = PCURVE('',#5207,#5262);
#5262 = DEFINITIONAL_REPRESENTATION('',(#5263),#5267);
#5263 = LINE('',#5264,#5265);
#5264 = CARTESIAN_POINT('',(0.,0.));
#5265 = VECTOR('',#5266,1.);
#5266 = DIRECTION('',(1.,0.));
#5267 = ( GEOMETRIC_REPRESENTATION_CONTEXT(2) 
PARAMETRIC_REPRESENTATION_CONTEXT() REPRESENTATION_CONTEXT('2D SPACE',''
  ) );
#5268 = PCURVE('',#5269,#5274);
#5269 = PLANE('',#5270);
#5270 = AXIS2_PLACEMENT_3D('',#5271,#5272,#5273);
#5271 = CARTESIAN_POINT('',(300.,0.,-600.));
#5272 = DIRECTION('',(1.,0.,-2.22044604925E-16));
#5273 = DIRECTION('',(-2.22044604925E-16,0.,-1.));
#5274 = DEFINITIONAL_REPRESENTATION('',(#5275),#5279);
#5275 = CIRCLE('',#5276,30.);
#5276 = AXIS2_PLACEMENT_2D('',#5277,#5278);
#5277 = CARTESIAN_POINT('',(0.,0.));
#5278 = DIRECTION('',(1.,0.));
#5279 = ( GEOMETRIC_REPRESENTATION_CONTEXT(2) 
PARAMETRIC_REPRESENTATION_CONTEXT() REPRESENTATION_CONTEXT('2D SPACE',''
  ) );
#5280 = ORIENTED_EDGE('',*,*,#5231,.T.);
#5281 = ADVANCED_FACE('',(#5282),#5219,.T.);
#5282 = FACE_BOUND('',#5283,.T.);
#5283 = EDGE_LOOP('',(#5284));
#5284 = ORIENTED_EDGE('',*,*,#5197,.T.);
#5285 = ADVANCED_FACE('',(#5286),#5269,.F.);
#5286 = FACE_BOUND('',#5287,.T.);
#5287 = EDGE_LOOP('',(#5288));
#5288 = ORIENTED_EDGE('',*,*,#5254,.F.);
#5289 = MANIFOLD_SOLID_BREP('',#5290);
#5290 = CLOSED_SHELL('',(#5291,#5379,#5383));
#5291 = ADVANCED_FACE('',(#5292),#5305,.T.);
#5292 = FACE_BOUND('',#5293,.T.);
#5293 = EDGE_LOOP('',(#5294,#5328,#5351,#5378));
#5294 = ORIENTED_EDGE('',*,*,#5295,.F.);
#5295 = EDGE_CURVE('',#5296,#5296,#5298,.T.);
#5296 = VERTEX_POINT('',#5297);
#5297 = CARTESIAN_POINT('',(1.23E+03,-3.306546357698E-14,-735.));
#5298 = SURFACE_CURVE('',#5299,(#5304,#5316),.PCURVE_S1.);
#5299 = CIRCLE('',#5300,135.);
#5300 = AXIS2_PLACEMENT_3D('',#5301,#5302,#5303);
#5301 = CARTESIAN_POINT('',(1.23E+03,0.,-600.));
#5302 = DIRECTION('',(1.,0.,-2.22044604925E-16));
#5303 = DIRECTION('',(-2.22044604925E-16,0.,-1.));
#5304 = PCURVE('',#5305,#5310);
#5305 = CYLINDRICAL_SURFACE('',#5306,135.);
#5306 = AXIS2_PLACEMENT_3D('',#5307,#5308,#5309);
#5307 = CARTESIAN_POINT('',(1.17E+03,0.,-600.));
#5308 = DIRECTION('',(1.,0.,-2.22044604925E-16));
#5309 = DIRECTION('',(-2.22044604925E-16,0.,-1.));
#5310 = DEFINITIONAL_REPRESENTATION('',(#5311),#5315);
#5311 = LINE('',#5312,#5313);
#5312 = CARTESIAN_POINT('',(0.,60.));
#5313 = VECTOR('',#5314,1.);
#5314 = DIRECTION('',(1.,0.));
#5315 = ( GEOMETRIC_REPRESENTATION_CONTEXT(2) 
PARAMETRIC_REPRESENTATION_CONTEXT() REPRESENTATION_CONTEXT('2D SPACE',''
  ) );
#5316 = PCURVE('',#5317,#5322);
#5317 = PLANE('',#5318);
#5318 = AXIS2_PLACEMENT_3D('',#5319,#5320,#5321);
#5319 = CARTESIAN_POINT('',(1.23E+03,0.,-600.));
#5320 = DIRECTION('',(1.,0.,-2.22044604925E-16));
#5321 = DIRECTION('',(-2.22044604925E-16,0.,-1.));
#5322 = DEFINITIONAL_REPRESENTATION('',(#5323),#5327);
#5323 = CIRCLE('',#5324,135.);
#5324 = AXIS2_PLACEMENT_2D('',#5325,#5326);
#5325 = CARTESIAN_POINT('',(0.,0.));
#5326 = DIRECTION('',(1.,0.));
#5327 = ( GEOMETRIC_REPRESENTATION_CONTEXT(2) 
PARAMETRIC_REPRESENTATION_CONTEXT() REPRESENTATION_CONTEXT('2D SPACE',''
  ) );
#5328 = ORIENTED_EDGE('',*,*,#5329,.F.);
#5329 = EDGE_CURVE('',#5330,#5296,#5332,.T.);
#5330 = VERTEX_POINT('',#5331);
#5331 = CARTESIAN_POINT('',(1.17E+03,-3.306546357698E-14,-735.));
#5332 = SEAM_CURVE('',#5333,(#5337,#5344),.PCURVE_S1.);
#5333 = LINE('',#5334,#5335);
#5334 = CARTESIAN_POINT('',(1.17E+03,-3.306546357698E-14,-735.));
#5335 = VECTOR('',#5336,1.);
#5336 = DIRECTION('',(1.,0.,-2.22044604925E-16));
#5337 = PCURVE('',#5305,#5338);
#5338 = DEFINITIONAL_REPRESENTATION('',(#5339),#5343);
#5339 = LINE('',#5340,#5341);
#5340 = CARTESIAN_POINT('',(6.28318530718,-0.));
#5341 = VECTOR('',#5342,1.);
#5342 = DIRECTION('',(0.,1.));
#5343 = ( GEOMETRIC_REPRESENTATION_CONTEXT(2) 
PARAMETRIC_REPRESENTATION_CONTEXT() REPRESENTATION_CONTEXT('2D SPACE',''
  ) );
#5344 = PCURVE('',#5305,#5345);
#5345 = DEFINITIONAL_REPRESENTATION('',(#5346),#5350);
#5346 = LINE('',#5347,#5348);
#5347 = CARTESIAN_POINT('',(0.,-0.));
#5348 = VECTOR('',#5349,1.);
#5349 = DIRECTION('',(0.,1.));
#5350 = ( GEOMETRIC_REPRESENTATION_CONTEXT(2) 
PARAMETRIC_REPRESENTATION_CONTEXT() REPRESENTATION_CONTEXT('2D SPACE',''
  ) );
#5351 = ORIENTED_EDGE('',*,*,#5352,.T.);
#5352 = EDGE_CURVE('',#5330,#5330,#5353,.T.);
#5353 = SURFACE_CURVE('',#5354,(#5359,#5366),.PCURVE_S1.);
#5354 = CIRCLE('',#5355,135.);
#5355 = AXIS2_PLACEMENT_3D('',#5356,#5357,#5358);
#5356 = CARTESIAN_POINT('',(1.17E+03,0.,-600.));
#5357 = DIRECTION('',(1.,0.,-2.22044604925E-16));
#5358 = DIRECTION('',(-2.22044604925E-16,0.,-1.));
#5359 = PCURVE('',#5305,#5360);
#5360 = DEFINITIONAL_REPRESENTATION('',(#5361),#5365);
#5361 = LINE('',#5362,#5363);
#5362 = CARTESIAN_POINT('',(0.,0.));
#5363 = VECTOR('',#5364,1.);
#5364 = DIRECTION('',(1.,0.));
#5365 = ( GEOMETRIC_REPRESENTATION_CONTEXT(2) 
PARAMETRIC_REPRESENTATION_CONTEXT() REPRESENTATION_CONTEXT('2D SPACE',''
  ) );
#5366 = PCURVE('',#5367,#5372);
#5367 = PLANE('',#5368);
#5368 = AXIS2_PLACEMENT_3D('',#5369,#5370,#5371);
#5369 = CARTESIAN_POINT('',(1.17E+03,0.,-600.));
#5370 = DIRECTION('',(1.,0.,-2.22044604925E-16));
#5371 = DIRECTION('',(-2.22044604925E-16,0.,-1.));
#5372 = DEFINITIONAL_REPRESENTATION('',(#5373),#5377);
#5373 = CIRCLE('',#5374,135.);
#5374 = AXIS2_PLACEMENT_2D('',#5375,#5376);
#5375 = CARTESIAN_POINT('',(0.,0.));
#5376 = DIRECTION('',(1.,0.));
#5377 = ( GEOMETRIC_REPRESENTATION_CONTEXT(2) 
PARAMETRIC_REPRESENTATION_CONTEXT() REPRESENTATION_CONTEXT('2D SPACE',''
  ) );
#5378 = ORIENTED_EDGE('',*,*,#5329,.T.);
#5379 = ADVANCED_FACE('',(#5380),#5317,.T.);
#5380 = FACE_BOUND('',#5381,.T.);
#5381 = EDGE_LOOP('',(#5382));
#5382 = ORIENTED_EDGE('',*,*,#5295,.T.);
#5383 = ADVANCED_FACE('',(#5384),#5367,.F.);
#5384 = FACE_BOUND('',#5385,.T.);
#5385 = EDGE_LOOP('',(#5386));
#5386 = ORIENTED_EDGE('',*,*,#5352,.F.);
#5387 = MANIFOLD_SOLID_BREP('',#5388);
#5388 = CLOSED_SHELL('',(#5389,#5477,#5481));
#5389 = ADVANCED_FACE('',(#5390),#5403,.T.);
#5390 = FACE_BOUND('',#5391,.T.);
#5391 = EDGE_LOOP('',(#5392,#5426,#5449,#5476));
#5392 = ORIENTED_EDGE('',*,*,#5393,.F.);
#5393 = EDGE_CURVE('',#5394,#5394,#5396,.T.);
#5394 = VERTEX_POINT('',#5395);
#5395 = CARTESIAN_POINT('',(2.025E+03,900.,-630.));
#5396 = SURFACE_CURVE('',#5397,(#5402,#5414),.PCURVE_S1.);
#5397 = CIRCLE('',#5398,30.);
#5398 = AXIS2_PLACEMENT_3D('',#5399,#5400,#5401);
#5399 = CARTESIAN_POINT('',(2.025E+03,900.,-600.));
#5400 = DIRECTION('',(1.,0.,-2.22044604925E-16));
#5401 = DIRECTION('',(-2.22044604925E-16,0.,-1.));
#5402 = PCURVE('',#5403,#5408);
#5403 = CYLINDRICAL_SURFACE('',#5404,30.);
#5404 = AXIS2_PLACEMENT_3D('',#5405,#5406,#5407);
#5405 = CARTESIAN_POINT('',(1.125E+03,900.,-600.));
#5406 = DIRECTION('',(1.,0.,-2.22044604925E-16));
#5407 = DIRECTION('',(-2.22044604925E-16,0.,-1.));
#5408 = DEFINITIONAL_REPRESENTATION('',(#5409),#5413);
#5409 = LINE('',#5410,#5411);
#5410 = CARTESIAN_POINT('',(0.,900.));
#5411 = VECTOR('',#5412,1.);
#5412 = DIRECTION('',(1.,0.));
#5413 = ( GEOMETRIC_REPRESENTATION_CONTEXT(2) 
PARAMETRIC_REPRESENTATION_CONTEXT() REPRESENTATION_CONTEXT('2D SPACE',''
  ) );
#5414 = PCURVE('',#5415,#5420);
#5415 = PLANE('',#5416);
#5416 = AXIS2_PLACEMENT_3D('',#5417,#5418,#5419);
#5417 = CARTESIAN_POINT('',(2.025E+03,900.,-600.));
#5418 = DIRECTION('',(1.,0.,-2.22044604925E-16));
#5419 = DIRECTION('',(-2.22044604925E-16,0.,-1.));
#5420 = DEFINITIONAL_REPRESENTATION('',(#5421),#5425);
#5421 = CIRCLE('',#5422,30.);
#5422 = AXIS2_PLACEMENT_2D('',#5423,#5424);
#5423 = CARTESIAN_POINT('',(0.,0.));
#5424 = DIRECTION('',(1.,0.));
#5425 = ( GEOMETRIC_REPRESENTATION_CONTEXT(2) 
PARAMETRIC_REPRESENTATION_CONTEXT() REPRESENTATION_CONTEXT('2D SPACE',''
  ) );
#5426 = ORIENTED_EDGE('',*,*,#5427,.F.);
#5427 = EDGE_CURVE('',#5428,#5394,#5430,.T.);
#5428 = VERTEX_POINT('',#5429);
#5429 = CARTESIAN_POINT('',(1.125E+03,900.,-630.));
#5430 = SEAM_CURVE('',#5431,(#5435,#5442),.PCURVE_S1.);
#5431 = LINE('',#5432,#5433);
#5432 = CARTESIAN_POINT('',(1.125E+03,900.,-630.));
#5433 = VECTOR('',#5434,1.);
#5434 = DIRECTION('',(1.,0.,-2.22044604925E-16));
#5435 = PCURVE('',#5403,#5436);
#5436 = DEFINITIONAL_REPRESENTATION('',(#5437),#5441);
#5437 = LINE('',#5438,#5439);
#5438 = CARTESIAN_POINT('',(6.28318530718,-0.));
#5439 = VECTOR('',#5440,1.);
#5440 = DIRECTION('',(0.,1.));
#5441 = ( GEOMETRIC_REPRESENTATION_CONTEXT(2) 
PARAMETRIC_REPRESENTATION_CONTEXT() REPRESENTATION_CONTEXT('2D SPACE',''
  ) );
#5442 = PCURVE('',#5403,#5443);
#5443 = DEFINITIONAL_REPRESENTATION('',(#5444),#5448);
#5444 = LINE('',#5445,#5446);
#5445 = CARTESIAN_POINT('',(0.,-0.));
#5446 = VECTOR('',#5447,1.);
#5447 = DIRECTION('',(0.,1.));
#5448 = ( GEOMETRIC_REPRESENTATION_CONTEXT(2) 
PARAMETRIC_REPRESENTATION_CONTEXT() REPRESENTATION_CONTEXT('2D SPACE',''
  ) );
#5449 = ORIENTED_EDGE('',*,*,#5450,.T.);
#5450 = EDGE_CURVE('',#5428,#5428,#5451,.T.);
#5451 = SURFACE_CURVE('',#5452,(#5457,#5464),.PCURVE_S1.);
#5452 = CIRCLE('',#5453,30.);
#5453 = AXIS2_PLACEMENT_3D('',#5454,#5455,#5456);
#5454 = CARTESIAN_POINT('',(1.125E+03,900.,-600.));
#5455 = DIRECTION('',(1.,0.,-2.22044604925E-16));
#5456 = DIRECTION('',(-2.22044604925E-16,0.,-1.));
#5457 = PCURVE('',#5403,#5458);
#5458 = DEFINITIONAL_REPRESENTATION('',(#5459),#5463);
#5459 = LINE('',#5460,#5461);
#5460 = CARTESIAN_POINT('',(0.,0.));
#5461 = VECTOR('',#5462,1.);
#5462 = DIRECTION('',(1.,0.));
#5463 = ( GEOMETRIC_REPRESENTATION_CONTEXT(2) 
PARAMETRIC_REPRESENTATION_CONTEXT() REPRESENTATION_CONTEXT('2D SPACE',''
  ) );
#5464 = PCURVE('',#5465,#5470);
#5465 = PLANE('',#5466);
#5466 = AXIS2_PLACEMENT_3D('',#5467,#5468,#5469);
#5467 = CARTESIAN_POINT('',(1.125E+03,900.,-600.));
#5468 = DIRECTION('',(1.,0.,-2.22044604925E-16));
#5469 = DIRECTION('',(-2.22044604925E-16,0.,-1.));
#5470 = DEFINITIONAL_REPRESENTATION('',(#5471),#5475);
#5471 = CIRCLE('',#5472,30.);
#5472 = AXIS2_PLACEMENT_2D('',#5473,#5474);
#5473 = CARTESIAN_POINT('',(0.,0.));
#5474 = DIRECTION('',(1.,0.));
#5475 = ( GEOMETRIC_REPRESENTATION_CONTEXT(2) 
PARAMETRIC_REPRESENTATION_CONTEXT() REPRESENTATION_CONTEXT('2D SPACE',''
  ) );
#5476 = ORIENTED_EDGE('',*,*,#5427,.T.);
#5477 = ADVANCED_FACE('',(#5478),#5415,.T.);
#5478 = FACE_BOUND('',#5479,.T.);
#5479 = EDGE_LOOP('',(#5480));
#5480 = ORIENTED_EDGE('',*,*,#5393,.T.);
#5481 = ADVANCED_FACE('',(#5482),#5465,.F.);
#5482 = FACE_BOUND('',#5483,.T.);
#5483 = EDGE_LOOP('',(#5484));
#5484 = ORIENTED_EDGE('',*,*,#5450,.F.);
#5485 = MANIFOLD_SOLID_BREP('',#5486);
#5486 = CLOSED_SHELL('',(#5487,#5575,#5579));
#5487 = ADVANCED_FACE('',(#5488),#5501,.T.);
#5488 = FACE_BOUND('',#5489,.T.);
#5489 = EDGE_LOOP('',(#5490,#5524,#5547,#5574));
#5490 = ORIENTED_EDGE('',*,*,#5491,.F.);
#5491 = EDGE_CURVE('',#5492,#5492,#5494,.T.);
#5492 = VERTEX_POINT('',#5493);
#5493 = CARTESIAN_POINT('',(2.505E+03,900.,-735.));
#5494 = SURFACE_CURVE('',#5495,(#5500,#5512),.PCURVE_S1.);
#5495 = CIRCLE('',#5496,135.);
#5496 = AXIS2_PLACEMENT_3D('',#5497,#5498,#5499);
#5497 = CARTESIAN_POINT('',(2.505E+03,900.,-600.));
#5498 = DIRECTION('',(1.,0.,-2.22044604925E-16));
#5499 = DIRECTION('',(-2.22044604925E-16,0.,-1.));
#5500 = PCURVE('',#5501,#5506);
#5501 = CYLINDRICAL_SURFACE('',#5502,135.);
#5502 = AXIS2_PLACEMENT_3D('',#5503,#5504,#5505);
#5503 = CARTESIAN_POINT('',(2.445E+03,900.,-600.));
#5504 = DIRECTION('',(1.,0.,-2.22044604925E-16));
#5505 = DIRECTION('',(-2.22044604925E-16,0.,-1.));
#5506 = DEFINITIONAL_REPRESENTATION('',(#5507),#5511);
#5507 = LINE('',#5508,#5509);
#5508 = CARTESIAN_POINT('',(0.,60.));
#5509 = VECTOR('',#5510,1.);
#5510 = DIRECTION('',(1.,0.));
#5511 = ( GEOMETRIC_REPRESENTATION_CONTEXT(2) 
PARAMETRIC_REPRESENTATION_CONTEXT() REPRESENTATION_CONTEXT('2D SPACE',''
  ) );
#5512 = PCURVE('',#5513,#5518);
#5513 = PLANE('',#5514);
#5514 = AXIS2_PLACEMENT_3D('',#5515,#5516,#5517);
#5515 = CARTESIAN_POINT('',(2.505E+03,900.,-600.));
#5516 = DIRECTION('',(1.,0.,-2.22044604925E-16));
#5517 = DIRECTION('',(-2.22044604925E-16,0.,-1.));
#5518 = DEFINITIONAL_REPRESENTATION('',(#5519),#5523);
#5519 = CIRCLE('',#5520,135.);
#5520 = AXIS2_PLACEMENT_2D('',#5521,#5522);
#5521 = CARTESIAN_POINT('',(0.,0.));
#5522 = DIRECTION('',(1.,0.));
#5523 = ( GEOMETRIC_REPRESENTATION_CONTEXT(2) 
PARAMETRIC_REPRESENTATION_CONTEXT() REPRESENTATION_CONTEXT('2D SPACE',''
  ) );
#5524 = ORIENTED_EDGE('',*,*,#5525,.F.);
#5525 = EDGE_CURVE('',#5526,#5492,#5528,.T.);
#5526 = VERTEX_POINT('',#5527);
#5527 = CARTESIAN_POINT('',(2.445E+03,900.,-735.));
#5528 = SEAM_CURVE('',#5529,(#5533,#5540),.PCURVE_S1.);
#5529 = LINE('',#5530,#5531);
#5530 = CARTESIAN_POINT('',(2.445E+03,900.,-735.));
#5531 = VECTOR('',#5532,1.);
#5532 = DIRECTION('',(1.,0.,-2.22044604925E-16));
#5533 = PCURVE('',#5501,#5534);
#5534 = DEFINITIONAL_REPRESENTATION('',(#5535),#5539);
#5535 = LINE('',#5536,#5537);
#5536 = CARTESIAN_POINT('',(6.28318530718,-0.));
#5537 = VECTOR('',#5538,1.);
#5538 = DIRECTION('',(0.,1.));
#5539 = ( GEOMETRIC_REPRESENTATION_CONTEXT(2) 
PARAMETRIC_REPRESENTATION_CONTEXT() REPRESENTATION_CONTEXT('2D SPACE',''
  ) );
#5540 = PCURVE('',#5501,#5541);
#5541 = DEFINITIONAL_REPRESENTATION('',(#5542),#5546);
#5542 = LINE('',#5543,#5544);
#5543 = CARTESIAN_POINT('',(0.,-0.));
#5544 = VECTOR('',#5545,1.);
#5545 = DIRECTION('',(0.,1.));
#5546 = ( GEOMETRIC_REPRESENTATION_CONTEXT(2) 
PARAMETRIC_REPRESENTATION_CONTEXT() REPRESENTATION_CONTEXT('2D SPACE',''
  ) );
#5547 = ORIENTED_EDGE('',*,*,#5548,.T.);
#5548 = EDGE_CURVE('',#5526,#5526,#5549,.T.);
#5549 = SURFACE_CURVE('',#5550,(#5555,#5562),.PCURVE_S1.);
#5550 = CIRCLE('',#5551,135.);
#5551 = AXIS2_PLACEMENT_3D('',#5552,#5553,#5554);
#5552 = CARTESIAN_POINT('',(2.445E+03,900.,-600.));
#5553 = DIRECTION('',(1.,0.,-2.22044604925E-16));
#5554 = DIRECTION('',(-2.22044604925E-16,0.,-1.));
#5555 = PCURVE('',#5501,#5556);
#5556 = DEFINITIONAL_REPRESENTATION('',(#5557),#5561);
#5557 = LINE('',#5558,#5559);
#5558 = CARTESIAN_POINT('',(0.,0.));
#5559 = VECTOR('',#5560,1.);
#5560 = DIRECTION('',(1.,0.));
#5561 = ( GEOMETRIC_REPRESENTATION_CONTEXT(2) 
PARAMETRIC_REPRESENTATION_CONTEXT() REPRESENTATION_CONTEXT('2D SPACE',''
  ) );
#5562 = PCURVE('',#5563,#5568);
#5563 = PLANE('',#5564);
#5564 = AXIS2_PLACEMENT_3D('',#5565,#5566,#5567);
#5565 = CARTESIAN_POINT('',(2.445E+03,900.,-600.));
#5566 = DIRECTION('',(1.,0.,-2.22044604925E-16));
#5567 = DIRECTION('',(-2.22044604925E-16,0.,-1.));
#5568 = DEFINITIONAL_REPRESENTATION('',(#5569),#5573);
#5569 = CIRCLE('',#5570,135.);
#5570 = AXIS2_PLACEMENT_2D('',#5571,#5572);
#5571 = CARTESIAN_POINT('',(0.,0.));
#5572 = DIRECTION('',(1.,0.));
#5573 = ( GEOMETRIC_REPRESENTATION_CONTEXT(2) 
PARAMETRIC_REPRESENTATION_CONTEXT() REPRESENTATION_CONTEXT('2D SPACE',''
  ) );
#5574 = ORIENTED_EDGE('',*,*,#5525,.T.);
#5575 = ADVANCED_FACE('',(#5576),#5513,.T.);
#5576 = FACE_BOUND('',#5577,.T.);
#5577 = EDGE_LOOP('',(#5578));
#5578 = ORIENTED_EDGE('',*,*,#5491,.T.);
#5579 = ADVANCED_FACE('',(#5580),#5563,.F.);
#5580 = FACE_BOUND('',#5581,.T.);
#5581 = EDGE_LOOP('',(#5582));
#5582 = ORIENTED_EDGE('',*,*,#5548,.F.);
#5583 = MANIFOLD_SOLID_BREP('',#5584);
#5584 = CLOSED_SHELL('',(#5585,#5673,#5677));
#5585 = ADVANCED_FACE('',(#5586),#5599,.T.);
#5586 = FACE_BOUND('',#5587,.T.);
#5587 = EDGE_LOOP('',(#5588,#5622,#5645,#5672));
#5588 = ORIENTED_EDGE('',*,*,#5589,.F.);
#5589 = EDGE_CURVE('',#5590,#5590,#5592,.T.);
#5590 = VERTEX_POINT('',#5591);
#5591 = CARTESIAN_POINT('',(3.375E+03,-900.,-630.));
#5592 = SURFACE_CURVE('',#5593,(#5598,#5610),.PCURVE_S1.);
#5593 = CIRCLE('',#5594,30.);
#5594 = AXIS2_PLACEMENT_3D('',#5595,#5596,#5597);
#5595 = CARTESIAN_POINT('',(3.375E+03,-900.,-600.));
#5596 = DIRECTION('',(1.,0.,-2.22044604925E-16));
#5597 = DIRECTION('',(-2.22044604925E-16,0.,-1.));
#5598 = PCURVE('',#5599,#5604);
#5599 = CYLINDRICAL_SURFACE('',#5600,30.);
#5600 = AXIS2_PLACEMENT_3D('',#5601,#5602,#5603);
#5601 = CARTESIAN_POINT('',(2.475E+03,-900.,-600.));
#5602 = DIRECTION('',(1.,0.,-2.22044604925E-16));
#5603 = DIRECTION('',(-2.22044604925E-16,0.,-1.));
#5604 = DEFINITIONAL_REPRESENTATION('',(#5605),#5609);
#5605 = LINE('',#5606,#5607);
#5606 = CARTESIAN_POINT('',(0.,900.));
#5607 = VECTOR('',#5608,1.);
#5608 = DIRECTION('',(1.,0.));
#5609 = ( GEOMETRIC_REPRESENTATION_CONTEXT(2) 
PARAMETRIC_REPRESENTATION_CONTEXT() REPRESENTATION_CONTEXT('2D SPACE',''
  ) );
#5610 = PCURVE('',#5611,#5616);
#5611 = PLANE('',#5612);
#5612 = AXIS2_PLACEMENT_3D('',#5613,#5614,#5615);
#5613 = CARTESIAN_POINT('',(3.375E+03,-900.,-600.));
#5614 = DIRECTION('',(1.,0.,-2.22044604925E-16));
#5615 = DIRECTION('',(-2.22044604925E-16,0.,-1.));
#5616 = DEFINITIONAL_REPRESENTATION('',(#5617),#5621);
#5617 = CIRCLE('',#5618,30.);
#5618 = AXIS2_PLACEMENT_2D('',#5619,#5620);
#5619 = CARTESIAN_POINT('',(0.,0.));
#5620 = DIRECTION('',(1.,0.));
#5621 = ( GEOMETRIC_REPRESENTATION_CONTEXT(2) 
PARAMETRIC_REPRESENTATION_CONTEXT() REPRESENTATION_CONTEXT('2D SPACE',''
  ) );
#5622 = ORIENTED_EDGE('',*,*,#5623,.F.);
#5623 = EDGE_CURVE('',#5624,#5590,#5626,.T.);
#5624 = VERTEX_POINT('',#5625);
#5625 = CARTESIAN_POINT('',(2.475E+03,-900.,-630.));
#5626 = SEAM_CURVE('',#5627,(#5631,#5638),.PCURVE_S1.);
#5627 = LINE('',#5628,#5629);
#5628 = CARTESIAN_POINT('',(2.475E+03,-900.,-630.));
#5629 = VECTOR('',#5630,1.);
#5630 = DIRECTION('',(1.,0.,-2.22044604925E-16));
#5631 = PCURVE('',#5599,#5632);
#5632 = DEFINITIONAL_REPRESENTATION('',(#5633),#5637);
#5633 = LINE('',#5634,#5635);
#5634 = CARTESIAN_POINT('',(6.28318530718,-0.));
#5635 = VECTOR('',#5636,1.);
#5636 = DIRECTION('',(0.,1.));
#5637 = ( GEOMETRIC_REPRESENTATION_CONTEXT(2) 
PARAMETRIC_REPRESENTATION_CONTEXT() REPRESENTATION_CONTEXT('2D SPACE',''
  ) );
#5638 = PCURVE('',#5599,#5639);
#5639 = DEFINITIONAL_REPRESENTATION('',(#5640),#5644);
#5640 = LINE('',#5641,#5642);
#5641 = CARTESIAN_POINT('',(0.,-0.));
#5642 = VECTOR('',#5643,1.);
#5643 = DIRECTION('',(0.,1.));
#5644 = ( GEOMETRIC_REPRESENTATION_CONTEXT(2) 
PARAMETRIC_REPRESENTATION_CONTEXT() REPRESENTATION_CONTEXT('2D SPACE',''
  ) );
#5645 = ORIENTED_EDGE('',*,*,#5646,.T.);
#5646 = EDGE_CURVE('',#5624,#5624,#5647,.T.);
#5647 = SURFACE_CURVE('',#5648,(#5653,#5660),.PCURVE_S1.);
#5648 = CIRCLE('',#5649,30.);
#5649 = AXIS2_PLACEMENT_3D('',#5650,#5651,#5652);
#5650 = CARTESIAN_POINT('',(2.475E+03,-900.,-600.));
#5651 = DIRECTION('',(1.,0.,-2.22044604925E-16));
#5652 = DIRECTION('',(-2.22044604925E-16,0.,-1.));
#5653 = PCURVE('',#5599,#5654);
#5654 = DEFINITIONAL_REPRESENTATION('',(#5655),#5659);
#5655 = LINE('',#5656,#5657);
#5656 = CARTESIAN_POINT('',(0.,0.));
#5657 = VECTOR('',#5658,1.);
#5658 = DIRECTION('',(1.,0.));
#5659 = ( GEOMETRIC_REPRESENTATION_CONTEXT(2) 
PARAMETRIC_REPRESENTATION_CONTEXT() REPRESENTATION_CONTEXT('2D SPACE',''
  ) );
#5660 = PCURVE('',#5661,#5666);
#5661 = PLANE('',#5662);
#5662 = AXIS2_PLACEMENT_3D('',#5663,#5664,#5665);
#5663 = CARTESIAN_POINT('',(2.475E+03,-900.,-600.));
#5664 = DIRECTION('',(1.,0.,-2.22044604925E-16));
#5665 = DIRECTION('',(-2.22044604925E-16,0.,-1.));
#5666 = DEFINITIONAL_REPRESENTATION('',(#5667),#5671);
#5667 = CIRCLE('',#5668,30.);
#5668 = AXIS2_PLACEMENT_2D('',#5669,#5670);
#5669 = CARTESIAN_POINT('',(0.,0.));
#5670 = DIRECTION('',(1.,0.));
#5671 = ( GEOMETRIC_REPRESENTATION_CONTEXT(2) 
PARAMETRIC_REPRESENTATION_CONTEXT() REPRESENTATION_CONTEXT('2D SPACE',''
  ) );
#5672 = ORIENTED_EDGE('',*,*,#5623,.T.);
#5673 = ADVANCED_FACE('',(#5674),#5611,.T.);
#5674 = FACE_BOUND('',#5675,.T.);
#5675 = EDGE_LOOP('',(#5676));
#5676 = ORIENTED_EDGE('',*,*,#5589,.T.);
#5677 = ADVANCED_FACE('',(#5678),#5661,.F.);
#5678 = FACE_BOUND('',#5679,.T.);
#5679 = EDGE_LOOP('',(#5680));
#5680 = ORIENTED_EDGE('',*,*,#5646,.F.);
#5681 = MANIFOLD_SOLID_BREP('',#5682);
#5682 = CLOSED_SHELL('',(#5683,#5771,#5775));
#5683 = ADVANCED_FACE('',(#5684),#5697,.T.);
#5684 = FACE_BOUND('',#5685,.T.);
#5685 = EDGE_LOOP('',(#5686,#5720,#5743,#5770));
#5686 = ORIENTED_EDGE('',*,*,#5687,.F.);
#5687 = EDGE_CURVE('',#5688,#5688,#5690,.T.);
#5688 = VERTEX_POINT('',#5689);
#5689 = CARTESIAN_POINT('',(3.855E+03,-900.,-735.));
#5690 = SURFACE_CURVE('',#5691,(#5696,#5708),.PCURVE_S1.);
#5691 = CIRCLE('',#5692,135.);
#5692 = AXIS2_PLACEMENT_3D('',#5693,#5694,#5695);
#5693 = CARTESIAN_POINT('',(3.855E+03,-900.,-600.));
#5694 = DIRECTION('',(1.,0.,-2.22044604925E-16));
#5695 = DIRECTION('',(-2.22044604925E-16,0.,-1.));
#5696 = PCURVE('',#5697,#5702);
#5697 = CYLINDRICAL_SURFACE('',#5698,135.);
#5698 = AXIS2_PLACEMENT_3D('',#5699,#5700,#5701);
#5699 = CARTESIAN_POINT('',(3.795E+03,-900.,-600.));
#5700 = DIRECTION('',(1.,0.,-2.22044604925E-16));
#5701 = DIRECTION('',(-2.22044604925E-16,0.,-1.));
#5702 = DEFINITIONAL_REPRESENTATION('',(#5703),#5707);
#5703 = LINE('',#5704,#5705);
#5704 = CARTESIAN_POINT('',(0.,60.));
#5705 = VECTOR('',#5706,1.);
#5706 = DIRECTION('',(1.,0.));
#5707 = ( GEOMETRIC_REPRESENTATION_CONTEXT(2) 
PARAMETRIC_REPRESENTATION_CONTEXT() REPRESENTATION_CONTEXT('2D SPACE',''
  ) );
#5708 = PCURVE('',#5709,#5714);
#5709 = PLANE('',#5710);
#5710 = AXIS2_PLACEMENT_3D('',#5711,#5712,#5713);
#5711 = CARTESIAN_POINT('',(3.855E+03,-900.,-600.));
#5712 = DIRECTION('',(1.,0.,-2.22044604925E-16));
#5713 = DIRECTION('',(-2.22044604925E-16,0.,-1.));
#5714 = DEFINITIONAL_REPRESENTATION('',(#5715),#5719);
#5715 = CIRCLE('',#5716,135.);
#5716 = AXIS2_PLACEMENT_2D('',#5717,#5718);
#5717 = CARTESIAN_POINT('',(0.,0.));
#5718 = DIRECTION('',(1.,0.));
#5719 = ( GEOMETRIC_REPRESENTATION_CONTEXT(2) 
PARAMETRIC_REPRESENTATION_CONTEXT() REPRESENTATION_CONTEXT('2D SPACE',''
  ) );
#5720 = ORIENTED_EDGE('',*,*,#5721,.F.);
#5721 = EDGE_CURVE('',#5722,#5688,#5724,.T.);
#5722 = VERTEX_POINT('',#5723);
#5723 = CARTESIAN_POINT('',(3.795E+03,-900.,-735.));
#5724 = SEAM_CURVE('',#5725,(#5729,#5736),.PCURVE_S1.);
#5725 = LINE('',#5726,#5727);
#5726 = CARTESIAN_POINT('',(3.795E+03,-900.,-735.));
#5727 = VECTOR('',#5728,1.);
#5728 = DIRECTION('',(1.,0.,-2.22044604925E-16));
#5729 = PCURVE('',#5697,#5730);
#5730 = DEFINITIONAL_REPRESENTATION('',(#5731),#5735);
#5731 = LINE('',#5732,#5733);
#5732 = CARTESIAN_POINT('',(6.28318530718,-0.));
#5733 = VECTOR('',#5734,1.);
#5734 = DIRECTION('',(0.,1.));
#5735 = ( GEOMETRIC_REPRESENTATION_CONTEXT(2) 
PARAMETRIC_REPRESENTATION_CONTEXT() REPRESENTATION_CONTEXT('2D SPACE',''
  ) );
#5736 = PCURVE('',#5697,#5737);
#5737 = DEFINITIONAL_REPRESENTATION('',(#5738),#5742);
#5738 = LINE('',#5739,#5740);
#5739 = CARTESIAN_POINT('',(0.,-0.));
#5740 = VECTOR('',#5741,1.);
#5741 = DIRECTION('',(0.,1.));
#5742 = ( GEOMETRIC_REPRESENTATION_CONTEXT(2) 
PARAMETRIC_REPRESENTATION_CONTEXT() REPRESENTATION_CONTEXT('2D SPACE',''
  ) );
#5743 = ORIENTED_EDGE('',*,*,#5744,.T.);
#5744 = EDGE_CURVE('',#5722,#5722,#5745,.T.);
#5745 = SURFACE_CURVE('',#5746,(#5751,#5758),.PCURVE_S1.);
#5746 = CIRCLE('',#5747,135.);
#5747 = AXIS2_PLACEMENT_3D('',#5748,#5749,#5750);
#5748 = CARTESIAN_POINT('',(3.795E+03,-900.,-600.));
#5749 = DIRECTION('',(1.,0.,-2.22044604925E-16));
#5750 = DIRECTION('',(-2.22044604925E-16,0.,-1.));
#5751 = PCURVE('',#5697,#5752);
#5752 = DEFINITIONAL_REPRESENTATION('',(#5753),#5757);
#5753 = LINE('',#5754,#5755);
#5754 = CARTESIAN_POINT('',(0.,0.));
#5755 = VECTOR('',#5756,1.);
#5756 = DIRECTION('',(1.,0.));
#5757 = ( GEOMETRIC_REPRESENTATION_CONTEXT(2) 
PARAMETRIC_REPRESENTATION_CONTEXT() REPRESENTATION_CONTEXT('2D SPACE',''
  ) );
#5758 = PCURVE('',#5759,#5764);
#5759 = PLANE('',#5760);
#5760 = AXIS2_PLACEMENT_3D('',#5761,#5762,#5763);
#5761 = CARTESIAN_POINT('',(3.795E+03,-900.,-600.));
#5762 = DIRECTION('',(1.,0.,-2.22044604925E-16));
#5763 = DIRECTION('',(-2.22044604925E-16,0.,-1.));
#5764 = DEFINITIONAL_REPRESENTATION('',(#5765),#5769);
#5765 = CIRCLE('',#5766,135.);
#5766 = AXIS2_PLACEMENT_2D('',#5767,#5768);
#5767 = CARTESIAN_POINT('',(0.,0.));
#5768 = DIRECTION('',(1.,0.));
#5769 = ( GEOMETRIC_REPRESENTATION_CONTEXT(2) 
PARAMETRIC_REPRESENTATION_CONTEXT() REPRESENTATION_CONTEXT('2D SPACE',''
  ) );
#5770 = ORIENTED_EDGE('',*,*,#5721,.T.);
#5771 = ADVANCED_FACE('',(#5772),#5709,.T.);
#5772 = FACE_BOUND('',#5773,.T.);
#5773 = EDGE_LOOP('',(#5774));
#5774 = ORIENTED_EDGE('',*,*,#5687,.T.);
#5775 = ADVANCED_FACE('',(#5776),#5759,.F.);
#5776 = FACE_BOUND('',#5777,.T.);
#5777 = EDGE_LOOP('',(#5778));
#5778 = ORIENTED_EDGE('',*,*,#5744,.F.);
#5779 = ( GEOMETRIC_REPRESENTATION_CONTEXT(3) 
GLOBAL_UNCERTAINTY_ASSIGNED_CONTEXT((#5783)) 
GLOBAL_UNIT_ASSIGNED_CONTEXT((#5780,#5781,#5782)) REPRESENTATION_CONTEXT
('Context #1','3D Context with UNIT and UNCERTAINTY') );
#5780 = ( LENGTH_UNIT() NAMED_UNIT(*) SI_UNIT(.MILLI.,.METRE.) );
#5781 = ( NAMED_UNIT(*) PLANE_ANGLE_UNIT() SI_UNIT($,.RADIAN.) );
#5782 = ( NAMED_UNIT(*) SI_UNIT($,.STERADIAN.) SOLID_ANGLE_UNIT() );
#5783 = UNCERTAINTY_MEASURE_WITH_UNIT(LENGTH_MEASURE(1.E-07),#5780,
  'distance_accuracy_value','confusion accuracy');
#5784 = PRODUCT_RELATED_PRODUCT_CATEGORY('part',$,(#5187));
#5785 = SHAPE_DEFINITION_REPRESENTATION(#5786,#5792);
#5786 = PRODUCT_DEFINITION_SHAPE('','',#5787);
#5787 = PRODUCT_DEFINITION('design','',#5788,#5791);
#5788 = PRODUCT_DEFINITION_FORMATION('','',#5789);
#5789 = PRODUCT('Wings_Fin','Wings_Fin','',(#5790));
#5790 = PRODUCT_CONTEXT('',#2,'mechanical');
#5791 = PRODUCT_DEFINITION_CONTEXT('part definition',#2,'design');
#5792 = SHAPE_REPRESENTATION('',(#11,#5793,#6123,#6453),#6783);
#5793 = MANIFOLD_SOLID_BREP('',#5794);
#5794 = CLOSED_SHELL('',(#5795,#5915,#6015,#6062,#6109,#6116));
#5795 = ADVANCED_FACE('',(#5796),#5810,.F.);
#5796 = FACE_BOUND('',#5797,.F.);
#5797 = EDGE_LOOP('',(#5798,#5833,#5861,#5889));
#5798 = ORIENTED_EDGE('',*,*,#5799,.F.);
#5799 = EDGE_CURVE('',#5800,#5802,#5804,.T.);
#5800 = VERTEX_POINT('',#5801);
#5801 = CARTESIAN_POINT('',(712.5,675.075,-30.));
#5802 = VERTEX_POINT('',#5803);
#5803 = CARTESIAN_POINT('',(712.5,675.075,30.));
#5804 = SURFACE_CURVE('',#5805,(#5809,#5821),.PCURVE_S1.);
#5805 = LINE('',#5806,#5807);
#5806 = CARTESIAN_POINT('',(712.5,675.075,-30.));
#5807 = VECTOR('',#5808,1.);
#5808 = DIRECTION('',(0.,0.,1.));
#5809 = PCURVE('',#5810,#5815);
#5810 = PLANE('',#5811);
#5811 = AXIS2_PLACEMENT_3D('',#5812,#5813,#5814);
#5812 = CARTESIAN_POINT('',(712.5,675.075,-30.));
#5813 = DIRECTION('',(1.,0.,0.));
#5814 = DIRECTION('',(0.,0.,1.));
#5815 = DEFINITIONAL_REPRESENTATION('',(#5816),#5820);
#5816 = LINE('',#5817,#5818);
#5817 = CARTESIAN_POINT('',(0.,0.));
#5818 = VECTOR('',#5819,1.);
#5819 = DIRECTION('',(1.,0.));
#5820 = ( GEOMETRIC_REPRESENTATION_CONTEXT(2) 
PARAMETRIC_REPRESENTATION_CONTEXT() REPRESENTATION_CONTEXT('2D SPACE',''
  ) );
#5821 = PCURVE('',#5822,#5827);
#5822 = PLANE('',#5823);
#5823 = AXIS2_PLACEMENT_3D('',#5824,#5825,#5826);
#5824 = CARTESIAN_POINT('',(712.5,675.075,-30.));
#5825 = DIRECTION('',(0.,1.,0.));
#5826 = DIRECTION('',(0.,0.,1.));
#5827 = DEFINITIONAL_REPRESENTATION('',(#5828),#5832);
#5828 = LINE('',#5829,#5830);
#5829 = CARTESIAN_POINT('',(0.,0.));
#5830 = VECTOR('',#5831,1.);
#5831 = DIRECTION('',(1.,0.));
#5832 = ( GEOMETRIC_REPRESENTATION_CONTEXT(2) 
PARAMETRIC_REPRESENTATION_CONTEXT() REPRESENTATION_CONTEXT('2D SPACE',''
  ) );
#5833 = ORIENTED_EDGE('',*,*,#5834,.T.);
#5834 = EDGE_CURVE('',#5800,#5835,#5837,.T.);
#5835 = VERTEX_POINT('',#5836);
#5836 = CARTESIAN_POINT('',(712.5,1.575075E+03,-30.));
#5837 = SURFACE_CURVE('',#5838,(#5842,#5849),.PCURVE_S1.);
#5838 = LINE('',#5839,#5840);
#5839 = CARTESIAN_POINT('',(712.5,675.075,-30.));
#5840 = VECTOR('',#5841,1.);
#5841 = DIRECTION('',(0.,1.,0.));
#5842 = PCURVE('',#5810,#5843);
#5843 = DEFINITIONAL_REPRESENTATION('',(#5844),#5848);
#5844 = LINE('',#5845,#5846);
#5845 = CARTESIAN_POINT('',(0.,0.));
#5846 = VECTOR('',#5847,1.);
#5847 = DIRECTION('',(0.,-1.));
#5848 = ( GEOMETRIC_REPRESENTATION_CONTEXT(2) 
PARAMETRIC_REPRESENTATION_CONTEXT() REPRESENTATION_CONTEXT('2D SPACE',''
  ) );
#5849 = PCURVE('',#5850,#5855);
#5850 = PLANE('',#5851);
#5851 = AXIS2_PLACEMENT_3D('',#5852,#5853,#5854);
#5852 = CARTESIAN_POINT('',(712.5,675.075,-30.));
#5853 = DIRECTION('',(0.,0.,1.));
#5854 = DIRECTION('',(1.,0.,0.));
#5855 = DEFINITIONAL_REPRESENTATION('',(#5856),#5860);
#5856 = LINE('',#5857,#5858);
#5857 = CARTESIAN_POINT('',(0.,0.));
#5858 = VECTOR('',#5859,1.);
#5859 = DIRECTION('',(0.,1.));
#5860 = ( GEOMETRIC_REPRESENTATION_CONTEXT(2) 
PARAMETRIC_REPRESENTATION_CONTEXT() REPRESENTATION_CONTEXT('2D SPACE',''
  ) );
#5861 = ORIENTED_EDGE('',*,*,#5862,.T.);
#5862 = EDGE_CURVE('',#5835,#5863,#5865,.T.);
#5863 = VERTEX_POINT('',#5864);
#5864 = CARTESIAN_POINT('',(712.5,1.575075E+03,30.));
#5865 = SURFACE_CURVE('',#5866,(#5870,#5877),.PCURVE_S1.);
#5866 = LINE('',#5867,#5868);
#5867 = CARTESIAN_POINT('',(712.5,1.575075E+03,-30.));
#5868 = VECTOR('',#5869,1.);
#5869 = DIRECTION('',(0.,0.,1.));
#5870 = PCURVE('',#5810,#5871);
#5871 = DEFINITIONAL_REPRESENTATION('',(#5872),#5876);
#5872 = LINE('',#5873,#5874);
#5873 = CARTESIAN_POINT('',(0.,-900.));
#5874 = VECTOR('',#5875,1.);
#5875 = DIRECTION('',(1.,0.));
#5876 = ( GEOMETRIC_REPRESENTATION_CONTEXT(2) 
PARAMETRIC_REPRESENTATION_CONTEXT() REPRESENTATION_CONTEXT('2D SPACE',''
  ) );
#5877 = PCURVE('',#5878,#5883);
#5878 = PLANE('',#5879);
#5879 = AXIS2_PLACEMENT_3D('',#5880,#5881,#5882);
#5880 = CARTESIAN_POINT('',(712.5,1.575075E+03,-30.));
#5881 = DIRECTION('',(0.,1.,0.));
#5882 = DIRECTION('',(0.,0.,1.));
#5883 = DEFINITIONAL_REPRESENTATION('',(#5884),#5888);
#5884 = LINE('',#5885,#5886);
#5885 = CARTESIAN_POINT('',(0.,0.));
#5886 = VECTOR('',#5887,1.);
#5887 = DIRECTION('',(1.,0.));
#5888 = ( GEOMETRIC_REPRESENTATION_CONTEXT(2) 
PARAMETRIC_REPRESENTATION_CONTEXT() REPRESENTATION_CONTEXT('2D SPACE',''
  ) );
#5889 = ORIENTED_EDGE('',*,*,#5890,.F.);
#5890 = EDGE_CURVE('',#5802,#5863,#5891,.T.);
#5891 = SURFACE_CURVE('',#5892,(#5896,#5903),.PCURVE_S1.);
#5892 = LINE('',#5893,#5894);
#5893 = CARTESIAN_POINT('',(712.5,675.075,30.));
#5894 = VECTOR('',#5895,1.);
#5895 = DIRECTION('',(0.,1.,0.));
#5896 = PCURVE('',#5810,#5897);
#5897 = DEFINITIONAL_REPRESENTATION('',(#5898),#5902);
#5898 = LINE('',#5899,#5900);
#5899 = CARTESIAN_POINT('',(60.,0.));
#5900 = VECTOR('',#5901,1.);
#5901 = DIRECTION('',(0.,-1.));
#5902 = ( GEOMETRIC_REPRESENTATION_CONTEXT(2) 
PARAMETRIC_REPRESENTATION_CONTEXT() REPRESENTATION_CONTEXT('2D SPACE',''
  ) );
#5903 = PCURVE('',#5904,#5909);
#5904 = PLANE('',#5905);
#5905 = AXIS2_PLACEMENT_3D('',#5906,#5907,#5908);
#5906 = CARTESIAN_POINT('',(712.5,675.075,30.));
#5907 = DIRECTION('',(0.,0.,1.));
#5908 = DIRECTION('',(1.,0.,0.));
#5909 = DEFINITIONAL_REPRESENTATION('',(#5910),#5914);
#5910 = LINE('',#5911,#5912);
#5911 = CARTESIAN_POINT('',(0.,0.));
#5912 = VECTOR('',#5913,1.);
#5913 = DIRECTION('',(0.,1.));
#5914 = ( GEOMETRIC_REPRESENTATION_CONTEXT(2) 
PARAMETRIC_REPRESENTATION_CONTEXT() REPRESENTATION_CONTEXT('2D SPACE',''
  ) );
#5915 = ADVANCED_FACE('',(#5916),#5930,.T.);
#5916 = FACE_BOUND('',#5917,.T.);
#5917 = EDGE_LOOP('',(#5918,#5948,#5971,#5994));
#5918 = ORIENTED_EDGE('',*,*,#5919,.F.);
#5919 = EDGE_CURVE('',#5920,#5922,#5924,.T.);
#5920 = VERTEX_POINT('',#5921);
#5921 = CARTESIAN_POINT('',(1.3875E+03,675.075,-30.));
#5922 = VERTEX_POINT('',#5923);
#5923 = CARTESIAN_POINT('',(1.3875E+03,675.075,30.));
#5924 = SURFACE_CURVE('',#5925,(#5929,#5941),.PCURVE_S1.);
#5925 = LINE('',#5926,#5927);
#5926 = CARTESIAN_POINT('',(1.3875E+03,675.075,-30.));
#5927 = VECTOR('',#5928,1.);
#5928 = DIRECTION('',(0.,0.,1.));
#5929 = PCURVE('',#5930,#5935);
#5930 = PLANE('',#5931);
#5931 = AXIS2_PLACEMENT_3D('',#5932,#5933,#5934);
#5932 = CARTESIAN_POINT('',(1.3875E+03,675.075,-30.));
#5933 = DIRECTION('',(1.,0.,0.));
#5934 = DIRECTION('',(0.,0.,1.));
#5935 = DEFINITIONAL_REPRESENTATION('',(#5936),#5940);
#5936 = LINE('',#5937,#5938);
#5937 = CARTESIAN_POINT('',(0.,0.));
#5938 = VECTOR('',#5939,1.);
#5939 = DIRECTION('',(1.,0.));
#5940 = ( GEOMETRIC_REPRESENTATION_CONTEXT(2) 
PARAMETRIC_REPRESENTATION_CONTEXT() REPRESENTATION_CONTEXT('2D SPACE',''
  ) );
#5941 = PCURVE('',#5822,#5942);
#5942 = DEFINITIONAL_REPRESENTATION('',(#5943),#5947);
#5943 = LINE('',#5944,#5945);
#5944 = CARTESIAN_POINT('',(0.,675.));
#5945 = VECTOR('',#5946,1.);
#5946 = DIRECTION('',(1.,0.));
#5947 = ( GEOMETRIC_REPRESENTATION_CONTEXT(2) 
PARAMETRIC_REPRESENTATION_CONTEXT() REPRESENTATION_CONTEXT('2D SPACE',''
  ) );
#5948 = ORIENTED_EDGE('',*,*,#5949,.T.);
#5949 = EDGE_CURVE('',#5920,#5950,#5952,.T.);
#5950 = VERTEX_POINT('',#5951);
#5951 = CARTESIAN_POINT('',(1.3875E+03,1.575075E+03,-30.));
#5952 = SURFACE_CURVE('',#5953,(#5957,#5964),.PCURVE_S1.);
#5953 = LINE('',#5954,#5955);
#5954 = CARTESIAN_POINT('',(1.3875E+03,675.075,-30.));
#5955 = VECTOR('',#5956,1.);
#5956 = DIRECTION('',(0.,1.,0.));
#5957 = PCURVE('',#5930,#5958);
#5958 = DEFINITIONAL_REPRESENTATION('',(#5959),#5963);
#5959 = LINE('',#5960,#5961);
#5960 = CARTESIAN_POINT('',(0.,0.));
#5961 = VECTOR('',#5962,1.);
#5962 = DIRECTION('',(0.,-1.));
#5963 = ( GEOMETRIC_REPRESENTATION_CONTEXT(2) 
PARAMETRIC_REPRESENTATION_CONTEXT() REPRESENTATION_CONTEXT('2D SPACE',''
  ) );
#5964 = PCURVE('',#5850,#5965);
#5965 = DEFINITIONAL_REPRESENTATION('',(#5966),#5970);
#5966 = LINE('',#5967,#5968);
#5967 = CARTESIAN_POINT('',(675.,0.));
#5968 = VECTOR('',#5969,1.);
#5969 = DIRECTION('',(0.,1.));
#5970 = ( GEOMETRIC_REPRESENTATION_CONTEXT(2) 
PARAMETRIC_REPRESENTATION_CONTEXT() REPRESENTATION_CONTEXT('2D SPACE',''
  ) );
#5971 = ORIENTED_EDGE('',*,*,#5972,.T.);
#5972 = EDGE_CURVE('',#5950,#5973,#5975,.T.);
#5973 = VERTEX_POINT('',#5974);
#5974 = CARTESIAN_POINT('',(1.3875E+03,1.575075E+03,30.));
#5975 = SURFACE_CURVE('',#5976,(#5980,#5987),.PCURVE_S1.);
#5976 = LINE('',#5977,#5978);
#5977 = CARTESIAN_POINT('',(1.3875E+03,1.575075E+03,-30.));
#5978 = VECTOR('',#5979,1.);
#5979 = DIRECTION('',(0.,0.,1.));
#5980 = PCURVE('',#5930,#5981);
#5981 = DEFINITIONAL_REPRESENTATION('',(#5982),#5986);
#5982 = LINE('',#5983,#5984);
#5983 = CARTESIAN_POINT('',(0.,-900.));
#5984 = VECTOR('',#5985,1.);
#5985 = DIRECTION('',(1.,0.));
#5986 = ( GEOMETRIC_REPRESENTATION_CONTEXT(2) 
PARAMETRIC_REPRESENTATION_CONTEXT() REPRESENTATION_CONTEXT('2D SPACE',''
  ) );
#5987 = PCURVE('',#5878,#5988);
#5988 = DEFINITIONAL_REPRESENTATION('',(#5989),#5993);
#5989 = LINE('',#5990,#5991);
#5990 = CARTESIAN_POINT('',(0.,675.));
#5991 = VECTOR('',#5992,1.);
#5992 = DIRECTION('',(1.,0.));
#5993 = ( GEOMETRIC_REPRESENTATION_CONTEXT(2) 
PARAMETRIC_REPRESENTATION_CONTEXT() REPRESENTATION_CONTEXT('2D SPACE',''
  ) );
#5994 = ORIENTED_EDGE('',*,*,#5995,.F.);
#5995 = EDGE_CURVE('',#5922,#5973,#5996,.T.);
#5996 = SURFACE_CURVE('',#5997,(#6001,#6008),.PCURVE_S1.);
#5997 = LINE('',#5998,#5999);
#5998 = CARTESIAN_POINT('',(1.3875E+03,675.075,30.));
#5999 = VECTOR('',#6000,1.);
#6000 = DIRECTION('',(0.,1.,0.));
#6001 = PCURVE('',#5930,#6002);
#6002 = DEFINITIONAL_REPRESENTATION('',(#6003),#6007);
#6003 = LINE('',#6004,#6005);
#6004 = CARTESIAN_POINT('',(60.,0.));
#6005 = VECTOR('',#6006,1.);
#6006 = DIRECTION('',(0.,-1.));
#6007 = ( GEOMETRIC_REPRESENTATION_CONTEXT(2) 
PARAMETRIC_REPRESENTATION_CONTEXT() REPRESENTATION_CONTEXT('2D SPACE',''
  ) );
#6008 = PCURVE('',#5904,#6009);
#6009 = DEFINITIONAL_REPRESENTATION('',(#6010),#6014);
#6010 = LINE('',#6011,#6012);
#6011 = CARTESIAN_POINT('',(675.,0.));
#6012 = VECTOR('',#6013,1.);
#6013 = DIRECTION('',(0.,1.));
#6014 = ( GEOMETRIC_REPRESENTATION_CONTEXT(2) 
PARAMETRIC_REPRESENTATION_CONTEXT() REPRESENTATION_CONTEXT('2D SPACE',''
  ) );
#6015 = ADVANCED_FACE('',(#6016),#5822,.F.);
#6016 = FACE_BOUND('',#6017,.F.);
#6017 = EDGE_LOOP('',(#6018,#6039,#6040,#6061));
#6018 = ORIENTED_EDGE('',*,*,#6019,.F.);
#6019 = EDGE_CURVE('',#5800,#5920,#6020,.T.);
#6020 = SURFACE_CURVE('',#6021,(#6025,#6032),.PCURVE_S1.);
#6021 = LINE('',#6022,#6023);
#6022 = CARTESIAN_POINT('',(712.5,675.075,-30.));
#6023 = VECTOR('',#6024,1.);
#6024 = DIRECTION('',(1.,0.,0.));
#6025 = PCURVE('',#5822,#6026);
#6026 = DEFINITIONAL_REPRESENTATION('',(#6027),#6031);
#6027 = LINE('',#6028,#6029);
#6028 = CARTESIAN_POINT('',(0.,0.));
#6029 = VECTOR('',#6030,1.);
#6030 = DIRECTION('',(0.,1.));
#6031 = ( GEOMETRIC_REPRESENTATION_CONTEXT(2) 
PARAMETRIC_REPRESENTATION_CONTEXT() REPRESENTATION_CONTEXT('2D SPACE',''
  ) );
#6032 = PCURVE('',#5850,#6033);
#6033 = DEFINITIONAL_REPRESENTATION('',(#6034),#6038);
#6034 = LINE('',#6035,#6036);
#6035 = CARTESIAN_POINT('',(0.,0.));
#6036 = VECTOR('',#6037,1.);
#6037 = DIRECTION('',(1.,0.));
#6038 = ( GEOMETRIC_REPRESENTATION_CONTEXT(2) 
PARAMETRIC_REPRESENTATION_CONTEXT() REPRESENTATION_CONTEXT('2D SPACE',''
  ) );
#6039 = ORIENTED_EDGE('',*,*,#5799,.T.);
#6040 = ORIENTED_EDGE('',*,*,#6041,.T.);
#6041 = EDGE_CURVE('',#5802,#5922,#6042,.T.);
#6042 = SURFACE_CURVE('',#6043,(#6047,#6054),.PCURVE_S1.);
#6043 = LINE('',#6044,#6045);
#6044 = CARTESIAN_POINT('',(712.5,675.075,30.));
#6045 = VECTOR('',#6046,1.);
#6046 = DIRECTION('',(1.,0.,0.));
#6047 = PCURVE('',#5822,#6048);
#6048 = DEFINITIONAL_REPRESENTATION('',(#6049),#6053);
#6049 = LINE('',#6050,#6051);
#6050 = CARTESIAN_POINT('',(60.,0.));
#6051 = VECTOR('',#6052,1.);
#6052 = DIRECTION('',(0.,1.));
#6053 = ( GEOMETRIC_REPRESENTATION_CONTEXT(2) 
PARAMETRIC_REPRESENTATION_CONTEXT() REPRESENTATION_CONTEXT('2D SPACE',''
  ) );
#6054 = PCURVE('',#5904,#6055);
#6055 = DEFINITIONAL_REPRESENTATION('',(#6056),#6060);
#6056 = LINE('',#6057,#6058);
#6057 = CARTESIAN_POINT('',(0.,0.));
#6058 = VECTOR('',#6059,1.);
#6059 = DIRECTION('',(1.,0.));
#6060 = ( GEOMETRIC_REPRESENTATION_CONTEXT(2) 
PARAMETRIC_REPRESENTATION_CONTEXT() REPRESENTATION_CONTEXT('2D SPACE',''
  ) );
#6061 = ORIENTED_EDGE('',*,*,#5919,.F.);
#6062 = ADVANCED_FACE('',(#6063),#5878,.T.);
#6063 = FACE_BOUND('',#6064,.T.);
#6064 = EDGE_LOOP('',(#6065,#6086,#6087,#6108));
#6065 = ORIENTED_EDGE('',*,*,#6066,.F.);
#6066 = EDGE_CURVE('',#5835,#5950,#6067,.T.);
#6067 = SURFACE_CURVE('',#6068,(#6072,#6079),.PCURVE_S1.);
#6068 = LINE('',#6069,#6070);
#6069 = CARTESIAN_POINT('',(712.5,1.575075E+03,-30.));
#6070 = VECTOR('',#6071,1.);
#6071 = DIRECTION('',(1.,0.,0.));
#6072 = PCURVE('',#5878,#6073);
#6073 = DEFINITIONAL_REPRESENTATION('',(#6074),#6078);
#6074 = LINE('',#6075,#6076);
#6075 = CARTESIAN_POINT('',(0.,0.));
#6076 = VECTOR('',#6077,1.);
#6077 = DIRECTION('',(0.,1.));
#6078 = ( GEOMETRIC_REPRESENTATION_CONTEXT(2) 
PARAMETRIC_REPRESENTATION_CONTEXT() REPRESENTATION_CONTEXT('2D SPACE',''
  ) );
#6079 = PCURVE('',#5850,#6080);
#6080 = DEFINITIONAL_REPRESENTATION('',(#6081),#6085);
#6081 = LINE('',#6082,#6083);
#6082 = CARTESIAN_POINT('',(0.,900.));
#6083 = VECTOR('',#6084,1.);
#6084 = DIRECTION('',(1.,0.));
#6085 = ( GEOMETRIC_REPRESENTATION_CONTEXT(2) 
PARAMETRIC_REPRESENTATION_CONTEXT() REPRESENTATION_CONTEXT('2D SPACE',''
  ) );
#6086 = ORIENTED_EDGE('',*,*,#5862,.T.);
#6087 = ORIENTED_EDGE('',*,*,#6088,.T.);
#6088 = EDGE_CURVE('',#5863,#5973,#6089,.T.);
#6089 = SURFACE_CURVE('',#6090,(#6094,#6101),.PCURVE_S1.);
#6090 = LINE('',#6091,#6092);
#6091 = CARTESIAN_POINT('',(712.5,1.575075E+03,30.));
#6092 = VECTOR('',#6093,1.);
#6093 = DIRECTION('',(1.,0.,0.));
#6094 = PCURVE('',#5878,#6095);
#6095 = DEFINITIONAL_REPRESENTATION('',(#6096),#6100);
#6096 = LINE('',#6097,#6098);
#6097 = CARTESIAN_POINT('',(60.,0.));
#6098 = VECTOR('',#6099,1.);
#6099 = DIRECTION('',(0.,1.));
#6100 = ( GEOMETRIC_REPRESENTATION_CONTEXT(2) 
PARAMETRIC_REPRESENTATION_CONTEXT() REPRESENTATION_CONTEXT('2D SPACE',''
  ) );
#6101 = PCURVE('',#5904,#6102);
#6102 = DEFINITIONAL_REPRESENTATION('',(#6103),#6107);
#6103 = LINE('',#6104,#6105);
#6104 = CARTESIAN_POINT('',(0.,900.));
#6105 = VECTOR('',#6106,1.);
#6106 = DIRECTION('',(1.,0.));
#6107 = ( GEOMETRIC_REPRESENTATION_CONTEXT(2) 
PARAMETRIC_REPRESENTATION_CONTEXT() REPRESENTATION_CONTEXT('2D SPACE',''
  ) );
#6108 = ORIENTED_EDGE('',*,*,#5972,.F.);
#6109 = ADVANCED_FACE('',(#6110),#5850,.F.);
#6110 = FACE_BOUND('',#6111,.F.);
#6111 = EDGE_LOOP('',(#6112,#6113,#6114,#6115));
#6112 = ORIENTED_EDGE('',*,*,#5834,.F.);
#6113 = ORIENTED_EDGE('',*,*,#6019,.T.);
#6114 = ORIENTED_EDGE('',*,*,#5949,.T.);
#6115 = ORIENTED_EDGE('',*,*,#6066,.F.);
#6116 = ADVANCED_FACE('',(#6117),#5904,.T.);
#6117 = FACE_BOUND('',#6118,.T.);
#6118 = EDGE_LOOP('',(#6119,#6120,#6121,#6122));
#6119 = ORIENTED_EDGE('',*,*,#5890,.F.);
#6120 = ORIENTED_EDGE('',*,*,#6041,.T.);
#6121 = ORIENTED_EDGE('',*,*,#5995,.T.);
#6122 = ORIENTED_EDGE('',*,*,#6088,.F.);
#6123 = MANIFOLD_SOLID_BREP('',#6124);
#6124 = CLOSED_SHELL('',(#6125,#6245,#6345,#6392,#6439,#6446));
#6125 = ADVANCED_FACE('',(#6126),#6140,.F.);
#6126 = FACE_BOUND('',#6127,.F.);
#6127 = EDGE_LOOP('',(#6128,#6163,#6191,#6219));
#6128 = ORIENTED_EDGE('',*,*,#6129,.F.);
#6129 = EDGE_CURVE('',#6130,#6132,#6134,.T.);
#6130 = VERTEX_POINT('',#6131);
#6131 = CARTESIAN_POINT('',(712.5,-1.575075E+03,-30.));
#6132 = VERTEX_POINT('',#6133);
#6133 = CARTESIAN_POINT('',(712.5,-1.575075E+03,30.));
#6134 = SURFACE_CURVE('',#6135,(#6139,#6151),.PCURVE_S1.);
#6135 = LINE('',#6136,#6137);
#6136 = CARTESIAN_POINT('',(712.5,-1.575075E+03,-30.));
#6137 = VECTOR('',#6138,1.);
#6138 = DIRECTION('',(0.,0.,1.));
#6139 = PCURVE('',#6140,#6145);
#6140 = PLANE('',#6141);
#6141 = AXIS2_PLACEMENT_3D('',#6142,#6143,#6144);
#6142 = CARTESIAN_POINT('',(712.5,-1.575075E+03,-30.));
#6143 = DIRECTION('',(1.,0.,0.));
#6144 = DIRECTION('',(0.,0.,1.));
#6145 = DEFINITIONAL_REPRESENTATION('',(#6146),#6150);
#6146 = LINE('',#6147,#6148);
#6147 = CARTESIAN_POINT('',(0.,0.));
#6148 = VECTOR('',#6149,1.);
#6149 = DIRECTION('',(1.,0.));
#6150 = ( GEOMETRIC_REPRESENTATION_CONTEXT(2) 
PARAMETRIC_REPRESENTATION_CONTEXT() REPRESENTATION_CONTEXT('2D SPACE',''
  ) );
#6151 = PCURVE('',#6152,#6157);
#6152 = PLANE('',#6153);
#6153 = AXIS2_PLACEMENT_3D('',#6154,#6155,#6156);
#6154 = CARTESIAN_POINT('',(712.5,-1.575075E+03,-30.));
#6155 = DIRECTION('',(0.,1.,0.));
#6156 = DIRECTION('',(0.,0.,1.));
#6157 = DEFINITIONAL_REPRESENTATION('',(#6158),#6162);
#6158 = LINE('',#6159,#6160);
#6159 = CARTESIAN_POINT('',(0.,0.));
#6160 = VECTOR('',#6161,1.);
#6161 = DIRECTION('',(1.,0.));
#6162 = ( GEOMETRIC_REPRESENTATION_CONTEXT(2) 
PARAMETRIC_REPRESENTATION_CONTEXT() REPRESENTATION_CONTEXT('2D SPACE',''
  ) );
#6163 = ORIENTED_EDGE('',*,*,#6164,.T.);
#6164 = EDGE_CURVE('',#6130,#6165,#6167,.T.);
#6165 = VERTEX_POINT('',#6166);
#6166 = CARTESIAN_POINT('',(712.5,-675.075,-30.));
#6167 = SURFACE_CURVE('',#6168,(#6172,#6179),.PCURVE_S1.);
#6168 = LINE('',#6169,#6170);
#6169 = CARTESIAN_POINT('',(712.5,-1.575075E+03,-30.));
#6170 = VECTOR('',#6171,1.);
#6171 = DIRECTION('',(0.,1.,0.));
#6172 = PCURVE('',#6140,#6173);
#6173 = DEFINITIONAL_REPRESENTATION('',(#6174),#6178);
#6174 = LINE('',#6175,#6176);
#6175 = CARTESIAN_POINT('',(0.,0.));
#6176 = VECTOR('',#6177,1.);
#6177 = DIRECTION('',(0.,-1.));
#6178 = ( GEOMETRIC_REPRESENTATION_CONTEXT(2) 
PARAMETRIC_REPRESENTATION_CONTEXT() REPRESENTATION_CONTEXT('2D SPACE',''
  ) );
#6179 = PCURVE('',#6180,#6185);
#6180 = PLANE('',#6181);
#6181 = AXIS2_PLACEMENT_3D('',#6182,#6183,#6184);
#6182 = CARTESIAN_POINT('',(712.5,-1.575075E+03,-30.));
#6183 = DIRECTION('',(0.,0.,1.));
#6184 = DIRECTION('',(1.,0.,0.));
#6185 = DEFINITIONAL_REPRESENTATION('',(#6186),#6190);
#6186 = LINE('',#6187,#6188);
#6187 = CARTESIAN_POINT('',(0.,0.));
#6188 = VECTOR('',#6189,1.);
#6189 = DIRECTION('',(0.,1.));
#6190 = ( GEOMETRIC_REPRESENTATION_CONTEXT(2) 
PARAMETRIC_REPRESENTATION_CONTEXT() REPRESENTATION_CONTEXT('2D SPACE',''
  ) );
#6191 = ORIENTED_EDGE('',*,*,#6192,.T.);
#6192 = EDGE_CURVE('',#6165,#6193,#6195,.T.);
#6193 = VERTEX_POINT('',#6194);
#6194 = CARTESIAN_POINT('',(712.5,-675.075,30.));
#6195 = SURFACE_CURVE('',#6196,(#6200,#6207),.PCURVE_S1.);
#6196 = LINE('',#6197,#6198);
#6197 = CARTESIAN_POINT('',(712.5,-675.075,-30.));
#6198 = VECTOR('',#6199,1.);
#6199 = DIRECTION('',(0.,0.,1.));
#6200 = PCURVE('',#6140,#6201);
#6201 = DEFINITIONAL_REPRESENTATION('',(#6202),#6206);
#6202 = LINE('',#6203,#6204);
#6203 = CARTESIAN_POINT('',(0.,-900.));
#6204 = VECTOR('',#6205,1.);
#6205 = DIRECTION('',(1.,0.));
#6206 = ( GEOMETRIC_REPRESENTATION_CONTEXT(2) 
PARAMETRIC_REPRESENTATION_CONTEXT() REPRESENTATION_CONTEXT('2D SPACE',''
  ) );
#6207 = PCURVE('',#6208,#6213);
#6208 = PLANE('',#6209);
#6209 = AXIS2_PLACEMENT_3D('',#6210,#6211,#6212);
#6210 = CARTESIAN_POINT('',(712.5,-675.075,-30.));
#6211 = DIRECTION('',(0.,1.,0.));
#6212 = DIRECTION('',(0.,0.,1.));
#6213 = DEFINITIONAL_REPRESENTATION('',(#6214),#6218);
#6214 = LINE('',#6215,#6216);
#6215 = CARTESIAN_POINT('',(0.,0.));
#6216 = VECTOR('',#6217,1.);
#6217 = DIRECTION('',(1.,0.));
#6218 = ( GEOMETRIC_REPRESENTATION_CONTEXT(2) 
PARAMETRIC_REPRESENTATION_CONTEXT() REPRESENTATION_CONTEXT('2D SPACE',''
  ) );
#6219 = ORIENTED_EDGE('',*,*,#6220,.F.);
#6220 = EDGE_CURVE('',#6132,#6193,#6221,.T.);
#6221 = SURFACE_CURVE('',#6222,(#6226,#6233),.PCURVE_S1.);
#6222 = LINE('',#6223,#6224);
#6223 = CARTESIAN_POINT('',(712.5,-1.575075E+03,30.));
#6224 = VECTOR('',#6225,1.);
#6225 = DIRECTION('',(0.,1.,0.));
#6226 = PCURVE('',#6140,#6227);
#6227 = DEFINITIONAL_REPRESENTATION('',(#6228),#6232);
#6228 = LINE('',#6229,#6230);
#6229 = CARTESIAN_POINT('',(60.,0.));
#6230 = VECTOR('',#6231,1.);
#6231 = DIRECTION('',(0.,-1.));
#6232 = ( GEOMETRIC_REPRESENTATION_CONTEXT(2) 
PARAMETRIC_REPRESENTATION_CONTEXT() REPRESENTATION_CONTEXT('2D SPACE',''
  ) );
#6233 = PCURVE('',#6234,#6239);
#6234 = PLANE('',#6235);
#6235 = AXIS2_PLACEMENT_3D('',#6236,#6237,#6238);
#6236 = CARTESIAN_POINT('',(712.5,-1.575075E+03,30.));
#6237 = DIRECTION('',(0.,0.,1.));
#6238 = DIRECTION('',(1.,0.,0.));
#6239 = DEFINITIONAL_REPRESENTATION('',(#6240),#6244);
#6240 = LINE('',#6241,#6242);
#6241 = CARTESIAN_POINT('',(0.,0.));
#6242 = VECTOR('',#6243,1.);
#6243 = DIRECTION('',(0.,1.));
#6244 = ( GEOMETRIC_REPRESENTATION_CONTEXT(2) 
PARAMETRIC_REPRESENTATION_CONTEXT() REPRESENTATION_CONTEXT('2D SPACE',''
  ) );
#6245 = ADVANCED_FACE('',(#6246),#6260,.T.);
#6246 = FACE_BOUND('',#6247,.T.);
#6247 = EDGE_LOOP('',(#6248,#6278,#6301,#6324));
#6248 = ORIENTED_EDGE('',*,*,#6249,.F.);
#6249 = EDGE_CURVE('',#6250,#6252,#6254,.T.);
#6250 = VERTEX_POINT('',#6251);
#6251 = CARTESIAN_POINT('',(1.3875E+03,-1.575075E+03,-30.));
#6252 = VERTEX_POINT('',#6253);
#6253 = CARTESIAN_POINT('',(1.3875E+03,-1.575075E+03,30.));
#6254 = SURFACE_CURVE('',#6255,(#6259,#6271),.PCURVE_S1.);
#6255 = LINE('',#6256,#6257);
#6256 = CARTESIAN_POINT('',(1.3875E+03,-1.575075E+03,-30.));
#6257 = VECTOR('',#6258,1.);
#6258 = DIRECTION('',(0.,0.,1.));
#6259 = PCURVE('',#6260,#6265);
#6260 = PLANE('',#6261);
#6261 = AXIS2_PLACEMENT_3D('',#6262,#6263,#6264);
#6262 = CARTESIAN_POINT('',(1.3875E+03,-1.575075E+03,-30.));
#6263 = DIRECTION('',(1.,0.,0.));
#6264 = DIRECTION('',(0.,0.,1.));
#6265 = DEFINITIONAL_REPRESENTATION('',(#6266),#6270);
#6266 = LINE('',#6267,#6268);
#6267 = CARTESIAN_POINT('',(0.,0.));
#6268 = VECTOR('',#6269,1.);
#6269 = DIRECTION('',(1.,0.));
#6270 = ( GEOMETRIC_REPRESENTATION_CONTEXT(2) 
PARAMETRIC_REPRESENTATION_CONTEXT() REPRESENTATION_CONTEXT('2D SPACE',''
  ) );
#6271 = PCURVE('',#6152,#6272);
#6272 = DEFINITIONAL_REPRESENTATION('',(#6273),#6277);
#6273 = LINE('',#6274,#6275);
#6274 = CARTESIAN_POINT('',(0.,675.));
#6275 = VECTOR('',#6276,1.);
#6276 = DIRECTION('',(1.,0.));
#6277 = ( GEOMETRIC_REPRESENTATION_CONTEXT(2) 
PARAMETRIC_REPRESENTATION_CONTEXT() REPRESENTATION_CONTEXT('2D SPACE',''
  ) );
#6278 = ORIENTED_EDGE('',*,*,#6279,.T.);
#6279 = EDGE_CURVE('',#6250,#6280,#6282,.T.);
#6280 = VERTEX_POINT('',#6281);
#6281 = CARTESIAN_POINT('',(1.3875E+03,-675.075,-30.));
#6282 = SURFACE_CURVE('',#6283,(#6287,#6294),.PCURVE_S1.);
#6283 = LINE('',#6284,#6285);
#6284 = CARTESIAN_POINT('',(1.3875E+03,-1.575075E+03,-30.));
#6285 = VECTOR('',#6286,1.);
#6286 = DIRECTION('',(0.,1.,0.));
#6287 = PCURVE('',#6260,#6288);
#6288 = DEFINITIONAL_REPRESENTATION('',(#6289),#6293);
#6289 = LINE('',#6290,#6291);
#6290 = CARTESIAN_POINT('',(0.,0.));
#6291 = VECTOR('',#6292,1.);
#6292 = DIRECTION('',(0.,-1.));
#6293 = ( GEOMETRIC_REPRESENTATION_CONTEXT(2) 
PARAMETRIC_REPRESENTATION_CONTEXT() REPRESENTATION_CONTEXT('2D SPACE',''
  ) );
#6294 = PCURVE('',#6180,#6295);
#6295 = DEFINITIONAL_REPRESENTATION('',(#6296),#6300);
#6296 = LINE('',#6297,#6298);
#6297 = CARTESIAN_POINT('',(675.,0.));
#6298 = VECTOR('',#6299,1.);
#6299 = DIRECTION('',(0.,1.));
#6300 = ( GEOMETRIC_REPRESENTATION_CONTEXT(2) 
PARAMETRIC_REPRESENTATION_CONTEXT() REPRESENTATION_CONTEXT('2D SPACE',''
  ) );
#6301 = ORIENTED_EDGE('',*,*,#6302,.T.);
#6302 = EDGE_CURVE('',#6280,#6303,#6305,.T.);
#6303 = VERTEX_POINT('',#6304);
#6304 = CARTESIAN_POINT('',(1.3875E+03,-675.075,30.));
#6305 = SURFACE_CURVE('',#6306,(#6310,#6317),.PCURVE_S1.);
#6306 = LINE('',#6307,#6308);
#6307 = CARTESIAN_POINT('',(1.3875E+03,-675.075,-30.));
#6308 = VECTOR('',#6309,1.);
#6309 = DIRECTION('',(0.,0.,1.));
#6310 = PCURVE('',#6260,#6311);
#6311 = DEFINITIONAL_REPRESENTATION('',(#6312),#6316);
#6312 = LINE('',#6313,#6314);
#6313 = CARTESIAN_POINT('',(0.,-900.));
#6314 = VECTOR('',#6315,1.);
#6315 = DIRECTION('',(1.,0.));
#6316 = ( GEOMETRIC_REPRESENTATION_CONTEXT(2) 
PARAMETRIC_REPRESENTATION_CONTEXT() REPRESENTATION_CONTEXT('2D SPACE',''
  ) );
#6317 = PCURVE('',#6208,#6318);
#6318 = DEFINITIONAL_REPRESENTATION('',(#6319),#6323);
#6319 = LINE('',#6320,#6321);
#6320 = CARTESIAN_POINT('',(0.,675.));
#6321 = VECTOR('',#6322,1.);
#6322 = DIRECTION('',(1.,0.));
#6323 = ( GEOMETRIC_REPRESENTATION_CONTEXT(2) 
PARAMETRIC_REPRESENTATION_CONTEXT() REPRESENTATION_CONTEXT('2D SPACE',''
  ) );
#6324 = ORIENTED_EDGE('',*,*,#6325,.F.);
#6325 = EDGE_CURVE('',#6252,#6303,#6326,.T.);
#6326 = SURFACE_CURVE('',#6327,(#6331,#6338),.PCURVE_S1.);
#6327 = LINE('',#6328,#6329);
#6328 = CARTESIAN_POINT('',(1.3875E+03,-1.575075E+03,30.));
#6329 = VECTOR('',#6330,1.);
#6330 = DIRECTION('',(0.,1.,0.));
#6331 = PCURVE('',#6260,#6332);
#6332 = DEFINITIONAL_REPRESENTATION('',(#6333),#6337);
#6333 = LINE('',#6334,#6335);
#6334 = CARTESIAN_POINT('',(60.,0.));
#6335 = VECTOR('',#6336,1.);
#6336 = DIRECTION('',(0.,-1.));
#6337 = ( GEOMETRIC_REPRESENTATION_CONTEXT(2) 
PARAMETRIC_REPRESENTATION_CONTEXT() REPRESENTATION_CONTEXT('2D SPACE',''
  ) );
#6338 = PCURVE('',#6234,#6339);
#6339 = DEFINITIONAL_REPRESENTATION('',(#6340),#6344);
#6340 = LINE('',#6341,#6342);
#6341 = CARTESIAN_POINT('',(675.,0.));
#6342 = VECTOR('',#6343,1.);
#6343 = DIRECTION('',(0.,1.));
#6344 = ( GEOMETRIC_REPRESENTATION_CONTEXT(2) 
PARAMETRIC_REPRESENTATION_CONTEXT() REPRESENTATION_CONTEXT('2D SPACE',''
  ) );
#6345 = ADVANCED_FACE('',(#6346),#6152,.F.);
#6346 = FACE_BOUND('',#6347,.F.);
#6347 = EDGE_LOOP('',(#6348,#6369,#6370,#6391));
#6348 = ORIENTED_EDGE('',*,*,#6349,.F.);
#6349 = EDGE_CURVE('',#6130,#6250,#6350,.T.);
#6350 = SURFACE_CURVE('',#6351,(#6355,#6362),.PCURVE_S1.);
#6351 = LINE('',#6352,#6353);
#6352 = CARTESIAN_POINT('',(712.5,-1.575075E+03,-30.));
#6353 = VECTOR('',#6354,1.);
#6354 = DIRECTION('',(1.,0.,0.));
#6355 = PCURVE('',#6152,#6356);
#6356 = DEFINITIONAL_REPRESENTATION('',(#6357),#6361);
#6357 = LINE('',#6358,#6359);
#6358 = CARTESIAN_POINT('',(0.,0.));
#6359 = VECTOR('',#6360,1.);
#6360 = DIRECTION('',(0.,1.));
#6361 = ( GEOMETRIC_REPRESENTATION_CONTEXT(2) 
PARAMETRIC_REPRESENTATION_CONTEXT() REPRESENTATION_CONTEXT('2D SPACE',''
  ) );
#6362 = PCURVE('',#6180,#6363);
#6363 = DEFINITIONAL_REPRESENTATION('',(#6364),#6368);
#6364 = LINE('',#6365,#6366);
#6365 = CARTESIAN_POINT('',(0.,0.));
#6366 = VECTOR('',#6367,1.);
#6367 = DIRECTION('',(1.,0.));
#6368 = ( GEOMETRIC_REPRESENTATION_CONTEXT(2) 
PARAMETRIC_REPRESENTATION_CONTEXT() REPRESENTATION_CONTEXT('2D SPACE',''
  ) );
#6369 = ORIENTED_EDGE('',*,*,#6129,.T.);
#6370 = ORIENTED_EDGE('',*,*,#6371,.T.);
#6371 = EDGE_CURVE('',#6132,#6252,#6372,.T.);
#6372 = SURFACE_CURVE('',#6373,(#6377,#6384),.PCURVE_S1.);
#6373 = LINE('',#6374,#6375);
#6374 = CARTESIAN_POINT('',(712.5,-1.575075E+03,30.));
#6375 = VECTOR('',#6376,1.);
#6376 = DIRECTION('',(1.,0.,0.));
#6377 = PCURVE('',#6152,#6378);
#6378 = DEFINITIONAL_REPRESENTATION('',(#6379),#6383);
#6379 = LINE('',#6380,#6381);
#6380 = CARTESIAN_POINT('',(60.,0.));
#6381 = VECTOR('',#6382,1.);
#6382 = DIRECTION('',(0.,1.));
#6383 = ( GEOMETRIC_REPRESENTATION_CONTEXT(2) 
PARAMETRIC_REPRESENTATION_CONTEXT() REPRESENTATION_CONTEXT('2D SPACE',''
  ) );
#6384 = PCURVE('',#6234,#6385);
#6385 = DEFINITIONAL_REPRESENTATION('',(#6386),#6390);
#6386 = LINE('',#6387,#6388);
#6387 = CARTESIAN_POINT('',(0.,0.));
#6388 = VECTOR('',#6389,1.);
#6389 = DIRECTION('',(1.,0.));
#6390 = ( GEOMETRIC_REPRESENTATION_CONTEXT(2) 
PARAMETRIC_REPRESENTATION_CONTEXT() REPRESENTATION_CONTEXT('2D SPACE',''
  ) );
#6391 = ORIENTED_EDGE('',*,*,#6249,.F.);
#6392 = ADVANCED_FACE('',(#6393),#6208,.T.);
#6393 = FACE_BOUND('',#6394,.T.);
#6394 = EDGE_LOOP('',(#6395,#6416,#6417,#6438));
#6395 = ORIENTED_EDGE('',*,*,#6396,.F.);
#6396 = EDGE_CURVE('',#6165,#6280,#6397,.T.);
#6397 = SURFACE_CURVE('',#6398,(#6402,#6409),.PCURVE_S1.);
#6398 = LINE('',#6399,#6400);
#6399 = CARTESIAN_POINT('',(712.5,-675.075,-30.));
#6400 = VECTOR('',#6401,1.);
#6401 = DIRECTION('',(1.,0.,0.));
#6402 = PCURVE('',#6208,#6403);
#6403 = DEFINITIONAL_REPRESENTATION('',(#6404),#6408);
#6404 = LINE('',#6405,#6406);
#6405 = CARTESIAN_POINT('',(0.,0.));
#6406 = VECTOR('',#6407,1.);
#6407 = DIRECTION('',(0.,1.));
#6408 = ( GEOMETRIC_REPRESENTATION_CONTEXT(2) 
PARAMETRIC_REPRESENTATION_CONTEXT() REPRESENTATION_CONTEXT('2D SPACE',''
  ) );
#6409 = PCURVE('',#6180,#6410);
#6410 = DEFINITIONAL_REPRESENTATION('',(#6411),#6415);
#6411 = LINE('',#6412,#6413);
#6412 = CARTESIAN_POINT('',(0.,900.));
#6413 = VECTOR('',#6414,1.);
#6414 = DIRECTION('',(1.,0.));
#6415 = ( GEOMETRIC_REPRESENTATION_CONTEXT(2) 
PARAMETRIC_REPRESENTATION_CONTEXT() REPRESENTATION_CONTEXT('2D SPACE',''
  ) );
#6416 = ORIENTED_EDGE('',*,*,#6192,.T.);
#6417 = ORIENTED_EDGE('',*,*,#6418,.T.);
#6418 = EDGE_CURVE('',#6193,#6303,#6419,.T.);
#6419 = SURFACE_CURVE('',#6420,(#6424,#6431),.PCURVE_S1.);
#6420 = LINE('',#6421,#6422);
#6421 = CARTESIAN_POINT('',(712.5,-675.075,30.));
#6422 = VECTOR('',#6423,1.);
#6423 = DIRECTION('',(1.,0.,0.));
#6424 = PCURVE('',#6208,#6425);
#6425 = DEFINITIONAL_REPRESENTATION('',(#6426),#6430);
#6426 = LINE('',#6427,#6428);
#6427 = CARTESIAN_POINT('',(60.,0.));
#6428 = VECTOR('',#6429,1.);
#6429 = DIRECTION('',(0.,1.));
#6430 = ( GEOMETRIC_REPRESENTATION_CONTEXT(2) 
PARAMETRIC_REPRESENTATION_CONTEXT() REPRESENTATION_CONTEXT('2D SPACE',''
  ) );
#6431 = PCURVE('',#6234,#6432);
#6432 = DEFINITIONAL_REPRESENTATION('',(#6433),#6437);
#6433 = LINE('',#6434,#6435);
#6434 = CARTESIAN_POINT('',(0.,900.));
#6435 = VECTOR('',#6436,1.);
#6436 = DIRECTION('',(1.,0.));
#6437 = ( GEOMETRIC_REPRESENTATION_CONTEXT(2) 
PARAMETRIC_REPRESENTATION_CONTEXT() REPRESENTATION_CONTEXT('2D SPACE',''
  ) );
#6438 = ORIENTED_EDGE('',*,*,#6302,.F.);
#6439 = ADVANCED_FACE('',(#6440),#6180,.F.);
#6440 = FACE_BOUND('',#6441,.F.);
#6441 = EDGE_LOOP('',(#6442,#6443,#6444,#6445));
#6442 = ORIENTED_EDGE('',*,*,#6164,.F.);
#6443 = ORIENTED_EDGE('',*,*,#6349,.T.);
#6444 = ORIENTED_EDGE('',*,*,#6279,.T.);
#6445 = ORIENTED_EDGE('',*,*,#6396,.F.);
#6446 = ADVANCED_FACE('',(#6447),#6234,.T.);
#6447 = FACE_BOUND('',#6448,.T.);
#6448 = EDGE_LOOP('',(#6449,#6450,#6451,#6452));
#6449 = ORIENTED_EDGE('',*,*,#6220,.F.);
#6450 = ORIENTED_EDGE('',*,*,#6371,.T.);
#6451 = ORIENTED_EDGE('',*,*,#6325,.T.);
#6452 = ORIENTED_EDGE('',*,*,#6418,.F.);
#6453 = MANIFOLD_SOLID_BREP('',#6454);
#6454 = CLOSED_SHELL('',(#6455,#6575,#6675,#6722,#6769,#6776));
#6455 = ADVANCED_FACE('',(#6456),#6470,.F.);
#6456 = FACE_BOUND('',#6457,.F.);
#6457 = EDGE_LOOP('',(#6458,#6493,#6521,#6549));
#6458 = ORIENTED_EDGE('',*,*,#6459,.F.);
#6459 = EDGE_CURVE('',#6460,#6462,#6464,.T.);
#6460 = VERTEX_POINT('',#6461);
#6461 = CARTESIAN_POINT('',(1.74E+03,-30.,0.));
#6462 = VERTEX_POINT('',#6463);
#6463 = CARTESIAN_POINT('',(1.74E+03,-30.,600.));
#6464 = SURFACE_CURVE('',#6465,(#6469,#6481),.PCURVE_S1.);
#6465 = LINE('',#6466,#6467);
#6466 = CARTESIAN_POINT('',(1.74E+03,-30.,0.));
#6467 = VECTOR('',#6468,1.);
#6468 = DIRECTION('',(0.,0.,1.));
#6469 = PCURVE('',#6470,#6475);
#6470 = PLANE('',#6471);
#6471 = AXIS2_PLACEMENT_3D('',#6472,#6473,#6474);
#6472 = CARTESIAN_POINT('',(1.74E+03,-30.,0.));
#6473 = DIRECTION('',(1.,0.,0.));
#6474 = DIRECTION('',(0.,0.,1.));
#6475 = DEFINITIONAL_REPRESENTATION('',(#6476),#6480);
#6476 = LINE('',#6477,#6478);
#6477 = CARTESIAN_POINT('',(0.,0.));
#6478 = VECTOR('',#6479,1.);
#6479 = DIRECTION('',(1.,0.));
#6480 = ( GEOMETRIC_REPRESENTATION_CONTEXT(2) 
PARAMETRIC_REPRESENTATION_CONTEXT() REPRESENTATION_CONTEXT('2D SPACE',''
  ) );
#6481 = PCURVE('',#6482,#6487);
#6482 = PLANE('',#6483);
#6483 = AXIS2_PLACEMENT_3D('',#6484,#6485,#6486);
#6484 = CARTESIAN_POINT('',(1.74E+03,-30.,0.));
#6485 = DIRECTION('',(0.,1.,0.));
#6486 = DIRECTION('',(0.,0.,1.));
#6487 = DEFINITIONAL_REPRESENTATION('',(#6488),#6492);
#6488 = LINE('',#6489,#6490);
#6489 = CARTESIAN_POINT('',(0.,0.));
#6490 = VECTOR('',#6491,1.);
#6491 = DIRECTION('',(1.,0.));
#6492 = ( GEOMETRIC_REPRESENTATION_CONTEXT(2) 
PARAMETRIC_REPRESENTATION_CONTEXT() REPRESENTATION_CONTEXT('2D SPACE',''
  ) );
#6493 = ORIENTED_EDGE('',*,*,#6494,.T.);
#6494 = EDGE_CURVE('',#6460,#6495,#6497,.T.);
#6495 = VERTEX_POINT('',#6496);
#6496 = CARTESIAN_POINT('',(1.74E+03,30.,0.));
#6497 = SURFACE_CURVE('',#6498,(#6502,#6509),.PCURVE_S1.);
#6498 = LINE('',#6499,#6500);
#6499 = CARTESIAN_POINT('',(1.74E+03,-30.,0.));
#6500 = VECTOR('',#6501,1.);
#6501 = DIRECTION('',(0.,1.,0.));
#6502 = PCURVE('',#6470,#6503);
#6503 = DEFINITIONAL_REPRESENTATION('',(#6504),#6508);
#6504 = LINE('',#6505,#6506);
#6505 = CARTESIAN_POINT('',(0.,0.));
#6506 = VECTOR('',#6507,1.);
#6507 = DIRECTION('',(0.,-1.));
#6508 = ( GEOMETRIC_REPRESENTATION_CONTEXT(2) 
PARAMETRIC_REPRESENTATION_CONTEXT() REPRESENTATION_CONTEXT('2D SPACE',''
  ) );
#6509 = PCURVE('',#6510,#6515);
#6510 = PLANE('',#6511);
#6511 = AXIS2_PLACEMENT_3D('',#6512,#6513,#6514);
#6512 = CARTESIAN_POINT('',(1.74E+03,-30.,0.));
#6513 = DIRECTION('',(0.,0.,1.));
#6514 = DIRECTION('',(1.,0.,0.));
#6515 = DEFINITIONAL_REPRESENTATION('',(#6516),#6520);
#6516 = LINE('',#6517,#6518);
#6517 = CARTESIAN_POINT('',(0.,0.));
#6518 = VECTOR('',#6519,1.);
#6519 = DIRECTION('',(0.,1.));
#6520 = ( GEOMETRIC_REPRESENTATION_CONTEXT(2) 
PARAMETRIC_REPRESENTATION_CONTEXT() REPRESENTATION_CONTEXT('2D SPACE',''
  ) );
#6521 = ORIENTED_EDGE('',*,*,#6522,.T.);
#6522 = EDGE_CURVE('',#6495,#6523,#6525,.T.);
#6523 = VERTEX_POINT('',#6524);
#6524 = CARTESIAN_POINT('',(1.74E+03,30.,600.));
#6525 = SURFACE_CURVE('',#6526,(#6530,#6537),.PCURVE_S1.);
#6526 = LINE('',#6527,#6528);
#6527 = CARTESIAN_POINT('',(1.74E+03,30.,0.));
#6528 = VECTOR('',#6529,1.);
#6529 = DIRECTION('',(0.,0.,1.));
#6530 = PCURVE('',#6470,#6531);
#6531 = DEFINITIONAL_REPRESENTATION('',(#6532),#6536);
#6532 = LINE('',#6533,#6534);
#6533 = CARTESIAN_POINT('',(0.,-60.));
#6534 = VECTOR('',#6535,1.);
#6535 = DIRECTION('',(1.,0.));
#6536 = ( GEOMETRIC_REPRESENTATION_CONTEXT(2) 
PARAMETRIC_REPRESENTATION_CONTEXT() REPRESENTATION_CONTEXT('2D SPACE',''
  ) );
#6537 = PCURVE('',#6538,#6543);
#6538 = PLANE('',#6539);
#6539 = AXIS2_PLACEMENT_3D('',#6540,#6541,#6542);
#6540 = CARTESIAN_POINT('',(1.74E+03,30.,0.));
#6541 = DIRECTION('',(0.,1.,0.));
#6542 = DIRECTION('',(0.,0.,1.));
#6543 = DEFINITIONAL_REPRESENTATION('',(#6544),#6548);
#6544 = LINE('',#6545,#6546);
#6545 = CARTESIAN_POINT('',(0.,0.));
#6546 = VECTOR('',#6547,1.);
#6547 = DIRECTION('',(1.,0.));
#6548 = ( GEOMETRIC_REPRESENTATION_CONTEXT(2) 
PARAMETRIC_REPRESENTATION_CONTEXT() REPRESENTATION_CONTEXT('2D SPACE',''
  ) );
#6549 = ORIENTED_EDGE('',*,*,#6550,.F.);
#6550 = EDGE_CURVE('',#6462,#6523,#6551,.T.);
#6551 = SURFACE_CURVE('',#6552,(#6556,#6563),.PCURVE_S1.);
#6552 = LINE('',#6553,#6554);
#6553 = CARTESIAN_POINT('',(1.74E+03,-30.,600.));
#6554 = VECTOR('',#6555,1.);
#6555 = DIRECTION('',(0.,1.,0.));
#6556 = PCURVE('',#6470,#6557);
#6557 = DEFINITIONAL_REPRESENTATION('',(#6558),#6562);
#6558 = LINE('',#6559,#6560);
#6559 = CARTESIAN_POINT('',(600.,0.));
#6560 = VECTOR('',#6561,1.);
#6561 = DIRECTION('',(0.,-1.));
#6562 = ( GEOMETRIC_REPRESENTATION_CONTEXT(2) 
PARAMETRIC_REPRESENTATION_CONTEXT() REPRESENTATION_CONTEXT('2D SPACE',''
  ) );
#6563 = PCURVE('',#6564,#6569);
#6564 = PLANE('',#6565);
#6565 = AXIS2_PLACEMENT_3D('',#6566,#6567,#6568);
#6566 = CARTESIAN_POINT('',(1.74E+03,-30.,600.));
#6567 = DIRECTION('',(0.,0.,1.));
#6568 = DIRECTION('',(1.,0.,0.));
#6569 = DEFINITIONAL_REPRESENTATION('',(#6570),#6574);
#6570 = LINE('',#6571,#6572);
#6571 = CARTESIAN_POINT('',(0.,0.));
#6572 = VECTOR('',#6573,1.);
#6573 = DIRECTION('',(0.,1.));
#6574 = ( GEOMETRIC_REPRESENTATION_CONTEXT(2) 
PARAMETRIC_REPRESENTATION_CONTEXT() REPRESENTATION_CONTEXT('2D SPACE',''
  ) );
#6575 = ADVANCED_FACE('',(#6576),#6590,.T.);
#6576 = FACE_BOUND('',#6577,.T.);
#6577 = EDGE_LOOP('',(#6578,#6608,#6631,#6654));
#6578 = ORIENTED_EDGE('',*,*,#6579,.F.);
#6579 = EDGE_CURVE('',#6580,#6582,#6584,.T.);
#6580 = VERTEX_POINT('',#6581);
#6581 = CARTESIAN_POINT('',(2.04E+03,-30.,0.));
#6582 = VERTEX_POINT('',#6583);
#6583 = CARTESIAN_POINT('',(2.04E+03,-30.,600.));
#6584 = SURFACE_CURVE('',#6585,(#6589,#6601),.PCURVE_S1.);
#6585 = LINE('',#6586,#6587);
#6586 = CARTESIAN_POINT('',(2.04E+03,-30.,0.));
#6587 = VECTOR('',#6588,1.);
#6588 = DIRECTION('',(0.,0.,1.));
#6589 = PCURVE('',#6590,#6595);
#6590 = PLANE('',#6591);
#6591 = AXIS2_PLACEMENT_3D('',#6592,#6593,#6594);
#6592 = CARTESIAN_POINT('',(2.04E+03,-30.,0.));
#6593 = DIRECTION('',(1.,0.,0.));
#6594 = DIRECTION('',(0.,0.,1.));
#6595 = DEFINITIONAL_REPRESENTATION('',(#6596),#6600);
#6596 = LINE('',#6597,#6598);
#6597 = CARTESIAN_POINT('',(0.,0.));
#6598 = VECTOR('',#6599,1.);
#6599 = DIRECTION('',(1.,0.));
#6600 = ( GEOMETRIC_REPRESENTATION_CONTEXT(2) 
PARAMETRIC_REPRESENTATION_CONTEXT() REPRESENTATION_CONTEXT('2D SPACE',''
  ) );
#6601 = PCURVE('',#6482,#6602);
#6602 = DEFINITIONAL_REPRESENTATION('',(#6603),#6607);
#6603 = LINE('',#6604,#6605);
#6604 = CARTESIAN_POINT('',(0.,300.));
#6605 = VECTOR('',#6606,1.);
#6606 = DIRECTION('',(1.,0.));
#6607 = ( GEOMETRIC_REPRESENTATION_CONTEXT(2) 
PARAMETRIC_REPRESENTATION_CONTEXT() REPRESENTATION_CONTEXT('2D SPACE',''
  ) );
#6608 = ORIENTED_EDGE('',*,*,#6609,.T.);
#6609 = EDGE_CURVE('',#6580,#6610,#6612,.T.);
#6610 = VERTEX_POINT('',#6611);
#6611 = CARTESIAN_POINT('',(2.04E+03,30.,0.));
#6612 = SURFACE_CURVE('',#6613,(#6617,#6624),.PCURVE_S1.);
#6613 = LINE('',#6614,#6615);
#6614 = CARTESIAN_POINT('',(2.04E+03,-30.,0.));
#6615 = VECTOR('',#6616,1.);
#6616 = DIRECTION('',(0.,1.,0.));
#6617 = PCURVE('',#6590,#6618);
#6618 = DEFINITIONAL_REPRESENTATION('',(#6619),#6623);
#6619 = LINE('',#6620,#6621);
#6620 = CARTESIAN_POINT('',(0.,0.));
#6621 = VECTOR('',#6622,1.);
#6622 = DIRECTION('',(0.,-1.));
#6623 = ( GEOMETRIC_REPRESENTATION_CONTEXT(2) 
PARAMETRIC_REPRESENTATION_CONTEXT() REPRESENTATION_CONTEXT('2D SPACE',''
  ) );
#6624 = PCURVE('',#6510,#6625);
#6625 = DEFINITIONAL_REPRESENTATION('',(#6626),#6630);
#6626 = LINE('',#6627,#6628);
#6627 = CARTESIAN_POINT('',(300.,0.));
#6628 = VECTOR('',#6629,1.);
#6629 = DIRECTION('',(0.,1.));
#6630 = ( GEOMETRIC_REPRESENTATION_CONTEXT(2) 
PARAMETRIC_REPRESENTATION_CONTEXT() REPRESENTATION_CONTEXT('2D SPACE',''
  ) );
#6631 = ORIENTED_EDGE('',*,*,#6632,.T.);
#6632 = EDGE_CURVE('',#6610,#6633,#6635,.T.);
#6633 = VERTEX_POINT('',#6634);
#6634 = CARTESIAN_POINT('',(2.04E+03,30.,600.));
#6635 = SURFACE_CURVE('',#6636,(#6640,#6647),.PCURVE_S1.);
#6636 = LINE('',#6637,#6638);
#6637 = CARTESIAN_POINT('',(2.04E+03,30.,0.));
#6638 = VECTOR('',#6639,1.);
#6639 = DIRECTION('',(0.,0.,1.));
#6640 = PCURVE('',#6590,#6641);
#6641 = DEFINITIONAL_REPRESENTATION('',(#6642),#6646);
#6642 = LINE('',#6643,#6644);
#6643 = CARTESIAN_POINT('',(0.,-60.));
#6644 = VECTOR('',#6645,1.);
#6645 = DIRECTION('',(1.,0.));
#6646 = ( GEOMETRIC_REPRESENTATION_CONTEXT(2) 
PARAMETRIC_REPRESENTATION_CONTEXT() REPRESENTATION_CONTEXT('2D SPACE',''
  ) );
#6647 = PCURVE('',#6538,#6648);
#6648 = DEFINITIONAL_REPRESENTATION('',(#6649),#6653);
#6649 = LINE('',#6650,#6651);
#6650 = CARTESIAN_POINT('',(0.,300.));
#6651 = VECTOR('',#6652,1.);
#6652 = DIRECTION('',(1.,0.));
#6653 = ( GEOMETRIC_REPRESENTATION_CONTEXT(2) 
PARAMETRIC_REPRESENTATION_CONTEXT() REPRESENTATION_CONTEXT('2D SPACE',''
  ) );
#6654 = ORIENTED_EDGE('',*,*,#6655,.F.);
#6655 = EDGE_CURVE('',#6582,#6633,#6656,.T.);
#6656 = SURFACE_CURVE('',#6657,(#6661,#6668),.PCURVE_S1.);
#6657 = LINE('',#6658,#6659);
#6658 = CARTESIAN_POINT('',(2.04E+03,-30.,600.));
#6659 = VECTOR('',#6660,1.);
#6660 = DIRECTION('',(0.,1.,0.));
#6661 = PCURVE('',#6590,#6662);
#6662 = DEFINITIONAL_REPRESENTATION('',(#6663),#6667);
#6663 = LINE('',#6664,#6665);
#6664 = CARTESIAN_POINT('',(600.,0.));
#6665 = VECTOR('',#6666,1.);
#6666 = DIRECTION('',(0.,-1.));
#6667 = ( GEOMETRIC_REPRESENTATION_CONTEXT(2) 
PARAMETRIC_REPRESENTATION_CONTEXT() REPRESENTATION_CONTEXT('2D SPACE',''
  ) );
#6668 = PCURVE('',#6564,#6669);
#6669 = DEFINITIONAL_REPRESENTATION('',(#6670),#6674);
#6670 = LINE('',#6671,#6672);
#6671 = CARTESIAN_POINT('',(300.,0.));
#6672 = VECTOR('',#6673,1.);
#6673 = DIRECTION('',(0.,1.));
#6674 = ( GEOMETRIC_REPRESENTATION_CONTEXT(2) 
PARAMETRIC_REPRESENTATION_CONTEXT() REPRESENTATION_CONTEXT('2D SPACE',''
  ) );
#6675 = ADVANCED_FACE('',(#6676),#6482,.F.);
#6676 = FACE_BOUND('',#6677,.F.);
#6677 = EDGE_LOOP('',(#6678,#6699,#6700,#6721));
#6678 = ORIENTED_EDGE('',*,*,#6679,.F.);
#6679 = EDGE_CURVE('',#6460,#6580,#6680,.T.);
#6680 = SURFACE_CURVE('',#6681,(#6685,#6692),.PCURVE_S1.);
#6681 = LINE('',#6682,#6683);
#6682 = CARTESIAN_POINT('',(1.74E+03,-30.,0.));
#6683 = VECTOR('',#6684,1.);
#6684 = DIRECTION('',(1.,0.,0.));
#6685 = PCURVE('',#6482,#6686);
#6686 = DEFINITIONAL_REPRESENTATION('',(#6687),#6691);
#6687 = LINE('',#6688,#6689);
#6688 = CARTESIAN_POINT('',(0.,0.));
#6689 = VECTOR('',#6690,1.);
#6690 = DIRECTION('',(0.,1.));
#6691 = ( GEOMETRIC_REPRESENTATION_CONTEXT(2) 
PARAMETRIC_REPRESENTATION_CONTEXT() REPRESENTATION_CONTEXT('2D SPACE',''
  ) );
#6692 = PCURVE('',#6510,#6693);
#6693 = DEFINITIONAL_REPRESENTATION('',(#6694),#6698);
#6694 = LINE('',#6695,#6696);
#6695 = CARTESIAN_POINT('',(0.,0.));
#6696 = VECTOR('',#6697,1.);
#6697 = DIRECTION('',(1.,0.));
#6698 = ( GEOMETRIC_REPRESENTATION_CONTEXT(2) 
PARAMETRIC_REPRESENTATION_CONTEXT() REPRESENTATION_CONTEXT('2D SPACE',''
  ) );
#6699 = ORIENTED_EDGE('',*,*,#6459,.T.);
#6700 = ORIENTED_EDGE('',*,*,#6701,.T.);
#6701 = EDGE_CURVE('',#6462,#6582,#6702,.T.);
#6702 = SURFACE_CURVE('',#6703,(#6707,#6714),.PCURVE_S1.);
#6703 = LINE('',#6704,#6705);
#6704 = CARTESIAN_POINT('',(1.74E+03,-30.,600.));
#6705 = VECTOR('',#6706,1.);
#6706 = DIRECTION('',(1.,0.,0.));
#6707 = PCURVE('',#6482,#6708);
#6708 = DEFINITIONAL_REPRESENTATION('',(#6709),#6713);
#6709 = LINE('',#6710,#6711);
#6710 = CARTESIAN_POINT('',(600.,0.));
#6711 = VECTOR('',#6712,1.);
#6712 = DIRECTION('',(0.,1.));
#6713 = ( GEOMETRIC_REPRESENTATION_CONTEXT(2) 
PARAMETRIC_REPRESENTATION_CONTEXT() REPRESENTATION_CONTEXT('2D SPACE',''
  ) );
#6714 = PCURVE('',#6564,#6715);
#6715 = DEFINITIONAL_REPRESENTATION('',(#6716),#6720);
#6716 = LINE('',#6717,#6718);
#6717 = CARTESIAN_POINT('',(0.,0.));
#6718 = VECTOR('',#6719,1.);
#6719 = DIRECTION('',(1.,0.));
#6720 = ( GEOMETRIC_REPRESENTATION_CONTEXT(2) 
PARAMETRIC_REPRESENTATION_CONTEXT() REPRESENTATION_CONTEXT('2D SPACE',''
  ) );
#6721 = ORIENTED_EDGE('',*,*,#6579,.F.);
#6722 = ADVANCED_FACE('',(#6723),#6538,.T.);
#6723 = FACE_BOUND('',#6724,.T.);
#6724 = EDGE_LOOP('',(#6725,#6746,#6747,#6768));
#6725 = ORIENTED_EDGE('',*,*,#6726,.F.);
#6726 = EDGE_CURVE('',#6495,#6610,#6727,.T.);
#6727 = SURFACE_CURVE('',#6728,(#6732,#6739),.PCURVE_S1.);
#6728 = LINE('',#6729,#6730);
#6729 = CARTESIAN_POINT('',(1.74E+03,30.,0.));
#6730 = VECTOR('',#6731,1.);
#6731 = DIRECTION('',(1.,0.,0.));
#6732 = PCURVE('',#6538,#6733);
#6733 = DEFINITIONAL_REPRESENTATION('',(#6734),#6738);
#6734 = LINE('',#6735,#6736);
#6735 = CARTESIAN_POINT('',(0.,0.));
#6736 = VECTOR('',#6737,1.);
#6737 = DIRECTION('',(0.,1.));
#6738 = ( GEOMETRIC_REPRESENTATION_CONTEXT(2) 
PARAMETRIC_REPRESENTATION_CONTEXT() REPRESENTATION_CONTEXT('2D SPACE',''
  ) );
#6739 = PCURVE('',#6510,#6740);
#6740 = DEFINITIONAL_REPRESENTATION('',(#6741),#6745);
#6741 = LINE('',#6742,#6743);
#6742 = CARTESIAN_POINT('',(0.,60.));
#6743 = VECTOR('',#6744,1.);
#6744 = DIRECTION('',(1.,0.));
#6745 = ( GEOMETRIC_REPRESENTATION_CONTEXT(2) 
PARAMETRIC_REPRESENTATION_CONTEXT() REPRESENTATION_CONTEXT('2D SPACE',''
  ) );
#6746 = ORIENTED_EDGE('',*,*,#6522,.T.);
#6747 = ORIENTED_EDGE('',*,*,#6748,.T.);
#6748 = EDGE_CURVE('',#6523,#6633,#6749,.T.);
#6749 = SURFACE_CURVE('',#6750,(#6754,#6761),.PCURVE_S1.);
#6750 = LINE('',#6751,#6752);
#6751 = CARTESIAN_POINT('',(1.74E+03,30.,600.));
#6752 = VECTOR('',#6753,1.);
#6753 = DIRECTION('',(1.,0.,0.));
#6754 = PCURVE('',#6538,#6755);
#6755 = DEFINITIONAL_REPRESENTATION('',(#6756),#6760);
#6756 = LINE('',#6757,#6758);
#6757 = CARTESIAN_POINT('',(600.,0.));
#6758 = VECTOR('',#6759,1.);
#6759 = DIRECTION('',(0.,1.));
#6760 = ( GEOMETRIC_REPRESENTATION_CONTEXT(2) 
PARAMETRIC_REPRESENTATION_CONTEXT() REPRESENTATION_CONTEXT('2D SPACE',''
  ) );
#6761 = PCURVE('',#6564,#6762);
#6762 = DEFINITIONAL_REPRESENTATION('',(#6763),#6767);
#6763 = LINE('',#6764,#6765);
#6764 = CARTESIAN_POINT('',(0.,60.));
#6765 = VECTOR('',#6766,1.);
#6766 = DIRECTION('',(1.,0.));
#6767 = ( GEOMETRIC_REPRESENTATION_CONTEXT(2) 
PARAMETRIC_REPRESENTATION_CONTEXT() REPRESENTATION_CONTEXT('2D SPACE',''
  ) );
#6768 = ORIENTED_EDGE('',*,*,#6632,.F.);
#6769 = ADVANCED_FACE('',(#6770),#6510,.F.);
#6770 = FACE_BOUND('',#6771,.F.);
#6771 = EDGE_LOOP('',(#6772,#6773,#6774,#6775));
#6772 = ORIENTED_EDGE('',*,*,#6494,.F.);
#6773 = ORIENTED_EDGE('',*,*,#6679,.T.);
#6774 = ORIENTED_EDGE('',*,*,#6609,.T.);
#6775 = ORIENTED_EDGE('',*,*,#6726,.F.);
#6776 = ADVANCED_FACE('',(#6777),#6564,.T.);
#6777 = FACE_BOUND('',#6778,.T.);
#6778 = EDGE_LOOP('',(#6779,#6780,#6781,#6782));
#6779 = ORIENTED_EDGE('',*,*,#6550,.F.);
#6780 = ORIENTED_EDGE('',*,*,#6701,.T.);
#6781 = ORIENTED_EDGE('',*,*,#6655,.T.);
#6782 = ORIENTED_EDGE('',*,*,#6748,.F.);
#6783 = ( GEOMETRIC_REPRESENTATION_CONTEXT(3) 
GLOBAL_UNCERTAINTY_ASSIGNED_CONTEXT((#6787)) 
GLOBAL_UNIT_ASSIGNED_CONTEXT((#6784,#6785,#6786)) REPRESENTATION_CONTEXT
('Context #1','3D Context with UNIT and UNCERTAINTY') );
#6784 = ( LENGTH_UNIT() NAMED_UNIT(*) SI_UNIT(.MILLI.,.METRE.) );
#6785 = ( NAMED_UNIT(*) PLANE_ANGLE_UNIT() SI_UNIT($,.RADIAN.) );
#6786 = ( NAMED_UNIT(*) SI_UNIT($,.STERADIAN.) SOLID_ANGLE_UNIT() );
#6787 = UNCERTAINTY_MEASURE_WITH_UNIT(LENGTH_MEASURE(1.E-07),#6784,
  'distance_accuracy_value','confusion accuracy');
#6788 = PRODUCT_RELATED_PRODUCT_CATEGORY('part',$,(#5789));
#6789 = SHAPE_DEFINITION_REPRESENTATION(#6790,#6796);
#6790 = PRODUCT_DEFINITION_SHAPE('','',#6791);
#6791 = PRODUCT_DEFINITION('design','',#6792,#6795);
#6792 = PRODUCT_DEFINITION_FORMATION('','',#6793);
#6793 = PRODUCT('Side_Tank','Side_Tank','',(#6794));
#6794 = PRODUCT_CONTEXT('',#2,'mechanical');
#6795 = PRODUCT_DEFINITION_CONTEXT('part definition',#2,'design');
#6796 = ADVANCED_BREP_SHAPE_REPRESENTATION('',(#11,#6797),#6895);
#6797 = MANIFOLD_SOLID_BREP('',#6798);
#6798 = CLOSED_SHELL('',(#6799,#6887,#6891));
#6799 = ADVANCED_FACE('',(#6800),#6813,.T.);
#6800 = FACE_BOUND('',#6801,.T.);
#6801 = EDGE_LOOP('',(#6802,#6836,#6859,#6886));
#6802 = ORIENTED_EDGE('',*,*,#6803,.F.);
#6803 = EDGE_CURVE('',#6804,#6804,#6806,.T.);
#6804 = VERTEX_POINT('',#6805);
#6805 = CARTESIAN_POINT('',(2.925E+03,450.,-450.));
#6806 = SURFACE_CURVE('',#6807,(#6812,#6824),.PCURVE_S1.);
#6807 = CIRCLE('',#6808,225.);
#6808 = AXIS2_PLACEMENT_3D('',#6809,#6810,#6811);
#6809 = CARTESIAN_POINT('',(2.925E+03,450.,-225.));
#6810 = DIRECTION('',(1.,-0.,2.22044604925E-16));
#6811 = DIRECTION('',(2.22044604925E-16,0.,-1.));
#6812 = PCURVE('',#6813,#6818);
#6813 = CYLINDRICAL_SURFACE('',#6814,225.);
#6814 = AXIS2_PLACEMENT_3D('',#6815,#6816,#6817);
#6815 = CARTESIAN_POINT('',(1.875E+03,450.,-225.));
#6816 = DIRECTION('',(1.,0.,2.22044604925E-16));
#6817 = DIRECTION('',(2.22044604925E-16,0.,-1.));
#6818 = DEFINITIONAL_REPRESENTATION('',(#6819),#6823);
#6819 = LINE('',#6820,#6821);
#6820 = CARTESIAN_POINT('',(0.,1.05E+03));
#6821 = VECTOR('',#6822,1.);
#6822 = DIRECTION('',(1.,0.));
#6823 = ( GEOMETRIC_REPRESENTATION_CONTEXT(2) 
PARAMETRIC_REPRESENTATION_CONTEXT() REPRESENTATION_CONTEXT('2D SPACE',''
  ) );
#6824 = PCURVE('',#6825,#6830);
#6825 = PLANE('',#6826);
#6826 = AXIS2_PLACEMENT_3D('',#6827,#6828,#6829);
#6827 = CARTESIAN_POINT('',(2.925E+03,450.,-225.));
#6828 = DIRECTION('',(1.,0.,2.22044604925E-16));
#6829 = DIRECTION('',(2.22044604925E-16,0.,-1.));
#6830 = DEFINITIONAL_REPRESENTATION('',(#6831),#6835);
#6831 = CIRCLE('',#6832,225.);
#6832 = AXIS2_PLACEMENT_2D('',#6833,#6834);
#6833 = CARTESIAN_POINT('',(0.,0.));
#6834 = DIRECTION('',(1.,0.));
#6835 = ( GEOMETRIC_REPRESENTATION_CONTEXT(2) 
PARAMETRIC_REPRESENTATION_CONTEXT() REPRESENTATION_CONTEXT('2D SPACE',''
  ) );
#6836 = ORIENTED_EDGE('',*,*,#6837,.F.);
#6837 = EDGE_CURVE('',#6838,#6804,#6840,.T.);
#6838 = VERTEX_POINT('',#6839);
#6839 = CARTESIAN_POINT('',(1.875E+03,450.,-450.));
#6840 = SEAM_CURVE('',#6841,(#6845,#6852),.PCURVE_S1.);
#6841 = LINE('',#6842,#6843);
#6842 = CARTESIAN_POINT('',(1.875E+03,450.,-450.));
#6843 = VECTOR('',#6844,1.);
#6844 = DIRECTION('',(1.,0.,2.22044604925E-16));
#6845 = PCURVE('',#6813,#6846);
#6846 = DEFINITIONAL_REPRESENTATION('',(#6847),#6851);
#6847 = LINE('',#6848,#6849);
#6848 = CARTESIAN_POINT('',(6.28318530718,-0.));
#6849 = VECTOR('',#6850,1.);
#6850 = DIRECTION('',(0.,1.));
#6851 = ( GEOMETRIC_REPRESENTATION_CONTEXT(2) 
PARAMETRIC_REPRESENTATION_CONTEXT() REPRESENTATION_CONTEXT('2D SPACE',''
  ) );
#6852 = PCURVE('',#6813,#6853);
#6853 = DEFINITIONAL_REPRESENTATION('',(#6854),#6858);
#6854 = LINE('',#6855,#6856);
#6855 = CARTESIAN_POINT('',(0.,-0.));
#6856 = VECTOR('',#6857,1.);
#6857 = DIRECTION('',(0.,1.));
#6858 = ( GEOMETRIC_REPRESENTATION_CONTEXT(2) 
PARAMETRIC_REPRESENTATION_CONTEXT() REPRESENTATION_CONTEXT('2D SPACE',''
  ) );
#6859 = ORIENTED_EDGE('',*,*,#6860,.T.);
#6860 = EDGE_CURVE('',#6838,#6838,#6861,.T.);
#6861 = SURFACE_CURVE('',#6862,(#6867,#6874),.PCURVE_S1.);
#6862 = CIRCLE('',#6863,225.);
#6863 = AXIS2_PLACEMENT_3D('',#6864,#6865,#6866);
#6864 = CARTESIAN_POINT('',(1.875E+03,450.,-225.));
#6865 = DIRECTION('',(1.,-0.,2.22044604925E-16));
#6866 = DIRECTION('',(2.22044604925E-16,0.,-1.));
#6867 = PCURVE('',#6813,#6868);
#6868 = DEFINITIONAL_REPRESENTATION('',(#6869),#6873);
#6869 = LINE('',#6870,#6871);
#6870 = CARTESIAN_POINT('',(0.,0.));
#6871 = VECTOR('',#6872,1.);
#6872 = DIRECTION('',(1.,0.));
#6873 = ( GEOMETRIC_REPRESENTATION_CONTEXT(2) 
PARAMETRIC_REPRESENTATION_CONTEXT() REPRESENTATION_CONTEXT('2D SPACE',''
  ) );
#6874 = PCURVE('',#6875,#6880);
#6875 = PLANE('',#6876);
#6876 = AXIS2_PLACEMENT_3D('',#6877,#6878,#6879);
#6877 = CARTESIAN_POINT('',(1.875E+03,450.,-225.));
#6878 = DIRECTION('',(1.,0.,2.22044604925E-16));
#6879 = DIRECTION('',(2.22044604925E-16,0.,-1.));
#6880 = DEFINITIONAL_REPRESENTATION('',(#6881),#6885);
#6881 = CIRCLE('',#6882,225.);
#6882 = AXIS2_PLACEMENT_2D('',#6883,#6884);
#6883 = CARTESIAN_POINT('',(0.,0.));
#6884 = DIRECTION('',(1.,0.));
#6885 = ( GEOMETRIC_REPRESENTATION_CONTEXT(2) 
PARAMETRIC_REPRESENTATION_CONTEXT() REPRESENTATION_CONTEXT('2D SPACE',''
  ) );
#6886 = ORIENTED_EDGE('',*,*,#6837,.T.);
#6887 = ADVANCED_FACE('',(#6888),#6825,.T.);
#6888 = FACE_BOUND('',#6889,.T.);
#6889 = EDGE_LOOP('',(#6890));
#6890 = ORIENTED_EDGE('',*,*,#6803,.T.);
#6891 = ADVANCED_FACE('',(#6892),#6875,.F.);
#6892 = FACE_BOUND('',#6893,.T.);
#6893 = EDGE_LOOP('',(#6894));
#6894 = ORIENTED_EDGE('',*,*,#6860,.F.);
#6895 = ( GEOMETRIC_REPRESENTATION_CONTEXT(3) 
GLOBAL_UNCERTAINTY_ASSIGNED_CONTEXT((#6899)) 
GLOBAL_UNIT_ASSIGNED_CONTEXT((#6896,#6897,#6898)) REPRESENTATION_CONTEXT
('Context #1','3D Context with UNIT and UNCERTAINTY') );
#6896 = ( LENGTH_UNIT() NAMED_UNIT(*) SI_UNIT(.MILLI.,.METRE.) );
#6897 = ( NAMED_UNIT(*) PLANE_ANGLE_UNIT() SI_UNIT($,.RADIAN.) );
#6898 = ( NAMED_UNIT(*) SI_UNIT($,.STERADIAN.) SOLID_ANGLE_UNIT() );
#6899 = UNCERTAINTY_MEASURE_WITH_UNIT(LENGTH_MEASURE(1.E-07),#6896,
  'distance_accuracy_value','confusion accuracy');
#6900 = PRODUCT_RELATED_PRODUCT_CATEGORY('part',$,(#6793));
#6901 = SHAPE_DEFINITION_REPRESENTATION(#6902,#6908);
#6902 = PRODUCT_DEFINITION_SHAPE('','',#6903);
#6903 = PRODUCT_DEFINITION('design','',#6904,#6907);
#6904 = PRODUCT_DEFINITION_FORMATION('','',#6905);
#6905 = PRODUCT('Radiator_Panels','Radiator_Panels','',(#6906));
#6906 = PRODUCT_CONTEXT('',#2,'mechanical');
#6907 = PRODUCT_DEFINITION_CONTEXT('part definition',#2,'design');
#6908 = ADVANCED_BREP_SHAPE_REPRESENTATION('',(#11,#6909),#7239);
#6909 = MANIFOLD_SOLID_BREP('',#6910);
#6910 = CLOSED_SHELL('',(#6911,#7031,#7107,#7178,#7205,#7232));
#6911 = ADVANCED_FACE('',(#6912),#6926,.T.);
#6912 = FACE_BOUND('',#6913,.T.);
#6913 = EDGE_LOOP('',(#6914,#6949,#6977,#7005));
#6914 = ORIENTED_EDGE('',*,*,#6915,.F.);
#6915 = EDGE_CURVE('',#6916,#6918,#6920,.T.);
#6916 = VERTEX_POINT('',#6917);
#6917 = CARTESIAN_POINT('',(3.3E+03,1.05E+03,3.6E+03));
#6918 = VERTEX_POINT('',#6919);
#6919 = CARTESIAN_POINT('',(3.2794787914E+03,1.106381557247E+03,3.6E+03)
  );
#6920 = SURFACE_CURVE('',#6921,(#6925,#6937),.PCURVE_S1.);
#6921 = LINE('',#6922,#6923);
#6922 = CARTESIAN_POINT('',(3.3E+03,1.05E+03,3.6E+03));
#6923 = VECTOR('',#6924,1.);
#6924 = DIRECTION('',(-0.342020143326,0.939692620786,0.));
#6925 = PCURVE('',#6926,#6931);
#6926 = PLANE('',#6927);
#6927 = AXIS2_PLACEMENT_3D('',#6928,#6929,#6930);
#6928 = CARTESIAN_POINT('',(3.3E+03,1.05E+03,3.6E+03));
#6929 = DIRECTION('',(0.,0.,1.));
#6930 = DIRECTION('',(0.939692620786,0.342020143326,0.));
#6931 = DEFINITIONAL_REPRESENTATION('',(#6932),#6936);
#6932 = LINE('',#6933,#6934);
#6933 = CARTESIAN_POINT('',(0.,0.));
#6934 = VECTOR('',#6935,1.);
#6935 = DIRECTION('',(0.,1.));
#6936 = ( GEOMETRIC_REPRESENTATION_CONTEXT(2) 
PARAMETRIC_REPRESENTATION_CONTEXT() REPRESENTATION_CONTEXT('2D SPACE',''
  ) );
#6937 = PCURVE('',#6938,#6943);
#6938 = PLANE('',#6939);
#6939 = AXIS2_PLACEMENT_3D('',#6940,#6941,#6942);
#6940 = CARTESIAN_POINT('',(3.2897393957E+03,1.078190778624E+03,1.35E+03
    ));
#6941 = DIRECTION('',(-0.939692620786,-0.342020143326,-0.));
#6942 = DIRECTION('',(0.342020143326,-0.939692620786,0.));
#6943 = DEFINITIONAL_REPRESENTATION('',(#6944),#6948);
#6944 = LINE('',#6945,#6946);
#6945 = CARTESIAN_POINT('',(30.,2.25E+03));
#6946 = VECTOR('',#6947,1.);
#6947 = DIRECTION('',(-1.,0.));
#6948 = ( GEOMETRIC_REPRESENTATION_CONTEXT(2) 
PARAMETRIC_REPRESENTATION_CONTEXT() REPRESENTATION_CONTEXT('2D SPACE',''
  ) );
#6949 = ORIENTED_EDGE('',*,*,#6950,.T.);
#6950 = EDGE_CURVE('',#6916,#6951,#6953,.T.);
#6951 = VERTEX_POINT('',#6952);
#6952 = CARTESIAN_POINT('',(4.427631144943E+03,1.460424171991E+03,
    3.6E+03));
#6953 = SURFACE_CURVE('',#6954,(#6958,#6965),.PCURVE_S1.);
#6954 = LINE('',#6955,#6956);
#6955 = CARTESIAN_POINT('',(3.3E+03,1.05E+03,3.6E+03));
#6956 = VECTOR('',#6957,1.);
#6957 = DIRECTION('',(0.939692620786,0.342020143326,0.));
#6958 = PCURVE('',#6926,#6959);
#6959 = DEFINITIONAL_REPRESENTATION('',(#6960),#6964);
#6960 = LINE('',#6961,#6962);
#6961 = CARTESIAN_POINT('',(0.,0.));
#6962 = VECTOR('',#6963,1.);
#6963 = DIRECTION('',(1.,0.));
#6964 = ( GEOMETRIC_REPRESENTATION_CONTEXT(2) 
PARAMETRIC_REPRESENTATION_CONTEXT() REPRESENTATION_CONTEXT('2D SPACE',''
  ) );
#6965 = PCURVE('',#6966,#6971);
#6966 = PLANE('',#6967);
#6967 = AXIS2_PLACEMENT_3D('',#6968,#6969,#6970);
#6968 = CARTESIAN_POINT('',(3.863815572472E+03,1.255212085995E+03,
    1.35E+03));
#6969 = DIRECTION('',(0.342020143326,-0.939692620786,0.));
#6970 = DIRECTION('',(-0.939692620786,-0.342020143326,0.));
#6971 = DEFINITIONAL_REPRESENTATION('',(#6972),#6976);
#6972 = LINE('',#6973,#6974);
#6973 = CARTESIAN_POINT('',(600.,-2.25E+03));
#6974 = VECTOR('',#6975,1.);
#6975 = DIRECTION('',(-1.,0.));
#6976 = ( GEOMETRIC_REPRESENTATION_CONTEXT(2) 
PARAMETRIC_REPRESENTATION_CONTEXT() REPRESENTATION_CONTEXT('2D SPACE',''
  ) );
#6977 = ORIENTED_EDGE('',*,*,#6978,.T.);
#6978 = EDGE_CURVE('',#6951,#6979,#6981,.T.);
#6979 = VERTEX_POINT('',#6980);
#6980 = CARTESIAN_POINT('',(4.407109936344E+03,1.516805729238E+03,
    3.6E+03));
#6981 = SURFACE_CURVE('',#6982,(#6986,#6993),.PCURVE_S1.);
#6982 = LINE('',#6983,#6984);
#6983 = CARTESIAN_POINT('',(4.427631144943E+03,1.460424171991E+03,
    3.6E+03));
#6984 = VECTOR('',#6985,1.);
#6985 = DIRECTION('',(-0.342020143326,0.939692620786,0.));
#6986 = PCURVE('',#6926,#6987);
#6987 = DEFINITIONAL_REPRESENTATION('',(#6988),#6992);
#6988 = LINE('',#6989,#6990);
#6989 = CARTESIAN_POINT('',(1.2E+03,0.));
#6990 = VECTOR('',#6991,1.);
#6991 = DIRECTION('',(0.,1.));
#6992 = ( GEOMETRIC_REPRESENTATION_CONTEXT(2) 
PARAMETRIC_REPRESENTATION_CONTEXT() REPRESENTATION_CONTEXT('2D SPACE',''
  ) );
#6993 = PCURVE('',#6994,#6999);
#6994 = PLANE('',#6995);
#6995 = AXIS2_PLACEMENT_3D('',#6996,#6997,#6998);
#6996 = CARTESIAN_POINT('',(4.417370540643E+03,1.488614950614E+03,
    1.35E+03));
#6997 = DIRECTION('',(0.939692620786,0.342020143326,0.));
#6998 = DIRECTION('',(-0.342020143326,0.939692620786,0.));
#6999 = DEFINITIONAL_REPRESENTATION('',(#7000),#7004);
#7000 = LINE('',#7001,#7002);
#7001 = CARTESIAN_POINT('',(-30.,2.25E+03));
#7002 = VECTOR('',#7003,1.);
#7003 = DIRECTION('',(1.,0.));
#7004 = ( GEOMETRIC_REPRESENTATION_CONTEXT(2) 
PARAMETRIC_REPRESENTATION_CONTEXT() REPRESENTATION_CONTEXT('2D SPACE',''
  ) );
#7005 = ORIENTED_EDGE('',*,*,#7006,.F.);
#7006 = EDGE_CURVE('',#6918,#6979,#7007,.T.);
#7007 = SURFACE_CURVE('',#7008,(#7012,#7019),.PCURVE_S1.);
#7008 = LINE('',#7009,#7010);
#7009 = CARTESIAN_POINT('',(3.2794787914E+03,1.106381557247E+03,3.6E+03)
  );
#7010 = VECTOR('',#7011,1.);
#7011 = DIRECTION('',(0.939692620786,0.342020143326,0.));
#7012 = PCURVE('',#6926,#7013);
#7013 = DEFINITIONAL_REPRESENTATION('',(#7014),#7018);
#7014 = LINE('',#7015,#7016);
#7015 = CARTESIAN_POINT('',(0.,60.));
#7016 = VECTOR('',#7017,1.);
#7017 = DIRECTION('',(1.,0.));
#7018 = ( GEOMETRIC_REPRESENTATION_CONTEXT(2) 
PARAMETRIC_REPRESENTATION_CONTEXT() REPRESENTATION_CONTEXT('2D SPACE',''
  ) );
#7019 = PCURVE('',#7020,#7025);
#7020 = PLANE('',#7021);
#7021 = AXIS2_PLACEMENT_3D('',#7022,#7023,#7024);
#7022 = CARTESIAN_POINT('',(3.843294363872E+03,1.311593643243E+03,
    1.35E+03));
#7023 = DIRECTION('',(-0.342020143326,0.939692620786,0.));
#7024 = DIRECTION('',(0.939692620786,0.342020143326,0.));
#7025 = DEFINITIONAL_REPRESENTATION('',(#7026),#7030);
#7026 = LINE('',#7027,#7028);
#7027 = CARTESIAN_POINT('',(-600.,-2.25E+03));
#7028 = VECTOR('',#7029,1.);
#7029 = DIRECTION('',(1.,0.));
#7030 = ( GEOMETRIC_REPRESENTATION_CONTEXT(2) 
PARAMETRIC_REPRESENTATION_CONTEXT() REPRESENTATION_CONTEXT('2D SPACE',''
  ) );
#7031 = ADVANCED_FACE('',(#7032),#6938,.T.);
#7032 = FACE_BOUND('',#7033,.T.);
#7033 = EDGE_LOOP('',(#7034,#7057,#7058,#7081));
#7034 = ORIENTED_EDGE('',*,*,#7035,.T.);
#7035 = EDGE_CURVE('',#7036,#6916,#7038,.T.);
#7036 = VERTEX_POINT('',#7037);
#7037 = CARTESIAN_POINT('',(3.3E+03,1.05E+03,-900.));
#7038 = SURFACE_CURVE('',#7039,(#7043,#7050),.PCURVE_S1.);
#7039 = LINE('',#7040,#7041);
#7040 = CARTESIAN_POINT('',(3.3E+03,1.05E+03,-900.));
#7041 = VECTOR('',#7042,1.);
#7042 = DIRECTION('',(0.,0.,1.));
#7043 = PCURVE('',#6938,#7044);
#7044 = DEFINITIONAL_REPRESENTATION('',(#7045),#7049);
#7045 = LINE('',#7046,#7047);
#7046 = CARTESIAN_POINT('',(30.,-2.25E+03));
#7047 = VECTOR('',#7048,1.);
#7048 = DIRECTION('',(0.,1.));
#7049 = ( GEOMETRIC_REPRESENTATION_CONTEXT(2) 
PARAMETRIC_REPRESENTATION_CONTEXT() REPRESENTATION_CONTEXT('2D SPACE',''
  ) );
#7050 = PCURVE('',#6966,#7051);
#7051 = DEFINITIONAL_REPRESENTATION('',(#7052),#7056);
#7052 = LINE('',#7053,#7054);
#7053 = CARTESIAN_POINT('',(600.,2.25E+03));
#7054 = VECTOR('',#7055,1.);
#7055 = DIRECTION('',(0.,-1.));
#7056 = ( GEOMETRIC_REPRESENTATION_CONTEXT(2) 
PARAMETRIC_REPRESENTATION_CONTEXT() REPRESENTATION_CONTEXT('2D SPACE',''
  ) );
#7057 = ORIENTED_EDGE('',*,*,#6915,.T.);
#7058 = ORIENTED_EDGE('',*,*,#7059,.F.);
#7059 = EDGE_CURVE('',#7060,#6918,#7062,.T.);
#7060 = VERTEX_POINT('',#7061);
#7061 = CARTESIAN_POINT('',(3.2794787914E+03,1.106381557247E+03,-900.));
#7062 = SURFACE_CURVE('',#7063,(#7067,#7074),.PCURVE_S1.);
#7063 = LINE('',#7064,#7065);
#7064 = CARTESIAN_POINT('',(3.2794787914E+03,1.106381557247E+03,2.7E+03)
  );
#7065 = VECTOR('',#7066,1.);
#7066 = DIRECTION('',(0.,0.,1.));
#7067 = PCURVE('',#6938,#7068);
#7068 = DEFINITIONAL_REPRESENTATION('',(#7069),#7073);
#7069 = LINE('',#7070,#7071);
#7070 = CARTESIAN_POINT('',(-30.,1.35E+03));
#7071 = VECTOR('',#7072,1.);
#7072 = DIRECTION('',(0.,1.));
#7073 = ( GEOMETRIC_REPRESENTATION_CONTEXT(2) 
PARAMETRIC_REPRESENTATION_CONTEXT() REPRESENTATION_CONTEXT('2D SPACE',''
  ) );
#7074 = PCURVE('',#7020,#7075);
#7075 = DEFINITIONAL_REPRESENTATION('',(#7076),#7080);
#7076 = LINE('',#7077,#7078);
#7077 = CARTESIAN_POINT('',(-600.,-1.35E+03));
#7078 = VECTOR('',#7079,1.);
#7079 = DIRECTION('',(0.,-1.));
#7080 = ( GEOMETRIC_REPRESENTATION_CONTEXT(2) 
PARAMETRIC_REPRESENTATION_CONTEXT() REPRESENTATION_CONTEXT('2D SPACE',''
  ) );
#7081 = ORIENTED_EDGE('',*,*,#7082,.F.);
#7082 = EDGE_CURVE('',#7036,#7060,#7083,.T.);
#7083 = SURFACE_CURVE('',#7084,(#7088,#7095),.PCURVE_S1.);
#7084 = LINE('',#7085,#7086);
#7085 = CARTESIAN_POINT('',(3.3E+03,1.05E+03,-900.));
#7086 = VECTOR('',#7087,1.);
#7087 = DIRECTION('',(-0.342020143326,0.939692620786,0.));
#7088 = PCURVE('',#6938,#7089);
#7089 = DEFINITIONAL_REPRESENTATION('',(#7090),#7094);
#7090 = LINE('',#7091,#7092);
#7091 = CARTESIAN_POINT('',(30.,-2.25E+03));
#7092 = VECTOR('',#7093,1.);
#7093 = DIRECTION('',(-1.,0.));
#7094 = ( GEOMETRIC_REPRESENTATION_CONTEXT(2) 
PARAMETRIC_REPRESENTATION_CONTEXT() REPRESENTATION_CONTEXT('2D SPACE',''
  ) );
#7095 = PCURVE('',#7096,#7101);
#7096 = PLANE('',#7097);
#7097 = AXIS2_PLACEMENT_3D('',#7098,#7099,#7100);
#7098 = CARTESIAN_POINT('',(3.3E+03,1.05E+03,-900.));
#7099 = DIRECTION('',(0.,0.,1.));
#7100 = DIRECTION('',(0.939692620786,0.342020143326,0.));
#7101 = DEFINITIONAL_REPRESENTATION('',(#7102),#7106);
#7102 = LINE('',#7103,#7104);
#7103 = CARTESIAN_POINT('',(0.,0.));
#7104 = VECTOR('',#7105,1.);
#7105 = DIRECTION('',(0.,1.));
#7106 = ( GEOMETRIC_REPRESENTATION_CONTEXT(2) 
PARAMETRIC_REPRESENTATION_CONTEXT() REPRESENTATION_CONTEXT('2D SPACE',''
  ) );
#7107 = ADVANCED_FACE('',(#7108),#7096,.F.);
#7108 = FACE_BOUND('',#7109,.F.);
#7109 = EDGE_LOOP('',(#7110,#7111,#7134,#7157));
#7110 = ORIENTED_EDGE('',*,*,#7082,.F.);
#7111 = ORIENTED_EDGE('',*,*,#7112,.T.);
#7112 = EDGE_CURVE('',#7036,#7113,#7115,.T.);
#7113 = VERTEX_POINT('',#7114);
#7114 = CARTESIAN_POINT('',(4.427631144943E+03,1.460424171991E+03,-900.)
  );
#7115 = SURFACE_CURVE('',#7116,(#7120,#7127),.PCURVE_S1.);
#7116 = LINE('',#7117,#7118);
#7117 = CARTESIAN_POINT('',(3.3E+03,1.05E+03,-900.));
#7118 = VECTOR('',#7119,1.);
#7119 = DIRECTION('',(0.939692620786,0.342020143326,0.));
#7120 = PCURVE('',#7096,#7121);
#7121 = DEFINITIONAL_REPRESENTATION('',(#7122),#7126);
#7122 = LINE('',#7123,#7124);
#7123 = CARTESIAN_POINT('',(0.,0.));
#7124 = VECTOR('',#7125,1.);
#7125 = DIRECTION('',(1.,0.));
#7126 = ( GEOMETRIC_REPRESENTATION_CONTEXT(2) 
PARAMETRIC_REPRESENTATION_CONTEXT() REPRESENTATION_CONTEXT('2D SPACE',''
  ) );
#7127 = PCURVE('',#6966,#7128);
#7128 = DEFINITIONAL_REPRESENTATION('',(#7129),#7133);
#7129 = LINE('',#7130,#7131);
#7130 = CARTESIAN_POINT('',(600.,2.25E+03));
#7131 = VECTOR('',#7132,1.);
#7132 = DIRECTION('',(-1.,0.));
#7133 = ( GEOMETRIC_REPRESENTATION_CONTEXT(2) 
PARAMETRIC_REPRESENTATION_CONTEXT() REPRESENTATION_CONTEXT('2D SPACE',''
  ) );
#7134 = ORIENTED_EDGE('',*,*,#7135,.T.);
#7135 = EDGE_CURVE('',#7113,#7136,#7138,.T.);
#7136 = VERTEX_POINT('',#7137);
#7137 = CARTESIAN_POINT('',(4.407109936344E+03,1.516805729238E+03,-900.)
  );
#7138 = SURFACE_CURVE('',#7139,(#7143,#7150),.PCURVE_S1.);
#7139 = LINE('',#7140,#7141);
#7140 = CARTESIAN_POINT('',(4.427631144943E+03,1.460424171991E+03,-900.)
  );
#7141 = VECTOR('',#7142,1.);
#7142 = DIRECTION('',(-0.342020143326,0.939692620786,0.));
#7143 = PCURVE('',#7096,#7144);
#7144 = DEFINITIONAL_REPRESENTATION('',(#7145),#7149);
#7145 = LINE('',#7146,#7147);
#7146 = CARTESIAN_POINT('',(1.2E+03,0.));
#7147 = VECTOR('',#7148,1.);
#7148 = DIRECTION('',(0.,1.));
#7149 = ( GEOMETRIC_REPRESENTATION_CONTEXT(2) 
PARAMETRIC_REPRESENTATION_CONTEXT() REPRESENTATION_CONTEXT('2D SPACE',''
  ) );
#7150 = PCURVE('',#6994,#7151);
#7151 = DEFINITIONAL_REPRESENTATION('',(#7152),#7156);
#7152 = LINE('',#7153,#7154);
#7153 = CARTESIAN_POINT('',(-30.,-2.25E+03));
#7154 = VECTOR('',#7155,1.);
#7155 = DIRECTION('',(1.,0.));
#7156 = ( GEOMETRIC_REPRESENTATION_CONTEXT(2) 
PARAMETRIC_REPRESENTATION_CONTEXT() REPRESENTATION_CONTEXT('2D SPACE',''
  ) );
#7157 = ORIENTED_EDGE('',*,*,#7158,.F.);
#7158 = EDGE_CURVE('',#7060,#7136,#7159,.T.);
#7159 = SURFACE_CURVE('',#7160,(#7164,#7171),.PCURVE_S1.);
#7160 = LINE('',#7161,#7162);
#7161 = CARTESIAN_POINT('',(3.2794787914E+03,1.106381557247E+03,-900.));
#7162 = VECTOR('',#7163,1.);
#7163 = DIRECTION('',(0.939692620786,0.342020143326,0.));
#7164 = PCURVE('',#7096,#7165);
#7165 = DEFINITIONAL_REPRESENTATION('',(#7166),#7170);
#7166 = LINE('',#7167,#7168);
#7167 = CARTESIAN_POINT('',(0.,60.));
#7168 = VECTOR('',#7169,1.);
#7169 = DIRECTION('',(1.,0.));
#7170 = ( GEOMETRIC_REPRESENTATION_CONTEXT(2) 
PARAMETRIC_REPRESENTATION_CONTEXT() REPRESENTATION_CONTEXT('2D SPACE',''
  ) );
#7171 = PCURVE('',#7020,#7172);
#7172 = DEFINITIONAL_REPRESENTATION('',(#7173),#7177);
#7173 = LINE('',#7174,#7175);
#7174 = CARTESIAN_POINT('',(-600.,2.25E+03));
#7175 = VECTOR('',#7176,1.);
#7176 = DIRECTION('',(1.,0.));
#7177 = ( GEOMETRIC_REPRESENTATION_CONTEXT(2) 
PARAMETRIC_REPRESENTATION_CONTEXT() REPRESENTATION_CONTEXT('2D SPACE',''
  ) );
#7178 = ADVANCED_FACE('',(#7179),#6966,.T.);
#7179 = FACE_BOUND('',#7180,.T.);
#7180 = EDGE_LOOP('',(#7181,#7182,#7203,#7204));
#7181 = ORIENTED_EDGE('',*,*,#7112,.T.);
#7182 = ORIENTED_EDGE('',*,*,#7183,.T.);
#7183 = EDGE_CURVE('',#7113,#6951,#7184,.T.);
#7184 = SURFACE_CURVE('',#7185,(#7189,#7196),.PCURVE_S1.);
#7185 = LINE('',#7186,#7187);
#7186 = CARTESIAN_POINT('',(4.427631144943E+03,1.460424171991E+03,-900.)
  );
#7187 = VECTOR('',#7188,1.);
#7188 = DIRECTION('',(0.,0.,1.));
#7189 = PCURVE('',#6966,#7190);
#7190 = DEFINITIONAL_REPRESENTATION('',(#7191),#7195);
#7191 = LINE('',#7192,#7193);
#7192 = CARTESIAN_POINT('',(-600.,2.25E+03));
#7193 = VECTOR('',#7194,1.);
#7194 = DIRECTION('',(0.,-1.));
#7195 = ( GEOMETRIC_REPRESENTATION_CONTEXT(2) 
PARAMETRIC_REPRESENTATION_CONTEXT() REPRESENTATION_CONTEXT('2D SPACE',''
  ) );
#7196 = PCURVE('',#6994,#7197);
#7197 = DEFINITIONAL_REPRESENTATION('',(#7198),#7202);
#7198 = LINE('',#7199,#7200);
#7199 = CARTESIAN_POINT('',(-30.,-2.25E+03));
#7200 = VECTOR('',#7201,1.);
#7201 = DIRECTION('',(0.,1.));
#7202 = ( GEOMETRIC_REPRESENTATION_CONTEXT(2) 
PARAMETRIC_REPRESENTATION_CONTEXT() REPRESENTATION_CONTEXT('2D SPACE',''
  ) );
#7203 = ORIENTED_EDGE('',*,*,#6950,.F.);
#7204 = ORIENTED_EDGE('',*,*,#7035,.F.);
#7205 = ADVANCED_FACE('',(#7206),#7020,.T.);
#7206 = FACE_BOUND('',#7207,.T.);
#7207 = EDGE_LOOP('',(#7208,#7209,#7210,#7211));
#7208 = ORIENTED_EDGE('',*,*,#7158,.F.);
#7209 = ORIENTED_EDGE('',*,*,#7059,.T.);
#7210 = ORIENTED_EDGE('',*,*,#7006,.T.);
#7211 = ORIENTED_EDGE('',*,*,#7212,.F.);
#7212 = EDGE_CURVE('',#7136,#6979,#7213,.T.);
#7213 = SURFACE_CURVE('',#7214,(#7218,#7225),.PCURVE_S1.);
#7214 = LINE('',#7215,#7216);
#7215 = CARTESIAN_POINT('',(4.407109936344E+03,1.516805729238E+03,
    2.7E+03));
#7216 = VECTOR('',#7217,1.);
#7217 = DIRECTION('',(0.,0.,1.));
#7218 = PCURVE('',#7020,#7219);
#7219 = DEFINITIONAL_REPRESENTATION('',(#7220),#7224);
#7220 = LINE('',#7221,#7222);
#7221 = CARTESIAN_POINT('',(600.,-1.35E+03));
#7222 = VECTOR('',#7223,1.);
#7223 = DIRECTION('',(0.,-1.));
#7224 = ( GEOMETRIC_REPRESENTATION_CONTEXT(2) 
PARAMETRIC_REPRESENTATION_CONTEXT() REPRESENTATION_CONTEXT('2D SPACE',''
  ) );
#7225 = PCURVE('',#6994,#7226);
#7226 = DEFINITIONAL_REPRESENTATION('',(#7227),#7231);
#7227 = LINE('',#7228,#7229);
#7228 = CARTESIAN_POINT('',(30.,1.35E+03));
#7229 = VECTOR('',#7230,1.);
#7230 = DIRECTION('',(0.,1.));
#7231 = ( GEOMETRIC_REPRESENTATION_CONTEXT(2) 
PARAMETRIC_REPRESENTATION_CONTEXT() REPRESENTATION_CONTEXT('2D SPACE',''
  ) );
#7232 = ADVANCED_FACE('',(#7233),#6994,.T.);
#7233 = FACE_BOUND('',#7234,.T.);
#7234 = EDGE_LOOP('',(#7235,#7236,#7237,#7238));
#7235 = ORIENTED_EDGE('',*,*,#7183,.F.);
#7236 = ORIENTED_EDGE('',*,*,#7135,.T.);
#7237 = ORIENTED_EDGE('',*,*,#7212,.T.);
#7238 = ORIENTED_EDGE('',*,*,#6978,.F.);
#7239 = ( GEOMETRIC_REPRESENTATION_CONTEXT(3) 
GLOBAL_UNCERTAINTY_ASSIGNED_CONTEXT((#7243)) 
GLOBAL_UNIT_ASSIGNED_CONTEXT((#7240,#7241,#7242)) REPRESENTATION_CONTEXT
('Context #1','3D Context with UNIT and UNCERTAINTY') );
#7240 = ( LENGTH_UNIT() NAMED_UNIT(*) SI_UNIT(.MILLI.,.METRE.) );
#7241 = ( NAMED_UNIT(*) PLANE_ANGLE_UNIT() SI_UNIT($,.RADIAN.) );
#7242 = ( NAMED_UNIT(*) SI_UNIT($,.STERADIAN.) SOLID_ANGLE_UNIT() );
#7243 = UNCERTAINTY_MEASURE_WITH_UNIT(LENGTH_MEASURE(1.E-07),#7240,
  'distance_accuracy_value','confusion accuracy');
#7244 = PRODUCT_RELATED_PRODUCT_CATEGORY('part',$,(#6905));
#7245 = SHAPE_DEFINITION_REPRESENTATION(#7246,#7252);
#7246 = PRODUCT_DEFINITION_SHAPE('','',#7247);
#7247 = PRODUCT_DEFINITION('design','',#7248,#7251);
#7248 = PRODUCT_DEFINITION_FORMATION('','',#7249);
#7249 = PRODUCT('Rescue_Capsule','Rescue_Capsule','',(#7250));
#7250 = PRODUCT_CONTEXT('',#2,'mechanical');
#7251 = PRODUCT_DEFINITION_CONTEXT('part definition',#2,'design');
#7252 = ADVANCED_BREP_SHAPE_REPRESENTATION('',(#11,#7253),#7265);
#7253 = MANIFOLD_SOLID_BREP('',#7254);
#7254 = CLOSED_SHELL('',(#7255));
#7255 = ADVANCED_FACE('',(#7256),#7260,.T.);
#7256 = FACE_BOUND('',#7257,.T.);
#7257 = VERTEX_LOOP('',#7258);
#7258 = VERTEX_POINT('',#7259);
#7259 = CARTESIAN_POINT('',(450.,-5.624099184982E-30,-375.));
#7260 = SPHERICAL_SURFACE('',#7261,375.);
#7261 = AXIS2_PLACEMENT_3D('',#7262,#7263,#7264);
#7262 = CARTESIAN_POINT('',(450.,0.,0.));
#7263 = DIRECTION('',(0.,0.,1.));
#7264 = DIRECTION('',(1.,0.,0.));
#7265 = ( GEOMETRIC_REPRESENTATION_CONTEXT(3) 
GLOBAL_UNCERTAINTY_ASSIGNED_CONTEXT((#7269)) 
GLOBAL_UNIT_ASSIGNED_CONTEXT((#7266,#7267,#7268)) REPRESENTATION_CONTEXT
('Context #1','3D Context with UNIT and UNCERTAINTY') );
#7266 = ( LENGTH_UNIT() NAMED_UNIT(*) SI_UNIT(.MILLI.,.METRE.) );
#7267 = ( NAMED_UNIT(*) PLANE_ANGLE_UNIT() SI_UNIT($,.RADIAN.) );
#7268 = ( NAMED_UNIT(*) SI_UNIT($,.STERADIAN.) SOLID_ANGLE_UNIT() );
#7269 = UNCERTAINTY_MEASURE_WITH_UNIT(LENGTH_MEASURE(1.E-07),#7266,
  'distance_accuracy_value','confusion accuracy');
#7270 = PRODUCT_RELATED_PRODUCT_CATEGORY('part',$,(#7249));
#7271 = SHAPE_DEFINITION_REPRESENTATION(#7272,#7278);
#7272 = PRODUCT_DEFINITION_SHAPE('','',#7273);
#7273 = PRODUCT_DEFINITION('design','',#7274,#7277);
#7274 = PRODUCT_DEFINITION_FORMATION('','',#7275);
#7275 = PRODUCT('TPS_Ceramic','TPS_Ceramic','',(#7276));
#7276 = PRODUCT_CONTEXT('',#2,'mechanical');
#7277 = PRODUCT_DEFINITION_CONTEXT('part definition',#2,'design');
#7278 = ADVANCED_BREP_SHAPE_REPRESENTATION('',(#11,#7279),#8555);
#7279 = MANIFOLD_SOLID_BREP('',#7280);
#7280 = CLOSED_SHELL('',(#7281,#7543,#7637,#8141,#8169,#8227,#8254,#8261
    ,#8316,#8444,#8472,#8521,#8549));
#7281 = ADVANCED_FACE('',(#7282),#7297,.T.);
#7282 = FACE_BOUND('',#7283,.T.);
#7283 = EDGE_LOOP('',(#7284,#7320,#7348,#7501));
#7284 = ORIENTED_EDGE('',*,*,#7285,.T.);
#7285 = EDGE_CURVE('',#7286,#7288,#7290,.T.);
#7286 = VERTEX_POINT('',#7287);
#7287 = CARTESIAN_POINT('',(14.328823425984,-266.013944395,
    -438.6232638775));
#7288 = VERTEX_POINT('',#7289);
#7289 = CARTESIAN_POINT('',(14.328823425984,-6.282256483452E-14,
    -512.985171547));
#7290 = SURFACE_CURVE('',#7291,(#7296,#7308),.PCURVE_S1.);
#7291 = CIRCLE('',#7292,512.98517154708);
#7292 = AXIS2_PLACEMENT_3D('',#7293,#7294,#7295);
#7293 = CARTESIAN_POINT('',(14.328823425984,0.,-3.181637936663E-15));
#7294 = DIRECTION('',(1.,0.,-2.22044604925E-16));
#7295 = DIRECTION('',(-2.22044604925E-16,-1.224646799147E-16,-1.));
#7296 = PCURVE('',#7297,#7302);
#7297 = CONICAL_SURFACE('',#7298,510.,0.20539538919);
#7298 = AXIS2_PLACEMENT_3D('',#7299,#7300,#7301);
#7299 = CARTESIAN_POINT('',(0.,0.,0.));
#7300 = DIRECTION('',(1.,0.,-2.22044604925E-16));
#7301 = DIRECTION('',(-2.22044604925E-16,0.,-1.));
#7302 = DEFINITIONAL_REPRESENTATION('',(#7303),#7307);
#7303 = LINE('',#7304,#7305);
#7304 = CARTESIAN_POINT('',(0.,14.328823425984));
#7305 = VECTOR('',#7306,1.);
#7306 = DIRECTION('',(1.,0.));
#7307 = ( GEOMETRIC_REPRESENTATION_CONTEXT(2) 
PARAMETRIC_REPRESENTATION_CONTEXT() REPRESENTATION_CONTEXT('2D SPACE',''
  ) );
#7308 = PCURVE('',#7309,#7314);
#7309 = TOROIDAL_SURFACE('',#7310,495.3635239918,18.);
#7310 = AXIS2_PLACEMENT_3D('',#7311,#7312,#7313);
#7311 = CARTESIAN_POINT('',(18.,0.,-3.996802888651E-15));
#7312 = DIRECTION('',(-1.,0.,2.22044604925E-16));
#7313 = DIRECTION('',(-2.22044604925E-16,-1.224646799147E-16,-1.));
#7314 = DEFINITIONAL_REPRESENTATION('',(#7315),#7319);
#7315 = LINE('',#7316,#7317);
#7316 = CARTESIAN_POINT('',(-0.,0.20539538919));
#7317 = VECTOR('',#7318,1.);
#7318 = DIRECTION('',(-1.,0.));
#7319 = ( GEOMETRIC_REPRESENTATION_CONTEXT(2) 
PARAMETRIC_REPRESENTATION_CONTEXT() REPRESENTATION_CONTEXT('2D SPACE',''
  ) );
#7320 = ORIENTED_EDGE('',*,*,#7321,.T.);
#7321 = EDGE_CURVE('',#7288,#7322,#7324,.T.);
#7322 = VERTEX_POINT('',#7323);
#7323 = CARTESIAN_POINT('',(218.08242029425,0.,-555.4338375613));
#7324 = SURFACE_CURVE('',#7325,(#7329,#7336),.PCURVE_S1.);
#7325 = LINE('',#7326,#7327);
#7326 = CARTESIAN_POINT('',(-1.132427485118E-13,-1.24913973513E-13,-510.
    ));
#7327 = VECTOR('',#7328,1.);
#7328 = DIRECTION('',(0.978980419738,-4.995438489415E-17,-0.203954254112
    ));
#7329 = PCURVE('',#7297,#7330);
#7330 = DEFINITIONAL_REPRESENTATION('',(#7331),#7335);
#7331 = LINE('',#7332,#7333);
#7332 = CARTESIAN_POINT('',(6.28318530718,-0.));
#7333 = VECTOR('',#7334,1.);
#7334 = DIRECTION('',(0.,1.));
#7335 = ( GEOMETRIC_REPRESENTATION_CONTEXT(2) 
PARAMETRIC_REPRESENTATION_CONTEXT() REPRESENTATION_CONTEXT('2D SPACE',''
  ) );
#7336 = PCURVE('',#7337,#7342);
#7337 = CONICAL_SURFACE('',#7338,510.,0.20539538919);
#7338 = AXIS2_PLACEMENT_3D('',#7339,#7340,#7341);
#7339 = CARTESIAN_POINT('',(0.,0.,0.));
#7340 = DIRECTION('',(1.,0.,-2.22044604925E-16));
#7341 = DIRECTION('',(-2.22044604925E-16,0.,-1.));
#7342 = DEFINITIONAL_REPRESENTATION('',(#7343),#7347);
#7343 = LINE('',#7344,#7345);
#7344 = CARTESIAN_POINT('',(0.,-0.));
#7345 = VECTOR('',#7346,1.);
#7346 = DIRECTION('',(0.,1.));
#7347 = ( GEOMETRIC_REPRESENTATION_CONTEXT(2) 
PARAMETRIC_REPRESENTATION_CONTEXT() REPRESENTATION_CONTEXT('2D SPACE',''
  ) );
#7348 = ORIENTED_EDGE('',*,*,#7349,.T.);
#7349 = EDGE_CURVE('',#7322,#7350,#7352,.T.);
#7350 = VERTEX_POINT('',#7351);
#7351 = CARTESIAN_POINT('',(14.50425152891,-265.7850233318,
    -438.8047465706));
#7352 = SURFACE_CURVE('',#7353,(#7404,#7450),.PCURVE_S1.);
#7353 = B_SPLINE_CURVE_WITH_KNOTS('',13,(#7354,#7355,#7356,#7357,#7358,
    #7359,#7360,#7361,#7362,#7363,#7364,#7365,#7366,#7367,#7368,#7369,
    #7370,#7371,#7372,#7373,#7374,#7375,#7376,#7377,#7378,#7379,#7380,
    #7381,#7382,#7383,#7384,#7385,#7386,#7387,#7388,#7389,#7390,#7391,
    #7392,#7393,#7394,#7395,#7396,#7397,#7398,#7399,#7400,#7401,#7402,
    #7403),.UNSPECIFIED.,.F.,.F.,(14,12,12,12,14),(2.608535066791E+03,
    2.619919703838E+03,2.798018665038E+03,2.976117626239E+03,
    3.084343736208E+03),.UNSPECIFIED.);
#7354 = CARTESIAN_POINT('',(218.08242029425,-1.360420542615E-13,
    -555.4338375613));
#7355 = CARTESIAN_POINT('',(217.50498020301,-0.751842746226,
    -555.3135375423));
#7356 = CARTESIAN_POINT('',(216.92769015729,-1.50350169943,
    -555.1921662363));
#7357 = CARTESIAN_POINT('',(216.35055152817,-2.254975074248,
    -555.0697239842));
#7358 = CARTESIAN_POINT('',(215.77356568439,-3.006261084289,
    -554.9462111191));
#7359 = CARTESIAN_POINT('',(215.19673399965,-3.757357945362,
    -554.8216279915));
#7360 = CARTESIAN_POINT('',(214.62005783951,-4.508263869526,
    -554.6959749223));
#7361 = CARTESIAN_POINT('',(214.04353858016,-5.258977074059,
    -554.5692522723));
#7362 = CARTESIAN_POINT('',(213.46717758658,-6.009495770213,
    -554.4414603586));
#7363 = CARTESIAN_POINT('',(212.89097623334,-6.759818175072,
    -554.3125995379));
#7364 = CARTESIAN_POINT('',(212.31493588837,-7.509942500967,
    -554.182670137));
#7365 = CARTESIAN_POINT('',(211.73905792329,-8.259866963476,
    -554.0516725014));
#7366 = CARTESIAN_POINT('',(211.16334370811,-9.009589776355,
    -553.919606967));
#7367 = CARTESIAN_POINT('',(201.58402088979,-21.48443882762,
    -551.7037666677));
#7368 = CARTESIAN_POINT('',(192.62064281175,-33.16000040843,
    -549.359806023));
#7369 = CARTESIAN_POINT('',(183.70194115521,-44.78021259288,
    -546.7557207393));
#7370 = CARTESIAN_POINT('',(174.83263933344,-56.33891089878,
    -543.8928447081));
#7371 = CARTESIAN_POINT('',(166.01769052906,-67.8296239783,
    -540.7727288079));
#7372 = CARTESIAN_POINT('',(157.2621346377,-79.24575936958,
    -537.3971440831));
#7373 = CARTESIAN_POINT('',(148.57101146975,-90.58071625813,
    -533.7680786388));
#7374 = CARTESIAN_POINT('',(139.94931670171,-101.8279427857,
    -529.8877307859));
#7375 = CARTESIAN_POINT('',(131.40198701443,-112.9809554914,
    -525.7585008586));
#7376 = CARTESIAN_POINT('',(122.9339009093,-124.0333384118,
    -521.3829842222));
#7377 = CARTESIAN_POINT('',(114.54988164951,-134.9787394283,
    -516.7639679277));
#7378 = CARTESIAN_POINT('',(106.25468880301,-145.8108813947,
    -511.904433497));
#7379 = CARTESIAN_POINT('',(89.8512808921,-167.2363298452,
    -501.7107031353));
#7380 = CARTESIAN_POINT('',(81.743089785102,-177.8296048644,
    -496.376523062));
#7381 = CARTESIAN_POINT('',(73.732896003301,-188.2975068222,
    -490.8080432224));
#7382 = CARTESIAN_POINT('',(65.826172200737,-198.6328004975,
    -485.0093805787));
#7383 = CARTESIAN_POINT('',(58.024975002237,-208.8327464732,
    -478.9820888294));
#7384 = CARTESIAN_POINT('',(50.338451221196,-218.8852391596,
    -472.7335270561));
#7385 = CARTESIAN_POINT('',(42.764972917394,-228.7924059578,
    -466.2637644871));
#7386 = CARTESIAN_POINT('',(35.313018043819,-238.5429579348,
    -459.5781308646));
#7387 = CARTESIAN_POINT('',(27.987498150395,-248.1304437902,
    -452.6851728024));
#7388 = CARTESIAN_POINT('',(20.786405785166,-257.557344399,
    -445.5803779331));
#7389 = CARTESIAN_POINT('',(13.721435117124,-266.8082424551,
    -438.2780074299));
#7390 = CARTESIAN_POINT('',(6.791807846822,-275.884043614,
    -430.7779268997));
#7391 = CARTESIAN_POINT('',(-4.127205110954,-290.1880806022,
    -418.407626444));
#7392 = CARTESIAN_POINT('',(-8.260332351723,-295.6025265011,
    -413.7251495583));
#7393 = CARTESIAN_POINT('',(-12.3993817223,-301.0247304605,
    -409.0359634099));
#7394 = CARTESIAN_POINT('',(-16.5443532227,-306.4546924805,
    -404.340067999));
#7395 = CARTESIAN_POINT('',(-20.69524685292,-311.8924125611,
    -399.6374633255));
#7396 = CARTESIAN_POINT('',(-24.85206261295,-317.3378907023,
    -394.9281493894));
#7397 = CARTESIAN_POINT('',(-29.0148005028,-322.791126904,
    -390.2121261908));
#7398 = CARTESIAN_POINT('',(-33.18346052246,-328.2521211663,
    -385.4893937295));
#7399 = CARTESIAN_POINT('',(-37.35804267194,-333.7208734892,
    -380.7599520056));
#7400 = CARTESIAN_POINT('',(-41.53854695124,-339.1973838727,
    -376.0238010192));
#7401 = CARTESIAN_POINT('',(-45.72497336035,-344.6816523167,
    -371.2809407702));
#7402 = CARTESIAN_POINT('',(-49.91732189928,-350.1736788213,
    -366.5313712585));
#7403 = CARTESIAN_POINT('',(-54.11559256802,-355.6734633865,
    -361.7750924843));
#7404 = PCURVE('',#7297,#7405);
#7405 = DEFINITIONAL_REPRESENTATION('',(#7406),#7449);
#7406 = B_SPLINE_CURVE_WITH_KNOTS('',9,(#7407,#7408,#7409,#7410,#7411,
    #7412,#7413,#7414,#7415,#7416,#7417,#7418,#7419,#7420,#7421,#7422,
    #7423,#7424,#7425,#7426,#7427,#7428,#7429,#7430,#7431,#7432,#7433,
    #7434,#7435,#7436,#7437,#7438,#7439,#7440,#7441,#7442,#7443,#7444,
    #7445,#7446,#7447,#7448),.UNSPECIFIED.,.F.,.F.,(10,8,8,8,8,10),(
    2.608535066791E+03,2.650895483358E+03,2.693255899924E+03,
    2.777976733056E+03,2.862697566189E+03,2.947418399321E+03),
  .UNSPECIFIED.);
#7407 = CARTESIAN_POINT('',(6.28318530718,218.08242029425));
#7408 = CARTESIAN_POINT('',(6.275910247576,214.97894130857));
#7409 = CARTESIAN_POINT('',(6.268626078664,211.87997173337));
#7410 = CARTESIAN_POINT('',(6.261332656161,208.78568291061));
#7411 = CARTESIAN_POINT('',(6.254030551965,205.69655650847));
#7412 = CARTESIAN_POINT('',(6.246718825035,202.61241703618));
#7413 = CARTESIAN_POINT('',(6.239398085727,199.53376437663));
#7414 = CARTESIAN_POINT('',(6.232067937134,196.4606554482));
#7415 = CARTESIAN_POINT('',(6.224728473489,193.39336295274));
#7416 = CARTESIAN_POINT('',(6.210030817994,187.27082587391));
#7417 = CARTESIAN_POINT('',(6.202672628858,184.21558252307));
#7418 = CARTESIAN_POINT('',(6.195305057601,181.16658460939));
#7419 = CARTESIAN_POINT('',(6.187928093032,178.12405527989));
#7420 = CARTESIAN_POINT('',(6.180541732175,175.08821993967));
#7421 = CARTESIAN_POINT('',(6.173145978969,172.05930561253));
#7422 = CARTESIAN_POINT('',(6.165740842935,169.03754030045));
#7423 = CARTESIAN_POINT('',(6.15832633788,166.02315234409));
#7424 = CARTESIAN_POINT('',(6.13605476594,157.00280465956));
#7425 = CARTESIAN_POINT('',(6.1211696398,151.01966006284));
#7426 = CARTESIAN_POINT('',(6.106247249608,145.06876618965));
#7427 = CARTESIAN_POINT('',(6.091287784701,139.15194618099));
#7428 = CARTESIAN_POINT('',(6.07629147286,133.27101304367));
#7429 = CARTESIAN_POINT('',(6.061258576877,127.42776657249));
#7430 = CARTESIAN_POINT('',(6.046189391131,121.62399027231));
#7431 = CARTESIAN_POINT('',(6.031084238148,115.8614482802));
#7432 = CARTESIAN_POINT('',(6.000802692199,104.42231629478));
#7433 = CARTESIAN_POINT('',(5.985626294849,98.745725236833));
#7434 = CARTESIAN_POINT('',(5.970414663494,93.113864130333));
#7435 = CARTESIAN_POINT('',(5.955168075266,87.528422017441));
#7436 = CARTESIAN_POINT('',(5.939887056199,81.991137940997));
#7437 = CARTESIAN_POINT('',(5.924572047993,76.503689143237));
#7438 = CARTESIAN_POINT('',(5.90922342106,71.067694364436));
#7439 = CARTESIAN_POINT('',(5.893841816152,65.684825259122));
#7440 = CARTESIAN_POINT('',(5.863013658976,55.028512918853));
#7441 = CARTESIAN_POINT('',(5.847567109342,49.755070885278));
#7442 = CARTESIAN_POINT('',(5.832088669941,44.537954416264));
#7443 = CARTESIAN_POINT('',(5.81657882642,39.378711376798));
#7444 = CARTESIAN_POINT('',(5.801038418758,34.27895414378));
#7445 = CARTESIAN_POINT('',(5.785467987752,29.240164162789));
#7446 = CARTESIAN_POINT('',(5.769868026197,24.263768003651));
#7447 = CARTESIAN_POINT('',(5.754239739848,19.351362766705));
#7448 = CARTESIAN_POINT('',(5.738583520135,14.50425152891));
#7449 = ( GEOMETRIC_REPRESENTATION_CONTEXT(2) 
PARAMETRIC_REPRESENTATION_CONTEXT() REPRESENTATION_CONTEXT('2D SPACE',''
  ) );
#7450 = PCURVE('',#7451,#7456);
#7451 = CONICAL_SURFACE('',#7452,510.,0.20539538919);
#7452 = AXIS2_PLACEMENT_3D('',#7453,#7454,#7455);
#7453 = CARTESIAN_POINT('',(0.,0.,0.));
#7454 = DIRECTION('',(1.,0.,-2.22044604925E-16));
#7455 = DIRECTION('',(-2.22044604925E-16,0.,-1.));
#7456 = DEFINITIONAL_REPRESENTATION('',(#7457),#7500);
#7457 = B_SPLINE_CURVE_WITH_KNOTS('',9,(#7458,#7459,#7460,#7461,#7462,
    #7463,#7464,#7465,#7466,#7467,#7468,#7469,#7470,#7471,#7472,#7473,
    #7474,#7475,#7476,#7477,#7478,#7479,#7480,#7481,#7482,#7483,#7484,
    #7485,#7486,#7487,#7488,#7489,#7490,#7491,#7492,#7493,#7494,#7495,
    #7496,#7497,#7498,#7499),.UNSPECIFIED.,.F.,.F.,(10,8,8,8,8,10),(
    2.608535066791E+03,2.650895483358E+03,2.693255899924E+03,
    2.777976733056E+03,2.862697566189E+03,2.947418399321E+03),
  .UNSPECIFIED.);
#7458 = CARTESIAN_POINT('',(6.28318530718,218.08242029425));
#7459 = CARTESIAN_POINT('',(6.275910247576,214.97894130857));
#7460 = CARTESIAN_POINT('',(6.268626078664,211.87997173337));
#7461 = CARTESIAN_POINT('',(6.261332656161,208.78568291061));
#7462 = CARTESIAN_POINT('',(6.254030551965,205.69655650847));
#7463 = CARTESIAN_POINT('',(6.246718825035,202.61241703618));
#7464 = CARTESIAN_POINT('',(6.239398085727,199.53376437663));
#7465 = CARTESIAN_POINT('',(6.232067937134,196.4606554482));
#7466 = CARTESIAN_POINT('',(6.224728473489,193.39336295274));
#7467 = CARTESIAN_POINT('',(6.210030817994,187.27082587391));
#7468 = CARTESIAN_POINT('',(6.202672628858,184.21558252307));
#7469 = CARTESIAN_POINT('',(6.195305057601,181.16658460939));
#7470 = CARTESIAN_POINT('',(6.187928093032,178.12405527989));
#7471 = CARTESIAN_POINT('',(6.180541732175,175.08821993967));
#7472 = CARTESIAN_POINT('',(6.173145978969,172.05930561253));
#7473 = CARTESIAN_POINT('',(6.165740842935,169.03754030045));
#7474 = CARTESIAN_POINT('',(6.15832633788,166.02315234409));
#7475 = CARTESIAN_POINT('',(6.13605476594,157.00280465956));
#7476 = CARTESIAN_POINT('',(6.1211696398,151.01966006284));
#7477 = CARTESIAN_POINT('',(6.106247249608,145.06876618965));
#7478 = CARTESIAN_POINT('',(6.091287784701,139.15194618099));
#7479 = CARTESIAN_POINT('',(6.07629147286,133.27101304367));
#7480 = CARTESIAN_POINT('',(6.061258576877,127.42776657249));
#7481 = CARTESIAN_POINT('',(6.046189391131,121.62399027231));
#7482 = CARTESIAN_POINT('',(6.031084238148,115.8614482802));
#7483 = CARTESIAN_POINT('',(6.000802692199,104.42231629478));
#7484 = CARTESIAN_POINT('',(5.985626294849,98.745725236833));
#7485 = CARTESIAN_POINT('',(5.970414663494,93.113864130333));
#7486 = CARTESIAN_POINT('',(5.955168075266,87.528422017441));
#7487 = CARTESIAN_POINT('',(5.939887056199,81.991137940997));
#7488 = CARTESIAN_POINT('',(5.924572047993,76.503689143237));
#7489 = CARTESIAN_POINT('',(5.90922342106,71.067694364436));
#7490 = CARTESIAN_POINT('',(5.893841816152,65.684825259122));
#7491 = CARTESIAN_POINT('',(5.863013658976,55.028512918853));
#7492 = CARTESIAN_POINT('',(5.847567109342,49.755070885278));
#7493 = CARTESIAN_POINT('',(5.832088669941,44.537954416264));
#7494 = CARTESIAN_POINT('',(5.81657882642,39.378711376798));
#7495 = CARTESIAN_POINT('',(5.801038418758,34.27895414378));
#7496 = CARTESIAN_POINT('',(5.785467987752,29.240164162789));
#7497 = CARTESIAN_POINT('',(5.769868026197,24.263768003651));
#7498 = CARTESIAN_POINT('',(5.754239739848,19.351362766705));
#7499 = CARTESIAN_POINT('',(5.738583520135,14.50425152891));
#7500 = ( GEOMETRIC_REPRESENTATION_CONTEXT(2) 
PARAMETRIC_REPRESENTATION_CONTEXT() REPRESENTATION_CONTEXT('2D SPACE',''
  ) );
#7501 = ORIENTED_EDGE('',*,*,#7502,.T.);
#7502 = EDGE_CURVE('',#7350,#7286,#7503,.T.);
#7503 = SURFACE_CURVE('',#7504,(#7515,#7529),.PCURVE_S1.);
#7504 = B_SPLINE_CURVE_WITH_KNOTS('',9,(#7505,#7506,#7507,#7508,#7509,
    #7510,#7511,#7512,#7513,#7514),.UNSPECIFIED.,.F.,.F.,(10,10),(0.,1.)
  ,.PIECEWISE_BEZIER_KNOTS.);
#7505 = CARTESIAN_POINT('',(14.50425152891,-265.7850233318,
    -438.8047465706));
#7506 = CARTESIAN_POINT('',(14.484122756968,-265.8113801687,
    -438.7838794175));
#7507 = CARTESIAN_POINT('',(14.462170611553,-265.8360430689,
    -438.7635910957));
#7508 = CARTESIAN_POINT('',(14.435814559551,-265.8560800875,
    -438.7450311899));
#7509 = CARTESIAN_POINT('',(14.407862864927,-265.8842540282,
    -438.7211483184));
#7510 = CARTESIAN_POINT('',(14.384318128961,-265.8905309933,
    -438.7116059611));
#7511 = CARTESIAN_POINT('',(14.339507014912,-265.9132277657,
    -438.6869379574));
#7512 = CARTESIAN_POINT('',(14.334805292863,-265.9488438909,
    -438.6641992922));
#7513 = CARTESIAN_POINT('',(14.328823426079,-265.9805169084,
    -438.6435368048));
#7514 = CARTESIAN_POINT('',(14.328823425984,-266.013944395,
    -438.6232638775));
#7515 = PCURVE('',#7297,#7516);
#7516 = DEFINITIONAL_REPRESENTATION('',(#7517),#7528);
#7517 = B_SPLINE_CURVE_WITH_KNOTS('',9,(#7518,#7519,#7520,#7521,#7522,
    #7523,#7524,#7525,#7526,#7527),.UNSPECIFIED.,.F.,.F.,(10,10),(0.,1.)
  ,.PIECEWISE_BEZIER_KNOTS.);
#7518 = CARTESIAN_POINT('',(5.738583520135,14.50425152891));
#7519 = CARTESIAN_POINT('',(5.738518503993,14.484122757145));
#7520 = CARTESIAN_POINT('',(5.738456637744,14.462435066354));
#7521 = CARTESIAN_POINT('',(5.738405643539,14.43481051154));
#7522 = CARTESIAN_POINT('',(5.73833220077,14.409674937202));
#7523 = CARTESIAN_POINT('',(5.738314856967,14.382412104305));
#7524 = CARTESIAN_POINT('',(5.73825011099,14.340673048941));
#7525 = CARTESIAN_POINT('',(5.738168583033,14.334469055062));
#7526 = CARTESIAN_POINT('',(5.738094750836,14.328823425984));
#7527 = CARTESIAN_POINT('',(5.738018540818,14.328823425984));
#7528 = ( GEOMETRIC_REPRESENTATION_CONTEXT(2) 
PARAMETRIC_REPRESENTATION_CONTEXT() REPRESENTATION_CONTEXT('2D SPACE',''
  ) );
#7529 = PCURVE('',#7451,#7530);
#7530 = DEFINITIONAL_REPRESENTATION('',(#7531),#7542);
#7531 = B_SPLINE_CURVE_WITH_KNOTS('',9,(#7532,#7533,#7534,#7535,#7536,
    #7537,#7538,#7539,#7540,#7541),.UNSPECIFIED.,.F.,.F.,(10,10),(0.,1.)
  ,.PIECEWISE_BEZIER_KNOTS.);
#7532 = CARTESIAN_POINT('',(5.738583520135,14.50425152891));
#7533 = CARTESIAN_POINT('',(5.738518503993,14.484122757145));
#7534 = CARTESIAN_POINT('',(5.738456637744,14.462435066354));
#7535 = CARTESIAN_POINT('',(5.738405643539,14.43481051154));
#7536 = CARTESIAN_POINT('',(5.73833220077,14.409674937202));
#7537 = CARTESIAN_POINT('',(5.738314856967,14.382412104305));
#7538 = CARTESIAN_POINT('',(5.73825011099,14.340673048941));
#7539 = CARTESIAN_POINT('',(5.738168583033,14.334469055062));
#7540 = CARTESIAN_POINT('',(5.738094750836,14.328823425984));
#7541 = CARTESIAN_POINT('',(5.738018540818,14.328823425984));
#7542 = ( GEOMETRIC_REPRESENTATION_CONTEXT(2) 
PARAMETRIC_REPRESENTATION_CONTEXT() REPRESENTATION_CONTEXT('2D SPACE',''
  ) );
#7543 = ADVANCED_FACE('',(#7544),#7309,.T.);
#7544 = FACE_BOUND('',#7545,.F.);
#7545 = EDGE_LOOP('',(#7546,#7582,#7583,#7610));
#7546 = ORIENTED_EDGE('',*,*,#7547,.F.);
#7547 = EDGE_CURVE('',#7286,#7548,#7550,.T.);
#7548 = VERTEX_POINT('',#7549);
#7549 = CARTESIAN_POINT('',(6.661338147751E-16,-256.876050684,
    -423.5560358282));
#7550 = SURFACE_CURVE('',#7551,(#7561,#7571),.PCURVE_S1.);
#7551 = B_SPLINE_CURVE_WITH_KNOTS('',8,(#7552,#7553,#7554,#7555,#7556,
    #7557,#7558,#7559,#7560),.UNSPECIFIED.,.F.,.F.,(9,9),(0.,1.),
  .PIECEWISE_BEZIER_KNOTS.);
#7552 = CARTESIAN_POINT('',(14.328823425984,-266.013944395,
    -438.6232638775));
#7553 = CARTESIAN_POINT('',(11.321246664218,-265.68902542,
    -438.0875136872));
#7554 = CARTESIAN_POINT('',(8.435888313177,-265.0598927914,
    -437.0501537565));
#7555 = CARTESIAN_POINT('',(5.806252688298,-264.1409704877,
    -435.5349673964));
#7556 = CARTESIAN_POINT('',(3.558237366506,-262.9655812406,
    -433.5968995667));
#7557 = CARTESIAN_POINT('',(1.79773565609,-261.5846264327,-431.319880193
    ));
#7558 = CARTESIAN_POINT('',(0.599245874947,-260.0622454953,
    -428.8096670643));
#7559 = CARTESIAN_POINT('',(2.22044604925E-16,-258.469148001,
    -426.1828513001));
#7560 = CARTESIAN_POINT('',(6.661338147751E-16,-256.876050684,
    -423.5560358282));
#7561 = PCURVE('',#7309,#7562);
#7562 = DEFINITIONAL_REPRESENTATION('',(#7563),#7570);
#7563 = B_SPLINE_CURVE_WITH_KNOTS('',5,(#7564,#7565,#7566,#7567,#7568,
    #7569),.UNSPECIFIED.,.F.,.F.,(6,6),(0.,1.),
  .PIECEWISE_BEZIER_KNOTS.);
#7564 = CARTESIAN_POINT('',(-5.738018540818,0.20539538919));
#7565 = CARTESIAN_POINT('',(-5.738018540818,0.478475576711));
#7566 = CARTESIAN_POINT('',(-5.738018540818,0.751555765407));
#7567 = CARTESIAN_POINT('',(-5.738018540818,1.024635950577));
#7568 = CARTESIAN_POINT('',(-5.738018540818,1.297716139274));
#7569 = CARTESIAN_POINT('',(-5.738018540818,1.570796326795));
#7570 = ( GEOMETRIC_REPRESENTATION_CONTEXT(2) 
PARAMETRIC_REPRESENTATION_CONTEXT() REPRESENTATION_CONTEXT('2D SPACE',''
  ) );
#7571 = PCURVE('',#7572,#7577);
#7572 = TOROIDAL_SURFACE('',#7573,495.3635239918,18.);
#7573 = AXIS2_PLACEMENT_3D('',#7574,#7575,#7576);
#7574 = CARTESIAN_POINT('',(18.,0.,-3.996802888651E-15));
#7575 = DIRECTION('',(-1.,0.,2.22044604925E-16));
#7576 = DIRECTION('',(1.933886501647E-16,-0.491380417772,0.870945052819)
  );
#7577 = DEFINITIONAL_REPRESENTATION('',(#7578),#7581);
#7578 = B_SPLINE_CURVE_WITH_KNOTS('',1,(#7579,#7580),.UNSPECIFIED.,.F.,
  .F.,(2,2),(0.,1.),.PIECEWISE_BEZIER_KNOTS.);
#7579 = CARTESIAN_POINT('',(-2.08275187626,0.20539538919));
#7580 = CARTESIAN_POINT('',(-2.08275187626,1.570796326795));
#7581 = ( GEOMETRIC_REPRESENTATION_CONTEXT(2) 
PARAMETRIC_REPRESENTATION_CONTEXT() REPRESENTATION_CONTEXT('2D SPACE',''
  ) );
#7582 = ORIENTED_EDGE('',*,*,#7285,.T.);
#7583 = ORIENTED_EDGE('',*,*,#7584,.T.);
#7584 = EDGE_CURVE('',#7288,#7585,#7587,.T.);
#7585 = VERTEX_POINT('',#7586);
#7586 = CARTESIAN_POINT('',(-1.101341240428E-13,-6.066453540709E-14,
    -495.3635239918));
#7587 = SURFACE_CURVE('',#7588,(#7593,#7599),.PCURVE_S1.);
#7588 = CIRCLE('',#7589,18.);
#7589 = AXIS2_PLACEMENT_3D('',#7590,#7591,#7592);
#7590 = CARTESIAN_POINT('',(18.,-6.066453540709E-14,-495.3635239918));
#7591 = DIRECTION('',(-2.719262146894E-32,1.,-1.224646799147E-16));
#7592 = DIRECTION('',(-2.22044604925E-16,-1.224646799147E-16,-1.));
#7593 = PCURVE('',#7309,#7594);
#7594 = DEFINITIONAL_REPRESENTATION('',(#7595),#7598);
#7595 = B_SPLINE_CURVE_WITH_KNOTS('',1,(#7596,#7597),.UNSPECIFIED.,.F.,
  .F.,(2,2),(0.20539538919,1.570796326795),.PIECEWISE_BEZIER_KNOTS.);
#7596 = CARTESIAN_POINT('',(-6.28318530718,0.20539538919));
#7597 = CARTESIAN_POINT('',(-6.28318530718,1.570796326795));
#7598 = ( GEOMETRIC_REPRESENTATION_CONTEXT(2) 
PARAMETRIC_REPRESENTATION_CONTEXT() REPRESENTATION_CONTEXT('2D SPACE',''
  ) );
#7599 = PCURVE('',#7600,#7605);
#7600 = TOROIDAL_SURFACE('',#7601,495.3635239918,18.);
#7601 = AXIS2_PLACEMENT_3D('',#7602,#7603,#7604);
#7602 = CARTESIAN_POINT('',(18.,0.,-3.996802888651E-15));
#7603 = DIRECTION('',(-1.,0.,2.22044604925E-16));
#7604 = DIRECTION('',(-2.22044604925E-16,-1.224646799147E-16,-1.));
#7605 = DEFINITIONAL_REPRESENTATION('',(#7606),#7609);
#7606 = B_SPLINE_CURVE_WITH_KNOTS('',1,(#7607,#7608),.UNSPECIFIED.,.F.,
  .F.,(2,2),(0.20539538919,1.570796326795),.PIECEWISE_BEZIER_KNOTS.);
#7607 = CARTESIAN_POINT('',(0.,0.20539538919));
#7608 = CARTESIAN_POINT('',(0.,1.570796326795));
#7609 = ( GEOMETRIC_REPRESENTATION_CONTEXT(2) 
PARAMETRIC_REPRESENTATION_CONTEXT() REPRESENTATION_CONTEXT('2D SPACE',''
  ) );
#7610 = ORIENTED_EDGE('',*,*,#7611,.F.);
#7611 = EDGE_CURVE('',#7548,#7585,#7612,.T.);
#7612 = SURFACE_CURVE('',#7613,(#7618,#7625),.PCURVE_S1.);
#7613 = CIRCLE('',#7614,495.3635239918);
#7614 = AXIS2_PLACEMENT_3D('',#7615,#7616,#7617);
#7615 = CARTESIAN_POINT('',(0.,0.,0.));
#7616 = DIRECTION('',(1.,0.,-2.22044604925E-16));
#7617 = DIRECTION('',(-2.22044604925E-16,-1.224646799147E-16,-1.));
#7618 = PCURVE('',#7309,#7619);
#7619 = DEFINITIONAL_REPRESENTATION('',(#7620),#7624);
#7620 = LINE('',#7621,#7622);
#7621 = CARTESIAN_POINT('',(-0.,1.570796326795));
#7622 = VECTOR('',#7623,1.);
#7623 = DIRECTION('',(-1.,0.));
#7624 = ( GEOMETRIC_REPRESENTATION_CONTEXT(2) 
PARAMETRIC_REPRESENTATION_CONTEXT() REPRESENTATION_CONTEXT('2D SPACE',''
  ) );
#7625 = PCURVE('',#7626,#7631);
#7626 = PLANE('',#7627);
#7627 = AXIS2_PLACEMENT_3D('',#7628,#7629,#7630);
#7628 = CARTESIAN_POINT('',(0.,0.,0.));
#7629 = DIRECTION('',(1.,0.,-2.22044604925E-16));
#7630 = DIRECTION('',(-2.22044604925E-16,0.,-1.));
#7631 = DEFINITIONAL_REPRESENTATION('',(#7632),#7636);
#7632 = CIRCLE('',#7633,495.3635239918);
#7633 = AXIS2_PLACEMENT_2D('',#7634,#7635);
#7634 = CARTESIAN_POINT('',(0.,0.));
#7635 = DIRECTION('',(1.,-1.224646799147E-16));
#7636 = ( GEOMETRIC_REPRESENTATION_CONTEXT(2) 
PARAMETRIC_REPRESENTATION_CONTEXT() REPRESENTATION_CONTEXT('2D SPACE',''
  ) );
#7637 = ADVANCED_FACE('',(#7638),#7451,.T.);
#7638 = FACE_BOUND('',#7639,.T.);
#7639 = EDGE_LOOP('',(#7640,#7641,#7664,#7779,#7824,#7853,#7903,#7953,
    #7954,#8074,#8118,#8140));
#7640 = ORIENTED_EDGE('',*,*,#7349,.F.);
#7641 = ORIENTED_EDGE('',*,*,#7642,.T.);
#7642 = EDGE_CURVE('',#7322,#7643,#7645,.T.);
#7643 = VERTEX_POINT('',#7644);
#7644 = CARTESIAN_POINT('',(915.51192986445,-1.716297549501E-13,
    -700.731652055));
#7645 = SEAM_CURVE('',#7646,(#7650,#7657),.PCURVE_S1.);
#7646 = LINE('',#7647,#7648);
#7647 = CARTESIAN_POINT('',(-1.132427485118E-13,-1.24913973513E-13,-510.
    ));
#7648 = VECTOR('',#7649,1.);
#7649 = DIRECTION('',(0.978980419738,-4.995438489415E-17,-0.203954254112
    ));
#7650 = PCURVE('',#7451,#7651);
#7651 = DEFINITIONAL_REPRESENTATION('',(#7652),#7656);
#7652 = LINE('',#7653,#7654);
#7653 = CARTESIAN_POINT('',(0.,-0.));
#7654 = VECTOR('',#7655,1.);
#7655 = DIRECTION('',(0.,1.));
#7656 = ( GEOMETRIC_REPRESENTATION_CONTEXT(2) 
PARAMETRIC_REPRESENTATION_CONTEXT() REPRESENTATION_CONTEXT('2D SPACE',''
  ) );
#7657 = PCURVE('',#7451,#7658);
#7658 = DEFINITIONAL_REPRESENTATION('',(#7659),#7663);
#7659 = LINE('',#7660,#7661);
#7660 = CARTESIAN_POINT('',(6.28318530718,-0.));
#7661 = VECTOR('',#7662,1.);
#7662 = DIRECTION('',(0.,1.));
#7663 = ( GEOMETRIC_REPRESENTATION_CONTEXT(2) 
PARAMETRIC_REPRESENTATION_CONTEXT() REPRESENTATION_CONTEXT('2D SPACE',''
  ) );
#7664 = ORIENTED_EDGE('',*,*,#7665,.F.);
#7665 = EDGE_CURVE('',#7666,#7643,#7668,.T.);
#7666 = VERTEX_POINT('',#7667);
#7667 = CARTESIAN_POINT('',(1.058119225954E+03,117.16449644701,
    720.98354603708));
#7668 = SURFACE_CURVE('',#7669,(#7708,#7741),.PCURVE_S1.);
#7669 = B_SPLINE_CURVE_WITH_KNOTS('',10,(#7670,#7671,#7672,#7673,#7674,
    #7675,#7676,#7677,#7678,#7679,#7680,#7681,#7682,#7683,#7684,#7685,
    #7686,#7687,#7688,#7689,#7690,#7691,#7692,#7693,#7694,#7695,#7696,
    #7697,#7698,#7699,#7700,#7701,#7702,#7703,#7704,#7705,#7706,#7707),
  .UNSPECIFIED.,.F.,.F.,(11,9,9,9,11),(-94.45238762923,-14.40317648428,
    0.,1.32574052869E+03,2.651481057379E+03),.UNSPECIFIED.);
#7670 = CARTESIAN_POINT('',(1.157040349467E+03,198.3340809687,
    726.97897087848));
#7671 = CARTESIAN_POINT('',(1.149319449093E+03,191.9989120786,
    726.52739706766));
#7672 = CARTESIAN_POINT('',(1.141602296592E+03,185.66681840064,
    726.07604245946));
#7673 = CARTESIAN_POINT('',(1.133888891963E+03,179.33779993481,
    725.62490705388));
#7674 = CARTESIAN_POINT('',(1.126179235207E+03,173.01185668113,
    725.17399085092));
#7675 = CARTESIAN_POINT('',(1.118473326324E+03,166.68898863958,
    724.72329385058));
#7676 = CARTESIAN_POINT('',(1.110771165314E+03,160.36919581017,
    724.27281605286));
#7677 = CARTESIAN_POINT('',(1.103072752176E+03,154.0524781929,
    723.82255745777));
#7678 = CARTESIAN_POINT('',(1.095378086911E+03,147.73883578776,
    723.3725180653));
#7679 = CARTESIAN_POINT('',(1.087687169519E+03,141.42826859477,
    722.92269787544));
#7680 = CARTESIAN_POINT('',(1.078616855086E+03,133.98587573389,
    722.3922006211));
#7681 = CARTESIAN_POINT('',(1.0772339138E+03,132.85111879143,
    722.30945734646));
#7682 = CARTESIAN_POINT('',(1.075851180394E+03,131.71650925316,
    722.22486734929));
#7683 = CARTESIAN_POINT('',(1.074468659119E+03,130.58205058514,
    722.1384309118));
#7684 = CARTESIAN_POINT('',(1.073086354231E+03,129.44774625444,
    722.05014832142));
#7685 = CARTESIAN_POINT('',(1.071704269975E+03,128.31359972672,
    721.96001985817));
#7686 = CARTESIAN_POINT('',(1.070322410611E+03,127.17961446919,
    721.86804581024));
#7687 = CARTESIAN_POINT('',(1.068940780385E+03,126.04579394772,
    721.7742264588));
#7688 = CARTESIAN_POINT('',(1.067559383553E+03,124.91214162908,
    721.67856208966));
#7689 = CARTESIAN_POINT('',(939.04941261121,19.44742285697,
    712.60582656337));
#7690 = CARTESIAN_POINT('',(813.93424911745,-83.42917633409,688.00181624
    ));
#7691 = CARTESIAN_POINT('',(694.2952682138,-182.0263726027,648.017874204
    ));
#7692 = CARTESIAN_POINT('',(583.45940934798,-273.6063071388,
    593.4466479657));
#7693 = CARTESIAN_POINT('',(484.49791787044,-355.6046992996,
    525.5683622224));
#7694 = CARTESIAN_POINT('',(400.08974674909,-425.743531106,
    446.15032291252));
#7695 = CARTESIAN_POINT('',(332.42015069462,-482.1022106356,
    357.34163958253));
#7696 = CARTESIAN_POINT('',(283.0778266334,-523.2530381562,
    261.69687364637));
#7697 = CARTESIAN_POINT('',(252.98233888358,-548.364825905,
    161.94147870009));
#7698 = CARTESIAN_POINT('',(231.83433262113,-566.0129798064,
    -40.24146583378));
#7699 = CARTESIAN_POINT('',(240.78171294292,-558.5494447468,
    -142.6693669409));
#7700 = CARTESIAN_POINT('',(269.52430072994,-534.5504157185,
    -243.6558793349));
#7701 = CARTESIAN_POINT('',(317.68193740537,-494.3589543709,
    -340.3937086231));
#7702 = CARTESIAN_POINT('',(384.24346312784,-438.8972406816,
    -430.1094276134));
#7703 = CARTESIAN_POINT('',(467.47214010262,-369.7320991518,
    -510.3149286603));
#7704 = CARTESIAN_POINT('',(565.12375762172,-288.8137776625,
    -578.9205055218));
#7705 = CARTESIAN_POINT('',(674.44497532907,-198.4781385471,
    -634.2389856637));
#7706 = CARTESIAN_POINT('',(792.34767046923,-101.2964632622,
    -675.0724313477));
#7707 = CARTESIAN_POINT('',(915.51192986445,-1.716297549501E-13,
    -700.731652055));
#7708 = PCURVE('',#7451,#7709);
#7709 = DEFINITIONAL_REPRESENTATION('',(#7710),#7740);
#7710 = B_SPLINE_CURVE_WITH_KNOTS('',10,(#7711,#7712,#7713,#7714,#7715,
    #7716,#7717,#7718,#7719,#7720,#7721,#7722,#7723,#7724,#7725,#7726,
    #7727,#7728,#7729,#7730,#7731,#7732,#7733,#7734,#7735,#7736,#7737,
    #7738,#7739),.UNSPECIFIED.,.F.,.F.,(11,9,9,11),(-14.40317648428,0.,
    1.32574052869E+03,2.651481057379E+03),.UNSPECIFIED.);
#7711 = CARTESIAN_POINT('',(2.956703282424,1.08E+03));
#7712 = CARTESIAN_POINT('',(2.958200815094,1.078616855086E+03));
#7713 = CARTESIAN_POINT('',(2.959698997991,1.0772339138E+03));
#7714 = CARTESIAN_POINT('',(2.961197831835,1.075851180395E+03));
#7715 = CARTESIAN_POINT('',(2.962697317336,1.074468659119E+03));
#7716 = CARTESIAN_POINT('',(2.964197455224,1.073086354231E+03));
#7717 = CARTESIAN_POINT('',(2.965698246202,1.071704269975E+03));
#7718 = CARTESIAN_POINT('',(2.967199691001,1.070322410611E+03));
#7719 = CARTESIAN_POINT('',(2.968701790329,1.068940780385E+03));
#7720 = CARTESIAN_POINT('',(2.970204544909,1.067559383553E+03));
#7721 = CARTESIAN_POINT('',(3.110089394911,939.0494126112));
#7722 = CARTESIAN_POINT('',(3.254027874221,813.93424911749));
#7723 = CARTESIAN_POINT('',(3.403916358692,694.29526821371));
#7724 = CARTESIAN_POINT('',(3.560034136567,583.45940934813));
#7725 = CARTESIAN_POINT('',(3.722451386754,484.49791787027));
#7726 = CARTESIAN_POINT('',(3.89088503221,400.08974674923));
#7727 = CARTESIAN_POINT('',(4.064638499576,332.42015069454));
#7728 = CARTESIAN_POINT('',(4.242402808806,283.07782663343));
#7729 = CARTESIAN_POINT('',(4.422609110415,252.98233888357));
#7730 = CARTESIAN_POINT('',(4.784613146854,231.83433262113));
#7731 = CARTESIAN_POINT('',(4.966411468564,240.78171294291));
#7732 = CARTESIAN_POINT('',(5.147354772812,269.52430072995));
#7733 = CARTESIAN_POINT('',(5.325746815711,317.68193740535));
#7734 = CARTESIAN_POINT('',(5.499939006242,384.24346312788));
#7735 = CARTESIAN_POINT('',(5.668751217536,467.47214010257));
#7736 = CARTESIAN_POINT('',(5.831579678952,565.12375762176));
#7737 = CARTESIAN_POINT('',(5.98817795123,674.44497532905));
#7738 = CARTESIAN_POINT('',(6.138627168604,792.34767046924));
#7739 = CARTESIAN_POINT('',(6.28318530718,915.51192986445));
#7740 = ( GEOMETRIC_REPRESENTATION_CONTEXT(2) 
PARAMETRIC_REPRESENTATION_CONTEXT() REPRESENTATION_CONTEXT('2D SPACE',''
  ) );
#7741 = PCURVE('',#7742,#7747);
#7742 = CONICAL_SURFACE('',#7743,510.,0.20539538919);
#7743 = AXIS2_PLACEMENT_3D('',#7744,#7745,#7746);
#7744 = CARTESIAN_POINT('',(0.,0.,0.));
#7745 = DIRECTION('',(1.,0.,-2.22044604925E-16));
#7746 = DIRECTION('',(-2.22044604925E-16,0.,-1.));
#7747 = DEFINITIONAL_REPRESENTATION('',(#7748),#7778);
#7748 = B_SPLINE_CURVE_WITH_KNOTS('',10,(#7749,#7750,#7751,#7752,#7753,
    #7754,#7755,#7756,#7757,#7758,#7759,#7760,#7761,#7762,#7763,#7764,
    #7765,#7766,#7767,#7768,#7769,#7770,#7771,#7772,#7773,#7774,#7775,
    #7776,#7777),.UNSPECIFIED.,.F.,.F.,(11,9,9,11),(-14.40317648428,0.,
    1.32574052869E+03,2.651481057379E+03),.UNSPECIFIED.);
#7749 = CARTESIAN_POINT('',(2.956703282424,1.08E+03));
#7750 = CARTESIAN_POINT('',(2.958200815094,1.078616855086E+03));
#7751 = CARTESIAN_POINT('',(2.959698997991,1.0772339138E+03));
#7752 = CARTESIAN_POINT('',(2.961197831835,1.075851180395E+03));
#7753 = CARTESIAN_POINT('',(2.962697317336,1.074468659119E+03));
#7754 = CARTESIAN_POINT('',(2.964197455224,1.073086354231E+03));
#7755 = CARTESIAN_POINT('',(2.965698246202,1.071704269975E+03));
#7756 = CARTESIAN_POINT('',(2.967199691001,1.070322410611E+03));
#7757 = CARTESIAN_POINT('',(2.968701790329,1.068940780385E+03));
#7758 = CARTESIAN_POINT('',(2.970204544909,1.067559383553E+03));
#7759 = CARTESIAN_POINT('',(3.110089394911,939.0494126112));
#7760 = CARTESIAN_POINT('',(3.254027874221,813.93424911749));
#7761 = CARTESIAN_POINT('',(3.403916358692,694.29526821371));
#7762 = CARTESIAN_POINT('',(3.560034136567,583.45940934813));
#7763 = CARTESIAN_POINT('',(3.722451386754,484.49791787027));
#7764 = CARTESIAN_POINT('',(3.89088503221,400.08974674923));
#7765 = CARTESIAN_POINT('',(4.064638499576,332.42015069454));
#7766 = CARTESIAN_POINT('',(4.242402808806,283.07782663343));
#7767 = CARTESIAN_POINT('',(4.422609110415,252.98233888357));
#7768 = CARTESIAN_POINT('',(4.784613146854,231.83433262113));
#7769 = CARTESIAN_POINT('',(4.966411468564,240.78171294291));
#7770 = CARTESIAN_POINT('',(5.147354772812,269.52430072995));
#7771 = CARTESIAN_POINT('',(5.325746815711,317.68193740535));
#7772 = CARTESIAN_POINT('',(5.499939006242,384.24346312788));
#7773 = CARTESIAN_POINT('',(5.668751217536,467.47214010257));
#7774 = CARTESIAN_POINT('',(5.831579678952,565.12375762176));
#7775 = CARTESIAN_POINT('',(5.98817795123,674.44497532905));
#7776 = CARTESIAN_POINT('',(6.138627168604,792.34767046924));
#7777 = CARTESIAN_POINT('',(6.28318530718,915.51192986445));
#7778 = ( GEOMETRIC_REPRESENTATION_CONTEXT(2) 
PARAMETRIC_REPRESENTATION_CONTEXT() REPRESENTATION_CONTEXT('2D SPACE',''
  ) );
#7779 = ORIENTED_EDGE('',*,*,#7780,.F.);
#7780 = EDGE_CURVE('',#7781,#7666,#7783,.T.);
#7781 = VERTEX_POINT('',#7782);
#7782 = CARTESIAN_POINT('',(1.058328823426E+03,117.33586534642,
    720.99991716613));
#7783 = SURFACE_CURVE('',#7784,(#7796,#7810),.PCURVE_S1.);
#7784 = B_SPLINE_CURVE_WITH_KNOTS('',10,(#7785,#7786,#7787,#7788,#7789,
    #7790,#7791,#7792,#7793,#7794,#7795),.UNSPECIFIED.,.F.,.F.,(11,11),(
    0.,1.),.PIECEWISE_BEZIER_KNOTS.);
#7785 = CARTESIAN_POINT('',(1.058328823426E+03,117.33586534642,
    720.99991716613));
#7786 = CARTESIAN_POINT('',(1.058328823427E+03,117.30789751149,
    721.00446866491));
#7787 = CARTESIAN_POINT('',(1.05832155129E+03,117.2799409871,
    721.00748228326));
#7788 = CARTESIAN_POINT('',(1.058287088193E+03,117.24989736163,
    721.00509367712));
#7789 = CARTESIAN_POINT('',(1.058259125287E+03,117.26839431419,
    720.99618242211));
#7790 = CARTESIAN_POINT('',(1.058247029233E+03,117.22301684558,
    721.00101082164));
#7791 = CARTESIAN_POINT('',(1.058206858501E+03,117.235405411,
    720.99051501453));
#7792 = CARTESIAN_POINT('',(1.058191309377E+03,117.21036950566,
    720.99130520551));
#7793 = CARTESIAN_POINT('',(1.05816348291E+03,117.19915300684,
    720.98725466163));
#7794 = CARTESIAN_POINT('',(1.058141124822E+03,117.18247022657,
    720.98524729371));
#7795 = CARTESIAN_POINT('',(1.058119225954E+03,117.16449644701,
    720.98354603708));
#7796 = PCURVE('',#7451,#7797);
#7797 = DEFINITIONAL_REPRESENTATION('',(#7798),#7809);
#7798 = B_SPLINE_CURVE_WITH_KNOTS('',9,(#7799,#7800,#7801,#7802,#7803,
    #7804,#7805,#7806,#7807,#7808),.UNSPECIFIED.,.F.,.F.,(10,10),(0.,1.)
  ,.PIECEWISE_BEZIER_KNOTS.);
#7799 = CARTESIAN_POINT('',(2.980266474581,1.058328823426E+03));
#7800 = CARTESIAN_POINT('',(2.980309574964,1.058328823426E+03));
#7801 = CARTESIAN_POINT('',(2.980354313491,1.058320400097E+03));
#7802 = CARTESIAN_POINT('',(2.980384852599,1.058269437251E+03));
#7803 = CARTESIAN_POINT('',(2.980368530086,1.05826050476E+03));
#7804 = CARTESIAN_POINT('',(2.98042187914,1.058221161915E+03));
#7805 = CARTESIAN_POINT('',(2.980415925559,1.058197556314E+03));
#7806 = CARTESIAN_POINT('',(2.980446129035,1.05816911085E+03));
#7807 = CARTESIAN_POINT('',(2.980467866338,1.058143558034E+03));
#7808 = CARTESIAN_POINT('',(2.980494438028,1.058119225954E+03));
#7809 = ( GEOMETRIC_REPRESENTATION_CONTEXT(2) 
PARAMETRIC_REPRESENTATION_CONTEXT() REPRESENTATION_CONTEXT('2D SPACE',''
  ) );
#7810 = PCURVE('',#7742,#7811);
#7811 = DEFINITIONAL_REPRESENTATION('',(#7812),#7823);
#7812 = B_SPLINE_CURVE_WITH_KNOTS('',9,(#7813,#7814,#7815,#7816,#7817,
    #7818,#7819,#7820,#7821,#7822),.UNSPECIFIED.,.F.,.F.,(10,10),(0.,1.)
  ,.PIECEWISE_BEZIER_KNOTS.);
#7813 = CARTESIAN_POINT('',(2.980266474581,1.058328823426E+03));
#7814 = CARTESIAN_POINT('',(2.980309574964,1.058328823426E+03));
#7815 = CARTESIAN_POINT('',(2.980354313491,1.058320400097E+03));
#7816 = CARTESIAN_POINT('',(2.980384852599,1.058269437251E+03));
#7817 = CARTESIAN_POINT('',(2.980368530086,1.05826050476E+03));
#7818 = CARTESIAN_POINT('',(2.98042187914,1.058221161915E+03));
#7819 = CARTESIAN_POINT('',(2.980415925559,1.058197556314E+03));
#7820 = CARTESIAN_POINT('',(2.980446129035,1.05816911085E+03));
#7821 = CARTESIAN_POINT('',(2.980467866338,1.058143558034E+03));
#7822 = CARTESIAN_POINT('',(2.980494438028,1.058119225954E+03));
#7823 = ( GEOMETRIC_REPRESENTATION_CONTEXT(2) 
PARAMETRIC_REPRESENTATION_CONTEXT() REPRESENTATION_CONTEXT('2D SPACE',''
  ) );
#7824 = ORIENTED_EDGE('',*,*,#7825,.F.);
#7825 = EDGE_CURVE('',#7826,#7781,#7828,.T.);
#7826 = VERTEX_POINT('',#7827);
#7827 = CARTESIAN_POINT('',(1.058328823426E+03,117.33586534642,
    -720.9999171661));
#7828 = SURFACE_CURVE('',#7829,(#7834,#7841),.PCURVE_S1.);
#7829 = CIRCLE('',#7830,730.48517154708);
#7830 = AXIS2_PLACEMENT_3D('',#7831,#7832,#7833);
#7831 = CARTESIAN_POINT('',(1.058328823426E+03,0.,-2.349962054784E-13));
#7832 = DIRECTION('',(1.,0.,-2.22044604925E-16));
#7833 = DIRECTION('',(-2.22044604925E-16,-1.224646799147E-16,-1.));
#7834 = PCURVE('',#7451,#7835);
#7835 = DEFINITIONAL_REPRESENTATION('',(#7836),#7840);
#7836 = LINE('',#7837,#7838);
#7837 = CARTESIAN_POINT('',(0.,1.058328823426E+03));
#7838 = VECTOR('',#7839,1.);
#7839 = DIRECTION('',(1.,0.));
#7840 = ( GEOMETRIC_REPRESENTATION_CONTEXT(2) 
PARAMETRIC_REPRESENTATION_CONTEXT() REPRESENTATION_CONTEXT('2D SPACE',''
  ) );
#7841 = PCURVE('',#7842,#7847);
#7842 = TOROIDAL_SURFACE('',#7843,712.8635239918,18.);
#7843 = AXIS2_PLACEMENT_3D('',#7844,#7845,#7846);
#7844 = CARTESIAN_POINT('',(1.062E+03,0.,-2.358113704304E-13));
#7845 = DIRECTION('',(1.,0.,-2.22044604925E-16));
#7846 = DIRECTION('',(-2.22044604925E-16,-1.224646799147E-16,-1.));
#7847 = DEFINITIONAL_REPRESENTATION('',(#7848),#7852);
#7848 = LINE('',#7849,#7850);
#7849 = CARTESIAN_POINT('',(0.,6.07778991799));
#7850 = VECTOR('',#7851,1.);
#7851 = DIRECTION('',(1.,0.));
#7852 = ( GEOMETRIC_REPRESENTATION_CONTEXT(2) 
PARAMETRIC_REPRESENTATION_CONTEXT() REPRESENTATION_CONTEXT('2D SPACE',''
  ) );
#7853 = ORIENTED_EDGE('',*,*,#7854,.T.);
#7854 = EDGE_CURVE('',#7826,#7855,#7857,.T.);
#7855 = VERTEX_POINT('',#7856);
#7856 = CARTESIAN_POINT('',(1.058119225215E+03,117.1644957881,
    -720.983545939));
#7857 = SURFACE_CURVE('',#7858,(#7870,#7884),.PCURVE_S1.);
#7858 = B_SPLINE_CURVE_WITH_KNOTS('',10,(#7859,#7860,#7861,#7862,#7863,
    #7864,#7865,#7866,#7867,#7868,#7869),.UNSPECIFIED.,.F.,.F.,(11,11),(
    0.,1.),.PIECEWISE_BEZIER_KNOTS.);
#7859 = CARTESIAN_POINT('',(1.058328823426E+03,117.33586534642,
    -720.9999171661));
#7860 = CARTESIAN_POINT('',(1.058328823426E+03,117.30789741345,
    -721.0044686806));
#7861 = CARTESIAN_POINT('',(1.058321551261E+03,117.27994080409,
    -721.0074822969));
#7862 = CARTESIAN_POINT('',(1.058287088101E+03,117.24989706042,
    -721.0050936919));
#7863 = CARTESIAN_POINT('',(1.058259125028E+03,117.26839400828,
    -720.9961823973));
#7864 = CARTESIAN_POINT('',(1.058247028984E+03,117.2230164484,
    -721.0010108087));
#7865 = CARTESIAN_POINT('',(1.05820685808E+03,117.23540497096,
    -720.9905149677));
#7866 = CARTESIAN_POINT('',(1.058191308909E+03,117.21036900919,
    -720.9913051528));
#7867 = CARTESIAN_POINT('',(1.05816348234E+03,117.19915245334,
    -720.9872545916));
#7868 = CARTESIAN_POINT('',(1.058141124168E+03,117.18246962777,
    -720.9852472036));
#7869 = CARTESIAN_POINT('',(1.058119225215E+03,117.1644957881,
    -720.983545939));
#7870 = PCURVE('',#7451,#7871);
#7871 = DEFINITIONAL_REPRESENTATION('',(#7872),#7883);
#7872 = B_SPLINE_CURVE_WITH_KNOTS('',9,(#7873,#7874,#7875,#7876,#7877,
    #7878,#7879,#7880,#7881,#7882),.UNSPECIFIED.,.F.,.F.,(10,10),(0.,1.)
  ,.PIECEWISE_BEZIER_KNOTS.);
#7873 = CARTESIAN_POINT('',(0.161326179008,1.058328823426E+03));
#7874 = CARTESIAN_POINT('',(0.161283078475,1.058328823426E+03));
#7875 = CARTESIAN_POINT('',(0.161238339765,1.058320399991E+03));
#7876 = CARTESIAN_POINT('',(0.161207800755,1.058269437536E+03));
#7877 = CARTESIAN_POINT('',(0.16122412235,1.058260503653E+03));
#7878 = CARTESIAN_POINT('',(0.161170774736,1.058221162626E+03));
#7879 = CARTESIAN_POINT('',(0.161176726602,1.058197555096E+03));
#7880 = CARTESIAN_POINT('',(0.161146524093,1.058169110643E+03));
#7881 = CARTESIAN_POINT('',(0.161124786359,1.058143557384E+03));
#7882 = CARTESIAN_POINT('',(0.161098214572,1.058119225215E+03));
#7883 = ( GEOMETRIC_REPRESENTATION_CONTEXT(2) 
PARAMETRIC_REPRESENTATION_CONTEXT() REPRESENTATION_CONTEXT('2D SPACE',''
  ) );
#7884 = PCURVE('',#7885,#7890);
#7885 = CONICAL_SURFACE('',#7886,510.,0.20539538919);
#7886 = AXIS2_PLACEMENT_3D('',#7887,#7888,#7889);
#7887 = CARTESIAN_POINT('',(0.,0.,0.));
#7888 = DIRECTION('',(1.,0.,-2.22044604925E-16));
#7889 = DIRECTION('',(-2.22044604925E-16,0.,-1.));
#7890 = DEFINITIONAL_REPRESENTATION('',(#7891),#7902);
#7891 = B_SPLINE_CURVE_WITH_KNOTS('',9,(#7892,#7893,#7894,#7895,#7896,
    #7897,#7898,#7899,#7900,#7901),.UNSPECIFIED.,.F.,.F.,(10,10),(0.,1.)
  ,.PIECEWISE_BEZIER_KNOTS.);
#7892 = CARTESIAN_POINT('',(0.161326179008,1.058328823426E+03));
#7893 = CARTESIAN_POINT('',(0.161283078475,1.058328823426E+03));
#7894 = CARTESIAN_POINT('',(0.161238339765,1.058320399991E+03));
#7895 = CARTESIAN_POINT('',(0.161207800755,1.058269437536E+03));
#7896 = CARTESIAN_POINT('',(0.16122412235,1.058260503653E+03));
#7897 = CARTESIAN_POINT('',(0.161170774736,1.058221162626E+03));
#7898 = CARTESIAN_POINT('',(0.161176726602,1.058197555096E+03));
#7899 = CARTESIAN_POINT('',(0.161146524093,1.058169110643E+03));
#7900 = CARTESIAN_POINT('',(0.161124786359,1.058143557384E+03));
#7901 = CARTESIAN_POINT('',(0.161098214572,1.058119225215E+03));
#7902 = ( GEOMETRIC_REPRESENTATION_CONTEXT(2) 
PARAMETRIC_REPRESENTATION_CONTEXT() REPRESENTATION_CONTEXT('2D SPACE',''
  ) );
#7903 = ORIENTED_EDGE('',*,*,#7904,.F.);
#7904 = EDGE_CURVE('',#7643,#7855,#7905,.T.);
#7905 = SURFACE_CURVE('',#7906,(#7925,#7939),.PCURVE_S1.);
#7906 = B_SPLINE_CURVE_WITH_KNOTS('',9,(#7907,#7908,#7909,#7910,#7911,
    #7912,#7913,#7914,#7915,#7916,#7917,#7918,#7919,#7920,#7921,#7922,
    #7923,#7924),.UNSPECIFIED.,.F.,.F.,(10,8,10),(2.651481057379E+03,
    2.825122922924E+03,2.905346184997E+03),.UNSPECIFIED.);
#7907 = CARTESIAN_POINT('',(915.51192986445,0.,-700.731652055));
#7908 = CARTESIAN_POINT('',(933.43606048928,14.741703869804,
    -704.4658459352));
#7909 = CARTESIAN_POINT('',(951.47316687219,29.571766180021,
    -707.874674808));
#7910 = CARTESIAN_POINT('',(969.61127001227,44.480332996676,
    -710.9556926714));
#7911 = CARTESIAN_POINT('',(987.84429630702,59.462421342642,
    -713.7078415163));
#7912 = CARTESIAN_POINT('',(1.006155632034E+03,74.504394195512,
    -716.12815617));
#7913 = CARTESIAN_POINT('',(1.024539151877E+03,89.60125646813,
    -718.2162474174));
#7914 = CARTESIAN_POINT('',(1.042981356209E+03,104.7419589907,
    -719.9702418373));
#7915 = CARTESIAN_POINT('',(1.061471943783E+03,119.91809820209,
    -721.3894428429));
#7916 = CARTESIAN_POINT('',(1.088560038819E+03,142.14447714882,
    -722.9737495414));
#7917 = CARTESIAN_POINT('',(1.097120077637E+03,149.16817764645,
    -723.4744022017));
#7918 = CARTESIAN_POINT('',(1.105680116456E+03,156.19187814409,
    -723.9750548619));
#7919 = CARTESIAN_POINT('',(1.114240155275E+03,163.21557864173,
    -724.4757075222));
#7920 = CARTESIAN_POINT('',(1.122800194094E+03,170.23927913936,
    -724.9763601824));
#7921 = CARTESIAN_POINT('',(1.131360232912E+03,177.262979637,
    -725.4770128427));
#7922 = CARTESIAN_POINT('',(1.139920271731E+03,184.28668013464,
    -725.9776655029));
#7923 = CARTESIAN_POINT('',(1.14848031055E+03,191.31038063228,
    -726.4783181632));
#7924 = CARTESIAN_POINT('',(1.157040349369E+03,198.33408112991,
    -726.9789708234));
#7925 = PCURVE('',#7451,#7926);
#7926 = DEFINITIONAL_REPRESENTATION('',(#7927),#7938);
#7927 = B_SPLINE_CURVE_WITH_KNOTS('',9,(#7928,#7929,#7930,#7931,#7932,
    #7933,#7934,#7935,#7936,#7937),.UNSPECIFIED.,.F.,.F.,(10,10),(
    2.651481057379E+03,2.802311751649E+03),.PIECEWISE_BEZIER_KNOTS.);
#7928 = CARTESIAN_POINT('',(2.775557561563E-17,915.51192986445));
#7929 = CARTESIAN_POINT('',(1.827389961546E-02,931.08138402713));
#7930 = CARTESIAN_POINT('',(3.645261312924E-02,946.73608094815));
#7931 = CARTESIAN_POINT('',(5.453568433843E-02,962.46816728338));
#7932 = CARTESIAN_POINT('',(7.252668768032E-02,978.27316146402));
#7933 = CARTESIAN_POINT('',(9.042369798144E-02,994.14178939498));
#7934 = CARTESIAN_POINT('',(0.108228710702,1.010068003221E+03));
#7935 = CARTESIAN_POINT('',(0.125942291168,1.02604448446E+03));
#7936 = CARTESIAN_POINT('',(0.143565152728,1.042063947435E+03));
#7937 = CARTESIAN_POINT('',(0.161098214572,1.058119225215E+03));
#7938 = ( GEOMETRIC_REPRESENTATION_CONTEXT(2) 
PARAMETRIC_REPRESENTATION_CONTEXT() REPRESENTATION_CONTEXT('2D SPACE',''
  ) );
#7939 = PCURVE('',#7885,#7940);
#7940 = DEFINITIONAL_REPRESENTATION('',(#7941),#7952);
#7941 = B_SPLINE_CURVE_WITH_KNOTS('',9,(#7942,#7943,#7944,#7945,#7946,
    #7947,#7948,#7949,#7950,#7951),.UNSPECIFIED.,.F.,.F.,(10,10),(
    2.651481057379E+03,2.802311751649E+03),.PIECEWISE_BEZIER_KNOTS.);
#7942 = CARTESIAN_POINT('',(2.775557561563E-17,915.51192986445));
#7943 = CARTESIAN_POINT('',(1.827389961546E-02,931.08138402713));
#7944 = CARTESIAN_POINT('',(3.645261312924E-02,946.73608094815));
#7945 = CARTESIAN_POINT('',(5.453568433843E-02,962.46816728338));
#7946 = CARTESIAN_POINT('',(7.252668768032E-02,978.27316146402));
#7947 = CARTESIAN_POINT('',(9.042369798144E-02,994.14178939498));
#7948 = CARTESIAN_POINT('',(0.108228710702,1.010068003221E+03));
#7949 = CARTESIAN_POINT('',(0.125942291168,1.02604448446E+03));
#7950 = CARTESIAN_POINT('',(0.143565152728,1.042063947435E+03));
#7951 = CARTESIAN_POINT('',(0.161098214572,1.058119225215E+03));
#7952 = ( GEOMETRIC_REPRESENTATION_CONTEXT(2) 
PARAMETRIC_REPRESENTATION_CONTEXT() REPRESENTATION_CONTEXT('2D SPACE',''
  ) );
#7953 = ORIENTED_EDGE('',*,*,#7642,.F.);
#7954 = ORIENTED_EDGE('',*,*,#7955,.F.);
#7955 = EDGE_CURVE('',#7956,#7322,#7958,.T.);
#7956 = VERTEX_POINT('',#7957);
#7957 = CARTESIAN_POINT('',(14.50425132431,-265.7850238164,
    438.80474590045));
#7958 = SURFACE_CURVE('',#7959,(#8002,#8038),.PCURVE_S1.);
#7959 = B_SPLINE_CURVE_WITH_KNOTS('',11,(#7960,#7961,#7962,#7963,#7964,
    #7965,#7966,#7967,#7968,#7969,#7970,#7971,#7972,#7973,#7974,#7975,
    #7976,#7977,#7978,#7979,#7980,#7981,#7982,#7983,#7984,#7985,#7986,
    #7987,#7988,#7989,#7990,#7991,#7992,#7993,#7994,#7995,#7996,#7997,
    #7998,#7999,#8000,#8001),.UNSPECIFIED.,.F.,.F.,(12,10,10,10,12),(
    -142.1304441136,-33.90433414425,0.,1.304267533396E+03,
    2.608535066791E+03),.UNSPECIFIED.);
#7960 = CARTESIAN_POINT('',(-54.11559301155,-355.6734629876,
    361.77509267997));
#7961 = CARTESIAN_POINT('',(-49.15245373301,-349.1716915128,
    367.39790160186));
#7962 = CARTESIAN_POINT('',(-44.19802243725,-342.681327599,
    373.01084513001));
#7963 = CARTESIAN_POINT('',(-39.25229912426,-336.2023712461,
    378.61392326441));
#7964 = CARTESIAN_POINT('',(-34.31528379403,-329.7348224543,
    384.20713600507));
#7965 = CARTESIAN_POINT('',(-29.38697644658,-323.2786812234,
    389.79048335198));
#7966 = CARTESIAN_POINT('',(-24.46737708189,-316.8339475536,
    395.36396530515));
#7967 = CARTESIAN_POINT('',(-19.55648569998,-310.4006214446,
    400.92758186458));
#7968 = CARTESIAN_POINT('',(-14.65430230083,-303.9787028967,
    406.48133303026));
#7969 = CARTESIAN_POINT('',(-9.760826884452,-297.5681919098,
    412.02521880219));
#7970 = CARTESIAN_POINT('',(-4.876059450842,-291.1690884838,
    417.55923918038));
#7971 = CARTESIAN_POINT('',(1.527538493024,-282.7802990281,
    424.81396358574));
#7972 = CARTESIAN_POINT('',(3.062196773301,-280.7699859287,
    426.53459333765));
#7973 = CARTESIAN_POINT('',(4.603956146767,-278.750479162,
    428.24525322882));
#7974 = CARTESIAN_POINT('',(6.152794854879,-276.7218085807,
    429.94590982825));
#7975 = CARTESIAN_POINT('',(7.708688072374,-274.6840080505,
    431.63652646474));
#7976 = CARTESIAN_POINT('',(9.271607910914,-272.6371154475,
    433.31706322865));
#7977 = CARTESIAN_POINT('',(10.841523414402,-270.5811726615,
    434.9874769694));
#7978 = CARTESIAN_POINT('',(12.418400563813,-268.5162255929,
    436.64772129822));
#7979 = CARTESIAN_POINT('',(14.002202273162,-266.4423241549,
    438.29774658579));
#7980 = CARTESIAN_POINT('',(15.592888392224,-264.3595222725,
    439.93749996381));
#7981 = CARTESIAN_POINT('',(78.645774155777,-181.8043047648,
    504.24937136816));
#7982 = CARTESIAN_POINT('',(150.22505857703,-88.25515626491,
    551.64921551607));
#7983 = CARTESIAN_POINT('',(229.24398060854,14.787706739822,
    580.41671108127));
#7984 = CARTESIAN_POINT('',(312.23113593591,122.73755253031,
    588.40120184616));
#7985 = CARTESIAN_POINT('',(395.44125683472,230.71807630707,
    574.95580842415));
#7986 = CARTESIAN_POINT('',(475.13373989864,333.92549397685,
    540.50122912763));
#7987 = CARTESIAN_POINT('',(547.73101752788,427.79342310375,
    486.68502071261));
#7988 = CARTESIAN_POINT('',(610.11500261146,508.36247378997,
    416.11627907918));
#7989 = CARTESIAN_POINT('',(659.78952869915,572.46868073038,
    332.26062676284));
#7990 = CARTESIAN_POINT('',(695.0469968584,617.95072065862,
    239.12449451537));
#7991 = CARTESIAN_POINT('',(734.98250099036,669.45802744515,
    42.831625887186));
#7992 = CARTESIAN_POINT('',(739.66066609081,675.48346512371,
    -60.32516528286));
#7993 = CARTESIAN_POINT('',(728.17641005707,660.6762759708,
    -164.2228952957));
#7994 = CARTESIAN_POINT('',(700.49749171022,624.99666393052,
    -264.3301713506));
#7995 = CARTESIAN_POINT('',(657.47939971386,569.52581084049,
    -356.1546084482));
#7996 = CARTESIAN_POINT('',(600.85689342364,496.4562709297,
    -435.5240172559));
#7997 = CARTESIAN_POINT('',(533.13823199221,408.96306261062,
    -498.9070571129));
#7998 = CARTESIAN_POINT('',(457.42973566727,310.98906162931,
    -543.6409783813));
#7999 = CARTESIAN_POINT('',(377.23860496449,207.01034557535,
    -568.0697628598));
#8000 = CARTESIAN_POINT('',(296.26411762297,101.79470201811,
    -571.7216911714));
#8001 = CARTESIAN_POINT('',(218.08242029425,0.,-555.4338375613));
#8002 = PCURVE('',#7451,#8003);
#8003 = DEFINITIONAL_REPRESENTATION('',(#8004),#8037);
#8004 = B_SPLINE_CURVE_WITH_KNOTS('',11,(#8005,#8006,#8007,#8008,#8009,
    #8010,#8011,#8012,#8013,#8014,#8015,#8016,#8017,#8018,#8019,#8020,
    #8021,#8022,#8023,#8024,#8025,#8026,#8027,#8028,#8029,#8030,#8031,
    #8032,#8033,#8034,#8035,#8036),.UNSPECIFIED.,.F.,.F.,(12,10,10,12),(
    -33.90433414425,0.,1.304267533396E+03,2.608535066791E+03),
  .UNSPECIFIED.);
#8005 = CARTESIAN_POINT('',(3.734042330202,3.39252037174E-14));
#8006 = CARTESIAN_POINT('',(3.728892528441,1.527538493033));
#8007 = CARTESIAN_POINT('',(3.723745682086,3.062196773265));
#8008 = CARTESIAN_POINT('',(3.718601731347,4.603956146856));
#8009 = CARTESIAN_POINT('',(3.713460626187,6.152794854731));
#8010 = CARTESIAN_POINT('',(3.708322326343,7.708688072551));
#8011 = CARTESIAN_POINT('',(3.703186801299,9.271607910757));
#8012 = CARTESIAN_POINT('',(3.698054030315,10.841523414509));
#8013 = CARTESIAN_POINT('',(3.692924002401,12.418400563759));
#8014 = CARTESIAN_POINT('',(3.687796716337,14.00220227318));
#8015 = CARTESIAN_POINT('',(3.682672180658,15.592888392222));
#8016 = CARTESIAN_POINT('',(3.480520901904,78.64577415577));
#8017 = CARTESIAN_POINT('',(3.287586500046,150.22505857707));
#8018 = CARTESIAN_POINT('',(3.100402927962,229.24398060845));
#8019 = CARTESIAN_POINT('',(2.91971387936,312.23113593607));
#8020 = CARTESIAN_POINT('',(2.745205916993,395.44125683451));
#8021 = CARTESIAN_POINT('',(2.576361603198,475.13373989885));
#8022 = CARTESIAN_POINT('',(2.412335550458,547.73101752774));
#8023 = CARTESIAN_POINT('',(2.252269776897,610.11500261153));
#8024 = CARTESIAN_POINT('',(2.095224760695,659.78952869913));
#8025 = CARTESIAN_POINT('',(1.940256556914,695.0469968584));
#8026 = CARTESIAN_POINT('',(1.632548805489,734.98250099036));
#8027 = CARTESIAN_POINT('',(1.479809321763,739.66066609077));
#8028 = CARTESIAN_POINT('',(1.327222932495,728.17641005717));
#8029 = CARTESIAN_POINT('',(1.173815204341,700.49749171001));
#8030 = CARTESIAN_POINT('',(1.018606008405,657.47939971416));
#8031 = CARTESIAN_POINT('',(0.860629838829,600.85689342332));
#8032 = CARTESIAN_POINT('',(0.698936235703,533.13823199247));
#8033 = CARTESIAN_POINT('',(0.532612669491,457.42973566712));
#8034 = CARTESIAN_POINT('',(0.360876931159,377.23860496455));
#8035 = CARTESIAN_POINT('',(0.18327061683,296.26411762295));
#8036 = CARTESIAN_POINT('',(-9.992007221626E-16,218.08242029425));
#8037 = ( GEOMETRIC_REPRESENTATION_CONTEXT(2) 
PARAMETRIC_REPRESENTATION_CONTEXT() REPRESENTATION_CONTEXT('2D SPACE',''
  ) );
#8038 = PCURVE('',#7337,#8039);
#8039 = DEFINITIONAL_REPRESENTATION('',(#8040),#8073);
#8040 = B_SPLINE_CURVE_WITH_KNOTS('',11,(#8041,#8042,#8043,#8044,#8045,
    #8046,#8047,#8048,#8049,#8050,#8051,#8052,#8053,#8054,#8055,#8056,
    #8057,#8058,#8059,#8060,#8061,#8062,#8063,#8064,#8065,#8066,#8067,
    #8068,#8069,#8070,#8071,#8072),.UNSPECIFIED.,.F.,.F.,(12,10,10,12),(
    -33.90433414425,0.,1.304267533396E+03,2.608535066791E+03),
  .UNSPECIFIED.);
#8041 = CARTESIAN_POINT('',(3.734042330202,3.39252037174E-14));
#8042 = CARTESIAN_POINT('',(3.728892528441,1.527538493033));
#8043 = CARTESIAN_POINT('',(3.723745682086,3.062196773265));
#8044 = CARTESIAN_POINT('',(3.718601731347,4.603956146856));
#8045 = CARTESIAN_POINT('',(3.713460626187,6.152794854731));
#8046 = CARTESIAN_POINT('',(3.708322326343,7.708688072551));
#8047 = CARTESIAN_POINT('',(3.703186801299,9.271607910757));
#8048 = CARTESIAN_POINT('',(3.698054030315,10.841523414509));
#8049 = CARTESIAN_POINT('',(3.692924002401,12.418400563759));
#8050 = CARTESIAN_POINT('',(3.687796716337,14.00220227318));
#8051 = CARTESIAN_POINT('',(3.682672180658,15.592888392222));
#8052 = CARTESIAN_POINT('',(3.480520901904,78.64577415577));
#8053 = CARTESIAN_POINT('',(3.287586500046,150.22505857707));
#8054 = CARTESIAN_POINT('',(3.100402927962,229.24398060845));
#8055 = CARTESIAN_POINT('',(2.91971387936,312.23113593607));
#8056 = CARTESIAN_POINT('',(2.745205916993,395.44125683451));
#8057 = CARTESIAN_POINT('',(2.576361603198,475.13373989885));
#8058 = CARTESIAN_POINT('',(2.412335550458,547.73101752774));
#8059 = CARTESIAN_POINT('',(2.252269776897,610.11500261153));
#8060 = CARTESIAN_POINT('',(2.095224760695,659.78952869913));
#8061 = CARTESIAN_POINT('',(1.940256556914,695.0469968584));
#8062 = CARTESIAN_POINT('',(1.632548805489,734.98250099036));
#8063 = CARTESIAN_POINT('',(1.479809321763,739.66066609077));
#8064 = CARTESIAN_POINT('',(1.327222932495,728.17641005717));
#8065 = CARTESIAN_POINT('',(1.173815204341,700.49749171001));
#8066 = CARTESIAN_POINT('',(1.018606008405,657.47939971416));
#8067 = CARTESIAN_POINT('',(0.860629838829,600.85689342332));
#8068 = CARTESIAN_POINT('',(0.698936235703,533.13823199247));
#8069 = CARTESIAN_POINT('',(0.532612669491,457.42973566712));
#8070 = CARTESIAN_POINT('',(0.360876931159,377.23860496455));
#8071 = CARTESIAN_POINT('',(0.18327061683,296.26411762295));
#8072 = CARTESIAN_POINT('',(-9.992007221626E-16,218.08242029425));
#8073 = ( GEOMETRIC_REPRESENTATION_CONTEXT(2) 
PARAMETRIC_REPRESENTATION_CONTEXT() REPRESENTATION_CONTEXT('2D SPACE',''
  ) );
#8074 = ORIENTED_EDGE('',*,*,#8075,.T.);
#8075 = EDGE_CURVE('',#7956,#8076,#8078,.T.);
#8076 = VERTEX_POINT('',#8077);
#8077 = CARTESIAN_POINT('',(14.328823425984,-266.013944395,
    438.62326387753));
#8078 = SURFACE_CURVE('',#8079,(#8090,#8104),.PCURVE_S1.);
#8079 = B_SPLINE_CURVE_WITH_KNOTS('',9,(#8080,#8081,#8082,#8083,#8084,
    #8085,#8086,#8087,#8088,#8089),.UNSPECIFIED.,.F.,.F.,(10,10),(0.,1.)
  ,.PIECEWISE_BEZIER_KNOTS.);
#8080 = CARTESIAN_POINT('',(14.50425132431,-265.7850238164,
    438.80474590045));
#8081 = CARTESIAN_POINT('',(14.484122609504,-265.8113805974,
    438.78387878865));
#8082 = CARTESIAN_POINT('',(14.462170503901,-265.8360434793,
    438.76359055697));
#8083 = CARTESIAN_POINT('',(14.435814534875,-265.8560804717,
    438.74503072296));
#8084 = CARTESIAN_POINT('',(14.407862760394,-265.8842542925,
    438.72114794203));
#8085 = CARTESIAN_POINT('',(14.384318228269,-265.8905313225,
    438.71160563372));
#8086 = CARTESIAN_POINT('',(14.339507022751,-265.9132278929,
    438.6869377691));
#8087 = CARTESIAN_POINT('',(14.334805286966,-265.948843997,
    438.66419915224));
#8088 = CARTESIAN_POINT('',(14.328823419876,-265.9805169799,438.64353676
    ));
#8089 = CARTESIAN_POINT('',(14.328823425984,-266.013944395,
    438.62326387753));
#8090 = PCURVE('',#7451,#8091);
#8091 = DEFINITIONAL_REPRESENTATION('',(#8092),#8103);
#8092 = B_SPLINE_CURVE_WITH_KNOTS('',9,(#8093,#8094,#8095,#8096,#8097,
    #8098,#8099,#8100,#8101,#8102),.UNSPECIFIED.,.F.,.F.,(10,10),(0.,1.)
  ,.PIECEWISE_BEZIER_KNOTS.);
#8093 = CARTESIAN_POINT('',(3.686194442269,14.50425132431));
#8094 = CARTESIAN_POINT('',(3.686259458266,14.484122600344));
#8095 = CARTESIAN_POINT('',(3.686321323855,14.462435128397));
#8096 = CARTESIAN_POINT('',(3.686372319524,14.434810076741));
#8097 = CARTESIAN_POINT('',(3.686445759473,14.409675372257));
#8098 = CARTESIAN_POINT('',(3.686463105889,14.382411765982));
#8099 = CARTESIAN_POINT('',(3.686527849695,14.340673288396));
#8100 = CARTESIAN_POINT('',(3.686609378167,14.334469014905));
#8101 = CARTESIAN_POINT('',(3.686683210098,14.328823425984));
#8102 = CARTESIAN_POINT('',(3.686759419951,14.328823425984));
#8103 = ( GEOMETRIC_REPRESENTATION_CONTEXT(2) 
PARAMETRIC_REPRESENTATION_CONTEXT() REPRESENTATION_CONTEXT('2D SPACE',''
  ) );
#8104 = PCURVE('',#7337,#8105);
#8105 = DEFINITIONAL_REPRESENTATION('',(#8106),#8117);
#8106 = B_SPLINE_CURVE_WITH_KNOTS('',9,(#8107,#8108,#8109,#8110,#8111,
    #8112,#8113,#8114,#8115,#8116),.UNSPECIFIED.,.F.,.F.,(10,10),(0.,1.)
  ,.PIECEWISE_BEZIER_KNOTS.);
#8107 = CARTESIAN_POINT('',(3.686194442269,14.50425132431));
#8108 = CARTESIAN_POINT('',(3.686259458266,14.484122600344));
#8109 = CARTESIAN_POINT('',(3.686321323855,14.462435128397));
#8110 = CARTESIAN_POINT('',(3.686372319524,14.434810076741));
#8111 = CARTESIAN_POINT('',(3.686445759473,14.409675372257));
#8112 = CARTESIAN_POINT('',(3.686463105889,14.382411765982));
#8113 = CARTESIAN_POINT('',(3.686527849695,14.340673288396));
#8114 = CARTESIAN_POINT('',(3.686609378167,14.334469014905));
#8115 = CARTESIAN_POINT('',(3.686683210098,14.328823425984));
#8116 = CARTESIAN_POINT('',(3.686759419951,14.328823425984));
#8117 = ( GEOMETRIC_REPRESENTATION_CONTEXT(2) 
PARAMETRIC_REPRESENTATION_CONTEXT() REPRESENTATION_CONTEXT('2D SPACE',''
  ) );
#8118 = ORIENTED_EDGE('',*,*,#8119,.T.);
#8119 = EDGE_CURVE('',#8076,#7286,#8120,.T.);
#8120 = SURFACE_CURVE('',#8121,(#8126,#8133),.PCURVE_S1.);
#8121 = CIRCLE('',#8122,512.98517154708);
#8122 = AXIS2_PLACEMENT_3D('',#8123,#8124,#8125);
#8123 = CARTESIAN_POINT('',(14.328823425984,0.,-3.181637936663E-15));
#8124 = DIRECTION('',(1.,-1.232595164408E-32,-2.22044604925E-16));
#8125 = DIRECTION('',(1.933886501647E-16,-0.491380417772,0.870945052819)
  );
#8126 = PCURVE('',#7451,#8127);
#8127 = DEFINITIONAL_REPRESENTATION('',(#8128),#8132);
#8128 = LINE('',#8129,#8130);
#8129 = CARTESIAN_POINT('',(3.655266664559,14.328823425984));
#8130 = VECTOR('',#8131,1.);
#8131 = DIRECTION('',(1.,0.));
#8132 = ( GEOMETRIC_REPRESENTATION_CONTEXT(2) 
PARAMETRIC_REPRESENTATION_CONTEXT() REPRESENTATION_CONTEXT('2D SPACE',''
  ) );
#8133 = PCURVE('',#7572,#8134);
#8134 = DEFINITIONAL_REPRESENTATION('',(#8135),#8139);
#8135 = LINE('',#8136,#8137);
#8136 = CARTESIAN_POINT('',(-0.,0.20539538919));
#8137 = VECTOR('',#8138,1.);
#8138 = DIRECTION('',(-1.,0.));
#8139 = ( GEOMETRIC_REPRESENTATION_CONTEXT(2) 
PARAMETRIC_REPRESENTATION_CONTEXT() REPRESENTATION_CONTEXT('2D SPACE',''
  ) );
#8140 = ORIENTED_EDGE('',*,*,#7502,.F.);
#8141 = ADVANCED_FACE('',(#8142),#7337,.T.);
#8142 = FACE_BOUND('',#8143,.T.);
#8143 = EDGE_LOOP('',(#8144,#8145,#8167,#8168));
#8144 = ORIENTED_EDGE('',*,*,#7321,.F.);
#8145 = ORIENTED_EDGE('',*,*,#8146,.T.);
#8146 = EDGE_CURVE('',#7288,#8076,#8147,.T.);
#8147 = SURFACE_CURVE('',#8148,(#8153,#8160),.PCURVE_S1.);
#8148 = CIRCLE('',#8149,512.98517154708);
#8149 = AXIS2_PLACEMENT_3D('',#8150,#8151,#8152);
#8150 = CARTESIAN_POINT('',(14.328823425984,0.,-3.181637936663E-15));
#8151 = DIRECTION('',(1.,0.,-2.22044604925E-16));
#8152 = DIRECTION('',(-2.22044604925E-16,-1.224646799147E-16,-1.));
#8153 = PCURVE('',#7337,#8154);
#8154 = DEFINITIONAL_REPRESENTATION('',(#8155),#8159);
#8155 = LINE('',#8156,#8157);
#8156 = CARTESIAN_POINT('',(0.,14.328823425984));
#8157 = VECTOR('',#8158,1.);
#8158 = DIRECTION('',(1.,0.));
#8159 = ( GEOMETRIC_REPRESENTATION_CONTEXT(2) 
PARAMETRIC_REPRESENTATION_CONTEXT() REPRESENTATION_CONTEXT('2D SPACE',''
  ) );
#8160 = PCURVE('',#7600,#8161);
#8161 = DEFINITIONAL_REPRESENTATION('',(#8162),#8166);
#8162 = LINE('',#8163,#8164);
#8163 = CARTESIAN_POINT('',(-0.,0.20539538919));
#8164 = VECTOR('',#8165,1.);
#8165 = DIRECTION('',(-1.,0.));
#8166 = ( GEOMETRIC_REPRESENTATION_CONTEXT(2) 
PARAMETRIC_REPRESENTATION_CONTEXT() REPRESENTATION_CONTEXT('2D SPACE',''
  ) );
#8167 = ORIENTED_EDGE('',*,*,#8075,.F.);
#8168 = ORIENTED_EDGE('',*,*,#7955,.T.);
#8169 = ADVANCED_FACE('',(#8170),#7572,.T.);
#8170 = FACE_BOUND('',#8171,.F.);
#8171 = EDGE_LOOP('',(#8172,#8203,#8204,#8205));
#8172 = ORIENTED_EDGE('',*,*,#8173,.F.);
#8173 = EDGE_CURVE('',#8076,#8174,#8176,.T.);
#8174 = VERTEX_POINT('',#8175);
#8175 = CARTESIAN_POINT('',(1.882938249764E-13,-256.876050684,
    423.55603582826));
#8176 = SURFACE_CURVE('',#8177,(#8187,#8193),.PCURVE_S1.);
#8177 = B_SPLINE_CURVE_WITH_KNOTS('',8,(#8178,#8179,#8180,#8181,#8182,
    #8183,#8184,#8185,#8186),.UNSPECIFIED.,.F.,.F.,(9,9),(0.,1.),
  .PIECEWISE_BEZIER_KNOTS.);
#8178 = CARTESIAN_POINT('',(14.328823425984,-266.013944395,
    438.62326387753));
#8179 = CARTESIAN_POINT('',(11.321246664218,-265.68902542,
    438.08751368729));
#8180 = CARTESIAN_POINT('',(8.435888313178,-265.0598927914,
    437.05015375655));
#8181 = CARTESIAN_POINT('',(5.806252688297,-264.1409704877,
    435.53496739649));
#8182 = CARTESIAN_POINT('',(3.558237366507,-262.9655812406,
    433.59689956674));
#8183 = CARTESIAN_POINT('',(1.79773565609,-261.5846264327,
    431.31988019302));
#8184 = CARTESIAN_POINT('',(0.599245874947,-260.0622454953,
    428.8096670643));
#8185 = CARTESIAN_POINT('',(1.889599587912E-13,-258.469148001,
    426.18285130011));
#8186 = CARTESIAN_POINT('',(1.882938249764E-13,-256.876050684,
    423.55603582826));
#8187 = PCURVE('',#7572,#8188);
#8188 = DEFINITIONAL_REPRESENTATION('',(#8189),#8192);
#8189 = B_SPLINE_CURVE_WITH_KNOTS('',1,(#8190,#8191),.UNSPECIFIED.,.F.,
  .F.,(2,2),(0.,1.),.PIECEWISE_BEZIER_KNOTS.);
#8190 = CARTESIAN_POINT('',(-3.149275539266E-02,0.20539538919));
#8191 = CARTESIAN_POINT('',(-3.149275539266E-02,1.570796326795));
#8192 = ( GEOMETRIC_REPRESENTATION_CONTEXT(2) 
PARAMETRIC_REPRESENTATION_CONTEXT() REPRESENTATION_CONTEXT('2D SPACE',''
  ) );
#8193 = PCURVE('',#7600,#8194);
#8194 = DEFINITIONAL_REPRESENTATION('',(#8195),#8202);
#8195 = B_SPLINE_CURVE_WITH_KNOTS('',5,(#8196,#8197,#8198,#8199,#8200,
    #8201),.UNSPECIFIED.,.F.,.F.,(6,6),(0.,1.),
  .PIECEWISE_BEZIER_KNOTS.);
#8196 = CARTESIAN_POINT('',(-3.686759419951,0.20539538919));
#8197 = CARTESIAN_POINT('',(-3.686759419951,0.478475576711));
#8198 = CARTESIAN_POINT('',(-3.686759419951,0.751555765407));
#8199 = CARTESIAN_POINT('',(-3.686759419951,1.024635950577));
#8200 = CARTESIAN_POINT('',(-3.686759419951,1.297716139274));
#8201 = CARTESIAN_POINT('',(-3.686759419951,1.570796326795));
#8202 = ( GEOMETRIC_REPRESENTATION_CONTEXT(2) 
PARAMETRIC_REPRESENTATION_CONTEXT() REPRESENTATION_CONTEXT('2D SPACE',''
  ) );
#8203 = ORIENTED_EDGE('',*,*,#8119,.T.);
#8204 = ORIENTED_EDGE('',*,*,#7547,.T.);
#8205 = ORIENTED_EDGE('',*,*,#8206,.F.);
#8206 = EDGE_CURVE('',#8174,#7548,#8207,.T.);
#8207 = SURFACE_CURVE('',#8208,(#8213,#8220),.PCURVE_S1.);
#8208 = CIRCLE('',#8209,495.3635239918);
#8209 = AXIS2_PLACEMENT_3D('',#8210,#8211,#8212);
#8210 = CARTESIAN_POINT('',(0.,0.,0.));
#8211 = DIRECTION('',(1.,-1.232595164408E-32,-2.22044604925E-16));
#8212 = DIRECTION('',(1.933886501647E-16,-0.491380417772,0.870945052819)
  );
#8213 = PCURVE('',#7572,#8214);
#8214 = DEFINITIONAL_REPRESENTATION('',(#8215),#8219);
#8215 = LINE('',#8216,#8217);
#8216 = CARTESIAN_POINT('',(-0.,1.570796326795));
#8217 = VECTOR('',#8218,1.);
#8218 = DIRECTION('',(-1.,0.));
#8219 = ( GEOMETRIC_REPRESENTATION_CONTEXT(2) 
PARAMETRIC_REPRESENTATION_CONTEXT() REPRESENTATION_CONTEXT('2D SPACE',''
  ) );
#8220 = PCURVE('',#7626,#8221);
#8221 = DEFINITIONAL_REPRESENTATION('',(#8222),#8226);
#8222 = CIRCLE('',#8223,495.3635239918);
#8223 = AXIS2_PLACEMENT_2D('',#8224,#8225);
#8224 = CARTESIAN_POINT('',(0.,0.));
#8225 = DIRECTION('',(-0.870945052819,-0.491380417772));
#8226 = ( GEOMETRIC_REPRESENTATION_CONTEXT(2) 
PARAMETRIC_REPRESENTATION_CONTEXT() REPRESENTATION_CONTEXT('2D SPACE',''
  ) );
#8227 = ADVANCED_FACE('',(#8228),#7626,.F.);
#8228 = FACE_BOUND('',#8229,.T.);
#8229 = EDGE_LOOP('',(#8230,#8231,#8253));
#8230 = ORIENTED_EDGE('',*,*,#8206,.F.);
#8231 = ORIENTED_EDGE('',*,*,#8232,.F.);
#8232 = EDGE_CURVE('',#7585,#8174,#8233,.T.);
#8233 = SURFACE_CURVE('',#8234,(#8239,#8246),.PCURVE_S1.);
#8234 = CIRCLE('',#8235,495.3635239918);
#8235 = AXIS2_PLACEMENT_3D('',#8236,#8237,#8238);
#8236 = CARTESIAN_POINT('',(0.,0.,0.));
#8237 = DIRECTION('',(1.,0.,-2.22044604925E-16));
#8238 = DIRECTION('',(-2.22044604925E-16,-1.224646799147E-16,-1.));
#8239 = PCURVE('',#7626,#8240);
#8240 = DEFINITIONAL_REPRESENTATION('',(#8241),#8245);
#8241 = CIRCLE('',#8242,495.3635239918);
#8242 = AXIS2_PLACEMENT_2D('',#8243,#8244);
#8243 = CARTESIAN_POINT('',(0.,0.));
#8244 = DIRECTION('',(1.,-1.224646799147E-16));
#8245 = ( GEOMETRIC_REPRESENTATION_CONTEXT(2) 
PARAMETRIC_REPRESENTATION_CONTEXT() REPRESENTATION_CONTEXT('2D SPACE',''
  ) );
#8246 = PCURVE('',#7600,#8247);
#8247 = DEFINITIONAL_REPRESENTATION('',(#8248),#8252);
#8248 = LINE('',#8249,#8250);
#8249 = CARTESIAN_POINT('',(-0.,1.570796326795));
#8250 = VECTOR('',#8251,1.);
#8251 = DIRECTION('',(-1.,0.));
#8252 = ( GEOMETRIC_REPRESENTATION_CONTEXT(2) 
PARAMETRIC_REPRESENTATION_CONTEXT() REPRESENTATION_CONTEXT('2D SPACE',''
  ) );
#8253 = ORIENTED_EDGE('',*,*,#7611,.F.);
#8254 = ADVANCED_FACE('',(#8255),#7600,.T.);
#8255 = FACE_BOUND('',#8256,.F.);
#8256 = EDGE_LOOP('',(#8257,#8258,#8259,#8260));
#8257 = ORIENTED_EDGE('',*,*,#7584,.F.);
#8258 = ORIENTED_EDGE('',*,*,#8146,.T.);
#8259 = ORIENTED_EDGE('',*,*,#8173,.T.);
#8260 = ORIENTED_EDGE('',*,*,#8232,.F.);
#8261 = ADVANCED_FACE('',(#8262),#7885,.T.);
#8262 = FACE_BOUND('',#8263,.T.);
#8263 = EDGE_LOOP('',(#8264,#8287,#8288,#8289));
#8264 = ORIENTED_EDGE('',*,*,#8265,.F.);
#8265 = EDGE_CURVE('',#7643,#8266,#8268,.T.);
#8266 = VERTEX_POINT('',#8267);
#8267 = CARTESIAN_POINT('',(1.058328823426E+03,-8.945863271597E-14,
    -730.485171547));
#8268 = SURFACE_CURVE('',#8269,(#8273,#8280),.PCURVE_S1.);
#8269 = LINE('',#8270,#8271);
#8270 = CARTESIAN_POINT('',(-1.132427485118E-13,-1.24913973513E-13,-510.
    ));
#8271 = VECTOR('',#8272,1.);
#8272 = DIRECTION('',(0.978980419738,-4.995438489415E-17,-0.203954254112
    ));
#8273 = PCURVE('',#7885,#8274);
#8274 = DEFINITIONAL_REPRESENTATION('',(#8275),#8279);
#8275 = LINE('',#8276,#8277);
#8276 = CARTESIAN_POINT('',(0.,-0.));
#8277 = VECTOR('',#8278,1.);
#8278 = DIRECTION('',(0.,1.));
#8279 = ( GEOMETRIC_REPRESENTATION_CONTEXT(2) 
PARAMETRIC_REPRESENTATION_CONTEXT() REPRESENTATION_CONTEXT('2D SPACE',''
  ) );
#8280 = PCURVE('',#7742,#8281);
#8281 = DEFINITIONAL_REPRESENTATION('',(#8282),#8286);
#8282 = LINE('',#8283,#8284);
#8283 = CARTESIAN_POINT('',(6.28318530718,-0.));
#8284 = VECTOR('',#8285,1.);
#8285 = DIRECTION('',(0.,1.));
#8286 = ( GEOMETRIC_REPRESENTATION_CONTEXT(2) 
PARAMETRIC_REPRESENTATION_CONTEXT() REPRESENTATION_CONTEXT('2D SPACE',''
  ) );
#8287 = ORIENTED_EDGE('',*,*,#7904,.T.);
#8288 = ORIENTED_EDGE('',*,*,#7854,.F.);
#8289 = ORIENTED_EDGE('',*,*,#8290,.F.);
#8290 = EDGE_CURVE('',#8266,#7826,#8291,.T.);
#8291 = SURFACE_CURVE('',#8292,(#8297,#8304),.PCURVE_S1.);
#8292 = CIRCLE('',#8293,730.48517154708);
#8293 = AXIS2_PLACEMENT_3D('',#8294,#8295,#8296);
#8294 = CARTESIAN_POINT('',(1.058328823426E+03,0.,-2.349962054784E-13));
#8295 = DIRECTION('',(1.,0.,-2.22044604925E-16));
#8296 = DIRECTION('',(-2.22044604925E-16,-1.224646799147E-16,-1.));
#8297 = PCURVE('',#7885,#8298);
#8298 = DEFINITIONAL_REPRESENTATION('',(#8299),#8303);
#8299 = LINE('',#8300,#8301);
#8300 = CARTESIAN_POINT('',(0.,1.058328823426E+03));
#8301 = VECTOR('',#8302,1.);
#8302 = DIRECTION('',(1.,0.));
#8303 = ( GEOMETRIC_REPRESENTATION_CONTEXT(2) 
PARAMETRIC_REPRESENTATION_CONTEXT() REPRESENTATION_CONTEXT('2D SPACE',''
  ) );
#8304 = PCURVE('',#8305,#8310);
#8305 = TOROIDAL_SURFACE('',#8306,712.8635239918,18.);
#8306 = AXIS2_PLACEMENT_3D('',#8307,#8308,#8309);
#8307 = CARTESIAN_POINT('',(1.062E+03,0.,-2.358113704304E-13));
#8308 = DIRECTION('',(1.,0.,-2.22044604925E-16));
#8309 = DIRECTION('',(-2.22044604925E-16,-1.224646799147E-16,-1.));
#8310 = DEFINITIONAL_REPRESENTATION('',(#8311),#8315);
#8311 = LINE('',#8312,#8313);
#8312 = CARTESIAN_POINT('',(0.,6.07778991799));
#8313 = VECTOR('',#8314,1.);
#8314 = DIRECTION('',(1.,0.));
#8315 = ( GEOMETRIC_REPRESENTATION_CONTEXT(2) 
PARAMETRIC_REPRESENTATION_CONTEXT() REPRESENTATION_CONTEXT('2D SPACE',''
  ) );
#8316 = ADVANCED_FACE('',(#8317),#7842,.T.);
#8317 = FACE_BOUND('',#8318,.T.);
#8318 = EDGE_LOOP('',(#8319,#8365,#8366,#8417));
#8319 = ORIENTED_EDGE('',*,*,#8320,.F.);
#8320 = EDGE_CURVE('',#7826,#8321,#8323,.T.);
#8321 = VERTEX_POINT('',#8322);
#8322 = CARTESIAN_POINT('',(1.08E+03,114.50534756829,-703.6070843988));
#8323 = SURFACE_CURVE('',#8324,(#8345,#8355),.PCURVE_S1.);
#8324 = B_SPLINE_CURVE_WITH_KNOTS('',10,(#8325,#8326,#8327,#8328,#8329,
    #8330,#8331,#8332,#8333,#8334,#8335,#8336,#8337,#8338,#8339,#8340,
    #8341,#8342,#8343,#8344),.UNSPECIFIED.,.F.,.F.,(11,9,11),(0.,0.5,1.)
  ,.UNSPECIFIED.);
#8325 = CARTESIAN_POINT('',(1.058328823426E+03,117.33586534642,
    -720.9999171661));
#8326 = CARTESIAN_POINT('',(1.059893794646E+03,117.38823557798,
    -721.3217193065));
#8327 = CARTESIAN_POINT('',(1.061490938192E+03,117.41580059048,
    -721.4910995013));
#8328 = CARTESIAN_POINT('',(1.063103110798E+03,117.41798670132,
    -721.5045326125));
#8329 = CARTESIAN_POINT('',(1.064712716078E+03,117.39456958911,
    -721.3606402408));
#8330 = CARTESIAN_POINT('',(1.066302026456E+03,117.34568506691,
    -721.0602569235));
#8331 = CARTESIAN_POINT('',(1.067853517012E+03,117.27183067033,
    -720.6064398946));
#8332 = CARTESIAN_POINT('',(1.069350198547E+03,117.17385763624,
    -720.0044197938));
#8333 = CARTESIAN_POINT('',(1.070775936367E+03,117.05295345035,
    -719.2614934281));
#8334 = CARTESIAN_POINT('',(1.072115742276E+03,116.91061580243,
    -718.386863731));
#8335 = CARTESIAN_POINT('',(1.074596317149E+03,116.58662272085,
    -716.3960062529));
#8336 = CARTESIAN_POINT('',(1.075737086114E+03,116.40496728719,
    -715.2797784717));
#8337 = CARTESIAN_POINT('',(1.076764750046E+03,116.20542752985,
    -714.0536559382));
#8338 = CARTESIAN_POINT('',(1.07766712402E+03,115.99005489744,
    -712.7302442967));
#8339 = CARTESIAN_POINT('',(1.07843367989E+03,115.76114439353,
    -711.3236457787));
#8340 = CARTESIAN_POINT('',(1.079055764575E+03,115.52119397304,
    -709.8492096986));
#8341 = CARTESIAN_POINT('',(1.079526771448E+03,115.27285797273,
    -708.3232463021));
#8342 = CARTESIAN_POINT('',(1.079842257149E+03,115.01889637152,
    -706.7627149768));
#8343 = CARTESIAN_POINT('',(1.08E+03,114.76212196991,-705.1848996879));
#8344 = CARTESIAN_POINT('',(1.08E+03,114.50534756829,-703.6070843988));
#8345 = PCURVE('',#7842,#8346);
#8346 = DEFINITIONAL_REPRESENTATION('',(#8347),#8354);
#8347 = B_SPLINE_CURVE_WITH_KNOTS('',5,(#8348,#8349,#8350,#8351,#8352,
    #8353),.UNSPECIFIED.,.F.,.F.,(6,6),(0.,1.),
  .PIECEWISE_BEZIER_KNOTS.);
#8348 = CARTESIAN_POINT('',(0.161326179008,6.07778991799));
#8349 = CARTESIAN_POINT('',(0.161326179008,6.433028261187));
#8350 = CARTESIAN_POINT('',(0.161326179008,6.788266604374));
#8351 = CARTESIAN_POINT('',(0.161326179009,7.14350494759));
#8352 = CARTESIAN_POINT('',(0.161326179008,7.498743290778));
#8353 = CARTESIAN_POINT('',(0.161326179008,7.853981633974));
#8354 = ( GEOMETRIC_REPRESENTATION_CONTEXT(2) 
PARAMETRIC_REPRESENTATION_CONTEXT() REPRESENTATION_CONTEXT('2D SPACE',''
  ) );
#8355 = PCURVE('',#8305,#8356);
#8356 = DEFINITIONAL_REPRESENTATION('',(#8357),#8364);
#8357 = B_SPLINE_CURVE_WITH_KNOTS('',5,(#8358,#8359,#8360,#8361,#8362,
    #8363),.UNSPECIFIED.,.F.,.F.,(6,6),(0.,1.),
  .PIECEWISE_BEZIER_KNOTS.);
#8358 = CARTESIAN_POINT('',(0.161326179008,6.07778991799));
#8359 = CARTESIAN_POINT('',(0.161326179008,6.433028261187));
#8360 = CARTESIAN_POINT('',(0.161326179008,6.788266604374));
#8361 = CARTESIAN_POINT('',(0.161326179009,7.14350494759));
#8362 = CARTESIAN_POINT('',(0.161326179008,7.498743290778));
#8363 = CARTESIAN_POINT('',(0.161326179008,7.853981633974));
#8364 = ( GEOMETRIC_REPRESENTATION_CONTEXT(2) 
PARAMETRIC_REPRESENTATION_CONTEXT() REPRESENTATION_CONTEXT('2D SPACE',''
  ) );
#8365 = ORIENTED_EDGE('',*,*,#7825,.T.);
#8366 = ORIENTED_EDGE('',*,*,#8367,.T.);
#8367 = EDGE_CURVE('',#7781,#8368,#8370,.T.);
#8368 = VERTEX_POINT('',#8369);
#8369 = CARTESIAN_POINT('',(1.08E+03,114.50534756829,703.60708439886));
#8370 = SURFACE_CURVE('',#8371,(#8392,#8402),.PCURVE_S1.);
#8371 = B_SPLINE_CURVE_WITH_KNOTS('',10,(#8372,#8373,#8374,#8375,#8376,
    #8377,#8378,#8379,#8380,#8381,#8382,#8383,#8384,#8385,#8386,#8387,
    #8388,#8389,#8390,#8391),.UNSPECIFIED.,.F.,.F.,(11,9,11),(0.,0.5,1.)
  ,.UNSPECIFIED.);
#8372 = CARTESIAN_POINT('',(1.058328823426E+03,117.33586534642,
    720.99991716613));
#8373 = CARTESIAN_POINT('',(1.059893794646E+03,117.38823557798,
    721.32171930653));
#8374 = CARTESIAN_POINT('',(1.061490938192E+03,117.41580059049,
    721.49109950123));
#8375 = CARTESIAN_POINT('',(1.063103110799E+03,117.41798670131,
    721.50453261266));
#8376 = CARTESIAN_POINT('',(1.064712716078E+03,117.39456958914,
    721.36064024058));
#8377 = CARTESIAN_POINT('',(1.066302026457E+03,117.34568506689,
    721.06025692369));
#8378 = CARTESIAN_POINT('',(1.067853517012E+03,117.27183067036,
    720.60643989435));
#8379 = CARTESIAN_POINT('',(1.069350198547E+03,117.17385763623,
    720.0044197939));
#8380 = CARTESIAN_POINT('',(1.070775936367E+03,117.05295345036,
    719.26149342805));
#8381 = CARTESIAN_POINT('',(1.072115742276E+03,116.91061580243,
    718.38686373101));
#8382 = CARTESIAN_POINT('',(1.074596317149E+03,116.58662272085,
    716.39600625287));
#8383 = CARTESIAN_POINT('',(1.075737086114E+03,116.40496728719,
    715.27977847169));
#8384 = CARTESIAN_POINT('',(1.076764750046E+03,116.20542752985,
    714.05365593821));
#8385 = CARTESIAN_POINT('',(1.07766712402E+03,115.99005489744,
    712.7302442966));
#8386 = CARTESIAN_POINT('',(1.07843367989E+03,115.76114439354,
    711.32364577876));
#8387 = CARTESIAN_POINT('',(1.079055764575E+03,115.52119397304,
    709.84920969855));
#8388 = CARTESIAN_POINT('',(1.079526771448E+03,115.27285797273,
    708.32324630221));
#8389 = CARTESIAN_POINT('',(1.079842257149E+03,115.01889637151,
    706.76271497679));
#8390 = CARTESIAN_POINT('',(1.08E+03,114.76212196991,705.18489968791));
#8391 = CARTESIAN_POINT('',(1.08E+03,114.50534756829,703.60708439886));
#8392 = PCURVE('',#7842,#8393);
#8393 = DEFINITIONAL_REPRESENTATION('',(#8394),#8401);
#8394 = B_SPLINE_CURVE_WITH_KNOTS('',5,(#8395,#8396,#8397,#8398,#8399,
    #8400),.UNSPECIFIED.,.F.,.F.,(6,6),(0.,1.),
  .PIECEWISE_BEZIER_KNOTS.);
#8395 = CARTESIAN_POINT('',(2.980266474581,6.07778991799));
#8396 = CARTESIAN_POINT('',(2.980266474581,6.433028261187));
#8397 = CARTESIAN_POINT('',(2.980266474581,6.788266604365));
#8398 = CARTESIAN_POINT('',(2.980266474581,7.143504947601));
#8399 = CARTESIAN_POINT('',(2.980266474581,7.498743290778));
#8400 = CARTESIAN_POINT('',(2.980266474581,7.853981633974));
#8401 = ( GEOMETRIC_REPRESENTATION_CONTEXT(2) 
PARAMETRIC_REPRESENTATION_CONTEXT() REPRESENTATION_CONTEXT('2D SPACE',''
  ) );
#8402 = PCURVE('',#8403,#8408);
#8403 = TOROIDAL_SURFACE('',#8404,712.8635239918,18.);
#8404 = AXIS2_PLACEMENT_3D('',#8405,#8406,#8407);
#8405 = CARTESIAN_POINT('',(1.062E+03,0.,-2.358113704304E-13));
#8406 = DIRECTION('',(1.,0.,-2.22044604925E-16));
#8407 = DIRECTION('',(-2.22044604925E-16,-1.224646799147E-16,-1.));
#8408 = DEFINITIONAL_REPRESENTATION('',(#8409),#8416);
#8409 = B_SPLINE_CURVE_WITH_KNOTS('',5,(#8410,#8411,#8412,#8413,#8414,
    #8415),.UNSPECIFIED.,.F.,.F.,(6,6),(0.,1.),
  .PIECEWISE_BEZIER_KNOTS.);
#8410 = CARTESIAN_POINT('',(2.980266474581,6.07778991799));
#8411 = CARTESIAN_POINT('',(2.980266474581,6.433028261187));
#8412 = CARTESIAN_POINT('',(2.980266474581,6.788266604365));
#8413 = CARTESIAN_POINT('',(2.980266474581,7.143504947601));
#8414 = CARTESIAN_POINT('',(2.980266474581,7.498743290778));
#8415 = CARTESIAN_POINT('',(2.980266474581,7.853981633974));
#8416 = ( GEOMETRIC_REPRESENTATION_CONTEXT(2) 
PARAMETRIC_REPRESENTATION_CONTEXT() REPRESENTATION_CONTEXT('2D SPACE',''
  ) );
#8417 = ORIENTED_EDGE('',*,*,#8418,.F.);
#8418 = EDGE_CURVE('',#8321,#8368,#8419,.T.);
#8419 = SURFACE_CURVE('',#8420,(#8425,#8432),.PCURVE_S1.);
#8420 = CIRCLE('',#8421,712.8635239918);
#8421 = AXIS2_PLACEMENT_3D('',#8422,#8423,#8424);
#8422 = CARTESIAN_POINT('',(1.08E+03,0.,-2.39808173319E-13));
#8423 = DIRECTION('',(1.,0.,-2.22044604925E-16));
#8424 = DIRECTION('',(-2.22044604925E-16,-1.224646799147E-16,-1.));
#8425 = PCURVE('',#7842,#8426);
#8426 = DEFINITIONAL_REPRESENTATION('',(#8427),#8431);
#8427 = LINE('',#8428,#8429);
#8428 = CARTESIAN_POINT('',(0.,7.853981633974));
#8429 = VECTOR('',#8430,1.);
#8430 = DIRECTION('',(1.,0.));
#8431 = ( GEOMETRIC_REPRESENTATION_CONTEXT(2) 
PARAMETRIC_REPRESENTATION_CONTEXT() REPRESENTATION_CONTEXT('2D SPACE',''
  ) );
#8432 = PCURVE('',#8433,#8438);
#8433 = PLANE('',#8434);
#8434 = AXIS2_PLACEMENT_3D('',#8435,#8436,#8437);
#8435 = CARTESIAN_POINT('',(1.08E+03,0.,-2.39808173319E-13));
#8436 = DIRECTION('',(1.,0.,-2.22044604925E-16));
#8437 = DIRECTION('',(-2.22044604925E-16,0.,-1.));
#8438 = DEFINITIONAL_REPRESENTATION('',(#8439),#8443);
#8439 = CIRCLE('',#8440,712.8635239918);
#8440 = AXIS2_PLACEMENT_2D('',#8441,#8442);
#8441 = CARTESIAN_POINT('',(0.,0.));
#8442 = DIRECTION('',(1.,-1.224646799147E-16));
#8443 = ( GEOMETRIC_REPRESENTATION_CONTEXT(2) 
PARAMETRIC_REPRESENTATION_CONTEXT() REPRESENTATION_CONTEXT('2D SPACE',''
  ) );
#8444 = ADVANCED_FACE('',(#8445),#7742,.T.);
#8445 = FACE_BOUND('',#8446,.T.);
#8446 = EDGE_LOOP('',(#8447,#8448,#8449,#8471));
#8447 = ORIENTED_EDGE('',*,*,#7665,.T.);
#8448 = ORIENTED_EDGE('',*,*,#8265,.T.);
#8449 = ORIENTED_EDGE('',*,*,#8450,.F.);
#8450 = EDGE_CURVE('',#7781,#8266,#8451,.T.);
#8451 = SURFACE_CURVE('',#8452,(#8457,#8464),.PCURVE_S1.);
#8452 = CIRCLE('',#8453,730.48517154708);
#8453 = AXIS2_PLACEMENT_3D('',#8454,#8455,#8456);
#8454 = CARTESIAN_POINT('',(1.058328823426E+03,0.,-2.349962054784E-13));
#8455 = DIRECTION('',(1.,0.,-2.22044604925E-16));
#8456 = DIRECTION('',(-2.22044604925E-16,-1.224646799147E-16,-1.));
#8457 = PCURVE('',#7742,#8458);
#8458 = DEFINITIONAL_REPRESENTATION('',(#8459),#8463);
#8459 = LINE('',#8460,#8461);
#8460 = CARTESIAN_POINT('',(0.,1.058328823426E+03));
#8461 = VECTOR('',#8462,1.);
#8462 = DIRECTION('',(1.,0.));
#8463 = ( GEOMETRIC_REPRESENTATION_CONTEXT(2) 
PARAMETRIC_REPRESENTATION_CONTEXT() REPRESENTATION_CONTEXT('2D SPACE',''
  ) );
#8464 = PCURVE('',#8403,#8465);
#8465 = DEFINITIONAL_REPRESENTATION('',(#8466),#8470);
#8466 = LINE('',#8467,#8468);
#8467 = CARTESIAN_POINT('',(0.,6.07778991799));
#8468 = VECTOR('',#8469,1.);
#8469 = DIRECTION('',(1.,0.));
#8470 = ( GEOMETRIC_REPRESENTATION_CONTEXT(2) 
PARAMETRIC_REPRESENTATION_CONTEXT() REPRESENTATION_CONTEXT('2D SPACE',''
  ) );
#8471 = ORIENTED_EDGE('',*,*,#7780,.T.);
#8472 = ADVANCED_FACE('',(#8473),#8305,.T.);
#8473 = FACE_BOUND('',#8474,.T.);
#8474 = EDGE_LOOP('',(#8475,#8497,#8498,#8499));
#8475 = ORIENTED_EDGE('',*,*,#8476,.F.);
#8476 = EDGE_CURVE('',#8266,#8477,#8479,.T.);
#8477 = VERTEX_POINT('',#8478);
#8478 = CARTESIAN_POINT('',(1.08E+03,-8.730060328855E-14,-712.8635239918
    ));
#8479 = SURFACE_CURVE('',#8480,(#8485,#8491),.PCURVE_S1.);
#8480 = CIRCLE('',#8481,18.);
#8481 = AXIS2_PLACEMENT_3D('',#8482,#8483,#8484);
#8482 = CARTESIAN_POINT('',(1.062E+03,-8.730060328855E-14,
    -712.8635239918));
#8483 = DIRECTION('',(2.719262146894E-32,-1.,1.224646799147E-16));
#8484 = DIRECTION('',(-2.22044604925E-16,-1.224646799147E-16,-1.));
#8485 = PCURVE('',#8305,#8486);
#8486 = DEFINITIONAL_REPRESENTATION('',(#8487),#8490);
#8487 = B_SPLINE_CURVE_WITH_KNOTS('',1,(#8488,#8489),.UNSPECIFIED.,.F.,
  .F.,(2,2),(6.07778991799,7.853981633974),.PIECEWISE_BEZIER_KNOTS.);
#8488 = CARTESIAN_POINT('',(0.,6.07778991799));
#8489 = CARTESIAN_POINT('',(0.,7.853981633974));
#8490 = ( GEOMETRIC_REPRESENTATION_CONTEXT(2) 
PARAMETRIC_REPRESENTATION_CONTEXT() REPRESENTATION_CONTEXT('2D SPACE',''
  ) );
#8491 = PCURVE('',#8403,#8492);
#8492 = DEFINITIONAL_REPRESENTATION('',(#8493),#8496);
#8493 = B_SPLINE_CURVE_WITH_KNOTS('',1,(#8494,#8495),.UNSPECIFIED.,.F.,
  .F.,(2,2),(6.07778991799,7.853981633974),.PIECEWISE_BEZIER_KNOTS.);
#8494 = CARTESIAN_POINT('',(6.28318530718,6.07778991799));
#8495 = CARTESIAN_POINT('',(6.28318530718,7.853981633974));
#8496 = ( GEOMETRIC_REPRESENTATION_CONTEXT(2) 
PARAMETRIC_REPRESENTATION_CONTEXT() REPRESENTATION_CONTEXT('2D SPACE',''
  ) );
#8497 = ORIENTED_EDGE('',*,*,#8290,.T.);
#8498 = ORIENTED_EDGE('',*,*,#8320,.T.);
#8499 = ORIENTED_EDGE('',*,*,#8500,.F.);
#8500 = EDGE_CURVE('',#8477,#8321,#8501,.T.);
#8501 = SURFACE_CURVE('',#8502,(#8507,#8514),.PCURVE_S1.);
#8502 = CIRCLE('',#8503,712.8635239918);
#8503 = AXIS2_PLACEMENT_3D('',#8504,#8505,#8506);
#8504 = CARTESIAN_POINT('',(1.08E+03,0.,-2.39808173319E-13));
#8505 = DIRECTION('',(1.,0.,-2.22044604925E-16));
#8506 = DIRECTION('',(-2.22044604925E-16,-1.224646799147E-16,-1.));
#8507 = PCURVE('',#8305,#8508);
#8508 = DEFINITIONAL_REPRESENTATION('',(#8509),#8513);
#8509 = LINE('',#8510,#8511);
#8510 = CARTESIAN_POINT('',(0.,7.853981633974));
#8511 = VECTOR('',#8512,1.);
#8512 = DIRECTION('',(1.,0.));
#8513 = ( GEOMETRIC_REPRESENTATION_CONTEXT(2) 
PARAMETRIC_REPRESENTATION_CONTEXT() REPRESENTATION_CONTEXT('2D SPACE',''
  ) );
#8514 = PCURVE('',#8433,#8515);
#8515 = DEFINITIONAL_REPRESENTATION('',(#8516),#8520);
#8516 = CIRCLE('',#8517,712.8635239918);
#8517 = AXIS2_PLACEMENT_2D('',#8518,#8519);
#8518 = CARTESIAN_POINT('',(0.,0.));
#8519 = DIRECTION('',(1.,-1.224646799147E-16));
#8520 = ( GEOMETRIC_REPRESENTATION_CONTEXT(2) 
PARAMETRIC_REPRESENTATION_CONTEXT() REPRESENTATION_CONTEXT('2D SPACE',''
  ) );
#8521 = ADVANCED_FACE('',(#8522),#8403,.T.);
#8522 = FACE_BOUND('',#8523,.T.);
#8523 = EDGE_LOOP('',(#8524,#8525,#8526,#8548));
#8524 = ORIENTED_EDGE('',*,*,#8450,.T.);
#8525 = ORIENTED_EDGE('',*,*,#8476,.T.);
#8526 = ORIENTED_EDGE('',*,*,#8527,.F.);
#8527 = EDGE_CURVE('',#8368,#8477,#8528,.T.);
#8528 = SURFACE_CURVE('',#8529,(#8534,#8541),.PCURVE_S1.);
#8529 = CIRCLE('',#8530,712.8635239918);
#8530 = AXIS2_PLACEMENT_3D('',#8531,#8532,#8533);
#8531 = CARTESIAN_POINT('',(1.08E+03,0.,-2.39808173319E-13));
#8532 = DIRECTION('',(1.,0.,-2.22044604925E-16));
#8533 = DIRECTION('',(-2.22044604925E-16,-1.224646799147E-16,-1.));
#8534 = PCURVE('',#8403,#8535);
#8535 = DEFINITIONAL_REPRESENTATION('',(#8536),#8540);
#8536 = LINE('',#8537,#8538);
#8537 = CARTESIAN_POINT('',(0.,7.853981633974));
#8538 = VECTOR('',#8539,1.);
#8539 = DIRECTION('',(1.,0.));
#8540 = ( GEOMETRIC_REPRESENTATION_CONTEXT(2) 
PARAMETRIC_REPRESENTATION_CONTEXT() REPRESENTATION_CONTEXT('2D SPACE',''
  ) );
#8541 = PCURVE('',#8433,#8542);
#8542 = DEFINITIONAL_REPRESENTATION('',(#8543),#8547);
#8543 = CIRCLE('',#8544,712.8635239918);
#8544 = AXIS2_PLACEMENT_2D('',#8545,#8546);
#8545 = CARTESIAN_POINT('',(0.,0.));
#8546 = DIRECTION('',(1.,-1.224646799147E-16));
#8547 = ( GEOMETRIC_REPRESENTATION_CONTEXT(2) 
PARAMETRIC_REPRESENTATION_CONTEXT() REPRESENTATION_CONTEXT('2D SPACE',''
  ) );
#8548 = ORIENTED_EDGE('',*,*,#8367,.F.);
#8549 = ADVANCED_FACE('',(#8550),#8433,.T.);
#8550 = FACE_BOUND('',#8551,.T.);
#8551 = EDGE_LOOP('',(#8552,#8553,#8554));
#8552 = ORIENTED_EDGE('',*,*,#8418,.T.);
#8553 = ORIENTED_EDGE('',*,*,#8527,.T.);
#8554 = ORIENTED_EDGE('',*,*,#8500,.T.);
#8555 = ( GEOMETRIC_REPRESENTATION_CONTEXT(3) 
GLOBAL_UNCERTAINTY_ASSIGNED_CONTEXT((#8559)) 
GLOBAL_UNIT_ASSIGNED_CONTEXT((#8556,#8557,#8558)) REPRESENTATION_CONTEXT
('Context #1','3D Context with UNIT and UNCERTAINTY') );
#8556 = ( LENGTH_UNIT() NAMED_UNIT(*) SI_UNIT(.MILLI.,.METRE.) );
#8557 = ( NAMED_UNIT(*) PLANE_ANGLE_UNIT() SI_UNIT($,.RADIAN.) );
#8558 = ( NAMED_UNIT(*) SI_UNIT($,.STERADIAN.) SOLID_ANGLE_UNIT() );
#8559 = UNCERTAINTY_MEASURE_WITH_UNIT(LENGTH_MEASURE(2.E-04),#8556,
  'distance_accuracy_value','confusion accuracy');
#8560 = PRODUCT_RELATED_PRODUCT_CATEGORY('part',$,(#7275));
#8561 = SHAPE_DEFINITION_REPRESENTATION(#8562,#8568);
#8562 = PRODUCT_DEFINITION_SHAPE('','',#8563);
#8563 = PRODUCT_DEFINITION('design','',#8564,#8567);
#8564 = PRODUCT_DEFINITION_FORMATION('','',#8565);
#8565 = PRODUCT('TPS_Foam','TPS_Foam','',(#8566));
#8566 = PRODUCT_CONTEXT('',#2,'mechanical');
#8567 = PRODUCT_DEFINITION_CONTEXT('part definition',#2,'design');
#8568 = ADVANCED_BREP_SHAPE_REPRESENTATION('',(#11,#8569),#9845);
#8569 = MANIFOLD_SOLID_BREP('',#8570);
#8570 = CLOSED_SHELL('',(#8571,#8833,#8927,#9431,#9459,#9517,#9544,#9551
    ,#9606,#9734,#9762,#9811,#9839));
#8571 = ADVANCED_FACE('',(#8572),#8587,.T.);
#8572 = FACE_BOUND('',#8573,.T.);
#8573 = EDGE_LOOP('',(#8574,#8610,#8638,#8791));
#8574 = ORIENTED_EDGE('',*,*,#8575,.T.);
#8575 = EDGE_CURVE('',#8576,#8578,#8580,.T.);
#8576 = VERTEX_POINT('',#8577);
#8577 = CARTESIAN_POINT('',(14.328823425984,-266.013944395,
    -438.6232638775));
#8578 = VERTEX_POINT('',#8579);
#8579 = CARTESIAN_POINT('',(14.328823425984,-6.282256483452E-14,
    -512.985171547));
#8580 = SURFACE_CURVE('',#8581,(#8586,#8598),.PCURVE_S1.);
#8581 = CIRCLE('',#8582,512.98517154708);
#8582 = AXIS2_PLACEMENT_3D('',#8583,#8584,#8585);
#8583 = CARTESIAN_POINT('',(14.328823425984,0.,-3.181637936663E-15));
#8584 = DIRECTION('',(1.,0.,-2.22044604925E-16));
#8585 = DIRECTION('',(-2.22044604925E-16,-1.224646799147E-16,-1.));
#8586 = PCURVE('',#8587,#8592);
#8587 = CONICAL_SURFACE('',#8588,510.,0.20539538919);
#8588 = AXIS2_PLACEMENT_3D('',#8589,#8590,#8591);
#8589 = CARTESIAN_POINT('',(0.,0.,0.));
#8590 = DIRECTION('',(1.,0.,-2.22044604925E-16));
#8591 = DIRECTION('',(-2.22044604925E-16,0.,-1.));
#8592 = DEFINITIONAL_REPRESENTATION('',(#8593),#8597);
#8593 = LINE('',#8594,#8595);
#8594 = CARTESIAN_POINT('',(0.,14.328823425984));
#8595 = VECTOR('',#8596,1.);
#8596 = DIRECTION('',(1.,0.));
#8597 = ( GEOMETRIC_REPRESENTATION_CONTEXT(2) 
PARAMETRIC_REPRESENTATION_CONTEXT() REPRESENTATION_CONTEXT('2D SPACE',''
  ) );
#8598 = PCURVE('',#8599,#8604);
#8599 = TOROIDAL_SURFACE('',#8600,495.3635239918,18.);
#8600 = AXIS2_PLACEMENT_3D('',#8601,#8602,#8603);
#8601 = CARTESIAN_POINT('',(18.,0.,-3.996802888651E-15));
#8602 = DIRECTION('',(-1.,0.,2.22044604925E-16));
#8603 = DIRECTION('',(-2.22044604925E-16,-1.224646799147E-16,-1.));
#8604 = DEFINITIONAL_REPRESENTATION('',(#8605),#8609);
#8605 = LINE('',#8606,#8607);
#8606 = CARTESIAN_POINT('',(-0.,0.20539538919));
#8607 = VECTOR('',#8608,1.);
#8608 = DIRECTION('',(-1.,0.));
#8609 = ( GEOMETRIC_REPRESENTATION_CONTEXT(2) 
PARAMETRIC_REPRESENTATION_CONTEXT() REPRESENTATION_CONTEXT('2D SPACE',''
  ) );
#8610 = ORIENTED_EDGE('',*,*,#8611,.T.);
#8611 = EDGE_CURVE('',#8578,#8612,#8614,.T.);
#8612 = VERTEX_POINT('',#8613);
#8613 = CARTESIAN_POINT('',(218.08242029425,0.,-555.4338375613));
#8614 = SURFACE_CURVE('',#8615,(#8619,#8626),.PCURVE_S1.);
#8615 = LINE('',#8616,#8617);
#8616 = CARTESIAN_POINT('',(-1.132427485118E-13,-1.24913973513E-13,-510.
    ));
#8617 = VECTOR('',#8618,1.);
#8618 = DIRECTION('',(0.978980419738,-4.995438489415E-17,-0.203954254112
    ));
#8619 = PCURVE('',#8587,#8620);
#8620 = DEFINITIONAL_REPRESENTATION('',(#8621),#8625);
#8621 = LINE('',#8622,#8623);
#8622 = CARTESIAN_POINT('',(6.28318530718,-0.));
#8623 = VECTOR('',#8624,1.);
#8624 = DIRECTION('',(0.,1.));
#8625 = ( GEOMETRIC_REPRESENTATION_CONTEXT(2) 
PARAMETRIC_REPRESENTATION_CONTEXT() REPRESENTATION_CONTEXT('2D SPACE',''
  ) );
#8626 = PCURVE('',#8627,#8632);
#8627 = CONICAL_SURFACE('',#8628,510.,0.20539538919);
#8628 = AXIS2_PLACEMENT_3D('',#8629,#8630,#8631);
#8629 = CARTESIAN_POINT('',(0.,0.,0.));
#8630 = DIRECTION('',(1.,0.,-2.22044604925E-16));
#8631 = DIRECTION('',(-2.22044604925E-16,0.,-1.));
#8632 = DEFINITIONAL_REPRESENTATION('',(#8633),#8637);
#8633 = LINE('',#8634,#8635);
#8634 = CARTESIAN_POINT('',(0.,-0.));
#8635 = VECTOR('',#8636,1.);
#8636 = DIRECTION('',(0.,1.));
#8637 = ( GEOMETRIC_REPRESENTATION_CONTEXT(2) 
PARAMETRIC_REPRESENTATION_CONTEXT() REPRESENTATION_CONTEXT('2D SPACE',''
  ) );
#8638 = ORIENTED_EDGE('',*,*,#8639,.T.);
#8639 = EDGE_CURVE('',#8612,#8640,#8642,.T.);
#8640 = VERTEX_POINT('',#8641);
#8641 = CARTESIAN_POINT('',(14.50425152891,-265.7850233318,
    -438.8047465706));
#8642 = SURFACE_CURVE('',#8643,(#8694,#8740),.PCURVE_S1.);
#8643 = B_SPLINE_CURVE_WITH_KNOTS('',13,(#8644,#8645,#8646,#8647,#8648,
    #8649,#8650,#8651,#8652,#8653,#8654,#8655,#8656,#8657,#8658,#8659,
    #8660,#8661,#8662,#8663,#8664,#8665,#8666,#8667,#8668,#8669,#8670,
    #8671,#8672,#8673,#8674,#8675,#8676,#8677,#8678,#8679,#8680,#8681,
    #8682,#8683,#8684,#8685,#8686,#8687,#8688,#8689,#8690,#8691,#8692,
    #8693),.UNSPECIFIED.,.F.,.F.,(14,12,12,12,14),(2.608535066791E+03,
    2.619919703838E+03,2.798018665038E+03,2.976117626239E+03,
    3.084343736208E+03),.UNSPECIFIED.);
#8644 = CARTESIAN_POINT('',(218.08242029425,-1.360420542615E-13,
    -555.4338375613));
#8645 = CARTESIAN_POINT('',(217.50498020301,-0.751842746226,
    -555.3135375423));
#8646 = CARTESIAN_POINT('',(216.92769015729,-1.50350169943,
    -555.1921662363));
#8647 = CARTESIAN_POINT('',(216.35055152817,-2.254975074248,
    -555.0697239842));
#8648 = CARTESIAN_POINT('',(215.77356568439,-3.006261084289,
    -554.9462111191));
#8649 = CARTESIAN_POINT('',(215.19673399965,-3.757357945362,
    -554.8216279915));
#8650 = CARTESIAN_POINT('',(214.62005783951,-4.508263869526,
    -554.6959749223));
#8651 = CARTESIAN_POINT('',(214.04353858016,-5.258977074059,
    -554.5692522723));
#8652 = CARTESIAN_POINT('',(213.46717758658,-6.009495770213,
    -554.4414603586));
#8653 = CARTESIAN_POINT('',(212.89097623334,-6.759818175072,
    -554.3125995379));
#8654 = CARTESIAN_POINT('',(212.31493588837,-7.509942500967,
    -554.182670137));
#8655 = CARTESIAN_POINT('',(211.73905792329,-8.259866963476,
    -554.0516725014));
#8656 = CARTESIAN_POINT('',(211.16334370811,-9.009589776355,
    -553.919606967));
#8657 = CARTESIAN_POINT('',(201.58402088979,-21.48443882762,
    -551.7037666677));
#8658 = CARTESIAN_POINT('',(192.62064281175,-33.16000040843,
    -549.359806023));
#8659 = CARTESIAN_POINT('',(183.70194115521,-44.78021259288,
    -546.7557207393));
#8660 = CARTESIAN_POINT('',(174.83263933344,-56.33891089878,
    -543.8928447081));
#8661 = CARTESIAN_POINT('',(166.01769052906,-67.8296239783,
    -540.7727288079));
#8662 = CARTESIAN_POINT('',(157.2621346377,-79.24575936958,
    -537.3971440831));
#8663 = CARTESIAN_POINT('',(148.57101146975,-90.58071625813,
    -533.7680786388));
#8664 = CARTESIAN_POINT('',(139.94931670171,-101.8279427857,
    -529.8877307859));
#8665 = CARTESIAN_POINT('',(131.40198701443,-112.9809554914,
    -525.7585008586));
#8666 = CARTESIAN_POINT('',(122.9339009093,-124.0333384118,
    -521.3829842222));
#8667 = CARTESIAN_POINT('',(114.54988164951,-134.9787394283,
    -516.7639679277));
#8668 = CARTESIAN_POINT('',(106.25468880301,-145.8108813947,
    -511.904433497));
#8669 = CARTESIAN_POINT('',(89.8512808921,-167.2363298452,
    -501.7107031353));
#8670 = CARTESIAN_POINT('',(81.743089785102,-177.8296048644,
    -496.376523062));
#8671 = CARTESIAN_POINT('',(73.732896003301,-188.2975068222,
    -490.8080432224));
#8672 = CARTESIAN_POINT('',(65.826172200737,-198.6328004975,
    -485.0093805787));
#8673 = CARTESIAN_POINT('',(58.024975002237,-208.8327464732,
    -478.9820888294));
#8674 = CARTESIAN_POINT('',(50.338451221196,-218.8852391596,
    -472.7335270561));
#8675 = CARTESIAN_POINT('',(42.764972917394,-228.7924059578,
    -466.2637644871));
#8676 = CARTESIAN_POINT('',(35.313018043819,-238.5429579348,
    -459.5781308646));
#8677 = CARTESIAN_POINT('',(27.987498150395,-248.1304437902,
    -452.6851728024));
#8678 = CARTESIAN_POINT('',(20.786405785166,-257.557344399,
    -445.5803779331));
#8679 = CARTESIAN_POINT('',(13.721435117124,-266.8082424551,
    -438.2780074299));
#8680 = CARTESIAN_POINT('',(6.791807846822,-275.884043614,
    -430.7779268997));
#8681 = CARTESIAN_POINT('',(-4.127205110954,-290.1880806022,
    -418.407626444));
#8682 = CARTESIAN_POINT('',(-8.260332351723,-295.6025265011,
    -413.7251495583));
#8683 = CARTESIAN_POINT('',(-12.3993817223,-301.0247304605,
    -409.0359634099));
#8684 = CARTESIAN_POINT('',(-16.5443532227,-306.4546924805,
    -404.340067999));
#8685 = CARTESIAN_POINT('',(-20.69524685292,-311.8924125611,
    -399.6374633255));
#8686 = CARTESIAN_POINT('',(-24.85206261295,-317.3378907023,
    -394.9281493894));
#8687 = CARTESIAN_POINT('',(-29.0148005028,-322.791126904,
    -390.2121261908));
#8688 = CARTESIAN_POINT('',(-33.18346052246,-328.2521211663,
    -385.4893937295));
#8689 = CARTESIAN_POINT('',(-37.35804267194,-333.7208734892,
    -380.7599520056));
#8690 = CARTESIAN_POINT('',(-41.53854695124,-339.1973838727,
    -376.0238010192));
#8691 = CARTESIAN_POINT('',(-45.72497336035,-344.6816523167,
    -371.2809407702));
#8692 = CARTESIAN_POINT('',(-49.91732189928,-350.1736788213,
    -366.5313712585));
#8693 = CARTESIAN_POINT('',(-54.11559256802,-355.6734633865,
    -361.7750924843));
#8694 = PCURVE('',#8587,#8695);
#8695 = DEFINITIONAL_REPRESENTATION('',(#8696),#8739);
#8696 = B_SPLINE_CURVE_WITH_KNOTS('',9,(#8697,#8698,#8699,#8700,#8701,
    #8702,#8703,#8704,#8705,#8706,#8707,#8708,#8709,#8710,#8711,#8712,
    #8713,#8714,#8715,#8716,#8717,#8718,#8719,#8720,#8721,#8722,#8723,
    #8724,#8725,#8726,#8727,#8728,#8729,#8730,#8731,#8732,#8733,#8734,
    #8735,#8736,#8737,#8738),.UNSPECIFIED.,.F.,.F.,(10,8,8,8,8,10),(
    2.608535066791E+03,2.650895483358E+03,2.693255899924E+03,
    2.777976733056E+03,2.862697566189E+03,2.947418399321E+03),
  .UNSPECIFIED.);
#8697 = CARTESIAN_POINT('',(6.28318530718,218.08242029425));
#8698 = CARTESIAN_POINT('',(6.275910247576,214.97894130857));
#8699 = CARTESIAN_POINT('',(6.268626078664,211.87997173337));
#8700 = CARTESIAN_POINT('',(6.261332656161,208.78568291061));
#8701 = CARTESIAN_POINT('',(6.254030551965,205.69655650847));
#8702 = CARTESIAN_POINT('',(6.246718825035,202.61241703618));
#8703 = CARTESIAN_POINT('',(6.239398085727,199.53376437663));
#8704 = CARTESIAN_POINT('',(6.232067937134,196.4606554482));
#8705 = CARTESIAN_POINT('',(6.224728473489,193.39336295274));
#8706 = CARTESIAN_POINT('',(6.210030817994,187.27082587391));
#8707 = CARTESIAN_POINT('',(6.202672628858,184.21558252307));
#8708 = CARTESIAN_POINT('',(6.195305057601,181.16658460939));
#8709 = CARTESIAN_POINT('',(6.187928093032,178.12405527989));
#8710 = CARTESIAN_POINT('',(6.180541732175,175.08821993967));
#8711 = CARTESIAN_POINT('',(6.173145978969,172.05930561253));
#8712 = CARTESIAN_POINT('',(6.165740842935,169.03754030045));
#8713 = CARTESIAN_POINT('',(6.15832633788,166.02315234409));
#8714 = CARTESIAN_POINT('',(6.13605476594,157.00280465956));
#8715 = CARTESIAN_POINT('',(6.1211696398,151.01966006284));
#8716 = CARTESIAN_POINT('',(6.106247249608,145.06876618965));
#8717 = CARTESIAN_POINT('',(6.091287784701,139.15194618099));
#8718 = CARTESIAN_POINT('',(6.07629147286,133.27101304367));
#8719 = CARTESIAN_POINT('',(6.061258576877,127.42776657249));
#8720 = CARTESIAN_POINT('',(6.046189391131,121.62399027231));
#8721 = CARTESIAN_POINT('',(6.031084238148,115.8614482802));
#8722 = CARTESIAN_POINT('',(6.000802692199,104.42231629478));
#8723 = CARTESIAN_POINT('',(5.985626294849,98.745725236833));
#8724 = CARTESIAN_POINT('',(5.970414663494,93.113864130333));
#8725 = CARTESIAN_POINT('',(5.955168075266,87.528422017441));
#8726 = CARTESIAN_POINT('',(5.939887056199,81.991137940997));
#8727 = CARTESIAN_POINT('',(5.924572047993,76.503689143237));
#8728 = CARTESIAN_POINT('',(5.90922342106,71.067694364436));
#8729 = CARTESIAN_POINT('',(5.893841816152,65.684825259122));
#8730 = CARTESIAN_POINT('',(5.863013658976,55.028512918853));
#8731 = CARTESIAN_POINT('',(5.847567109342,49.755070885278));
#8732 = CARTESIAN_POINT('',(5.832088669941,44.537954416264));
#8733 = CARTESIAN_POINT('',(5.81657882642,39.378711376798));
#8734 = CARTESIAN_POINT('',(5.801038418758,34.27895414378));
#8735 = CARTESIAN_POINT('',(5.785467987752,29.240164162789));
#8736 = CARTESIAN_POINT('',(5.769868026197,24.263768003651));
#8737 = CARTESIAN_POINT('',(5.754239739848,19.351362766705));
#8738 = CARTESIAN_POINT('',(5.738583520135,14.50425152891));
#8739 = ( GEOMETRIC_REPRESENTATION_CONTEXT(2) 
PARAMETRIC_REPRESENTATION_CONTEXT() REPRESENTATION_CONTEXT('2D SPACE',''
  ) );
#8740 = PCURVE('',#8741,#8746);
#8741 = CONICAL_SURFACE('',#8742,510.,0.20539538919);
#8742 = AXIS2_PLACEMENT_3D('',#8743,#8744,#8745);
#8743 = CARTESIAN_POINT('',(0.,0.,0.));
#8744 = DIRECTION('',(1.,0.,-2.22044604925E-16));
#8745 = DIRECTION('',(-2.22044604925E-16,0.,-1.));
#8746 = DEFINITIONAL_REPRESENTATION('',(#8747),#8790);
#8747 = B_SPLINE_CURVE_WITH_KNOTS('',9,(#8748,#8749,#8750,#8751,#8752,
    #8753,#8754,#8755,#8756,#8757,#8758,#8759,#8760,#8761,#8762,#8763,
    #8764,#8765,#8766,#8767,#8768,#8769,#8770,#8771,#8772,#8773,#8774,
    #8775,#8776,#8777,#8778,#8779,#8780,#8781,#8782,#8783,#8784,#8785,
    #8786,#8787,#8788,#8789),.UNSPECIFIED.,.F.,.F.,(10,8,8,8,8,10),(
    2.608535066791E+03,2.650895483358E+03,2.693255899924E+03,
    2.777976733056E+03,2.862697566189E+03,2.947418399321E+03),
  .UNSPECIFIED.);
#8748 = CARTESIAN_POINT('',(6.28318530718,218.08242029425));
#8749 = CARTESIAN_POINT('',(6.275910247576,214.97894130857));
#8750 = CARTESIAN_POINT('',(6.268626078664,211.87997173337));
#8751 = CARTESIAN_POINT('',(6.261332656161,208.78568291061));
#8752 = CARTESIAN_POINT('',(6.254030551965,205.69655650847));
#8753 = CARTESIAN_POINT('',(6.246718825035,202.61241703618));
#8754 = CARTESIAN_POINT('',(6.239398085727,199.53376437663));
#8755 = CARTESIAN_POINT('',(6.232067937134,196.4606554482));
#8756 = CARTESIAN_POINT('',(6.224728473489,193.39336295274));
#8757 = CARTESIAN_POINT('',(6.210030817994,187.27082587391));
#8758 = CARTESIAN_POINT('',(6.202672628858,184.21558252307));
#8759 = CARTESIAN_POINT('',(6.195305057601,181.16658460939));
#8760 = CARTESIAN_POINT('',(6.187928093032,178.12405527989));
#8761 = CARTESIAN_POINT('',(6.180541732175,175.08821993967));
#8762 = CARTESIAN_POINT('',(6.173145978969,172.05930561253));
#8763 = CARTESIAN_POINT('',(6.165740842935,169.03754030045));
#8764 = CARTESIAN_POINT('',(6.15832633788,166.02315234409));
#8765 = CARTESIAN_POINT('',(6.13605476594,157.00280465956));
#8766 = CARTESIAN_POINT('',(6.1211696398,151.01966006284));
#8767 = CARTESIAN_POINT('',(6.106247249608,145.06876618965));
#8768 = CARTESIAN_POINT('',(6.091287784701,139.15194618099));
#8769 = CARTESIAN_POINT('',(6.07629147286,133.27101304367));
#8770 = CARTESIAN_POINT('',(6.061258576877,127.42776657249));
#8771 = CARTESIAN_POINT('',(6.046189391131,121.62399027231));
#8772 = CARTESIAN_POINT('',(6.031084238148,115.8614482802));
#8773 = CARTESIAN_POINT('',(6.000802692199,104.42231629478));
#8774 = CARTESIAN_POINT('',(5.985626294849,98.745725236833));
#8775 = CARTESIAN_POINT('',(5.970414663494,93.113864130333));
#8776 = CARTESIAN_POINT('',(5.955168075266,87.528422017441));
#8777 = CARTESIAN_POINT('',(5.939887056199,81.991137940997));
#8778 = CARTESIAN_POINT('',(5.924572047993,76.503689143237));
#8779 = CARTESIAN_POINT('',(5.90922342106,71.067694364436));
#8780 = CARTESIAN_POINT('',(5.893841816152,65.684825259122));
#8781 = CARTESIAN_POINT('',(5.863013658976,55.028512918853));
#8782 = CARTESIAN_POINT('',(5.847567109342,49.755070885278));
#8783 = CARTESIAN_POINT('',(5.832088669941,44.537954416264));
#8784 = CARTESIAN_POINT('',(5.81657882642,39.378711376798));
#8785 = CARTESIAN_POINT('',(5.801038418758,34.27895414378));
#8786 = CARTESIAN_POINT('',(5.785467987752,29.240164162789));
#8787 = CARTESIAN_POINT('',(5.769868026197,24.263768003651));
#8788 = CARTESIAN_POINT('',(5.754239739848,19.351362766705));
#8789 = CARTESIAN_POINT('',(5.738583520135,14.50425152891));
#8790 = ( GEOMETRIC_REPRESENTATION_CONTEXT(2) 
PARAMETRIC_REPRESENTATION_CONTEXT() REPRESENTATION_CONTEXT('2D SPACE',''
  ) );
#8791 = ORIENTED_EDGE('',*,*,#8792,.T.);
#8792 = EDGE_CURVE('',#8640,#8576,#8793,.T.);
#8793 = SURFACE_CURVE('',#8794,(#8805,#8819),.PCURVE_S1.);
#8794 = B_SPLINE_CURVE_WITH_KNOTS('',9,(#8795,#8796,#8797,#8798,#8799,
    #8800,#8801,#8802,#8803,#8804),.UNSPECIFIED.,.F.,.F.,(10,10),(0.,1.)
  ,.PIECEWISE_BEZIER_KNOTS.);
#8795 = CARTESIAN_POINT('',(14.50425152891,-265.7850233318,
    -438.8047465706));
#8796 = CARTESIAN_POINT('',(14.484122756968,-265.8113801687,
    -438.7838794175));
#8797 = CARTESIAN_POINT('',(14.462170611553,-265.8360430689,
    -438.7635910957));
#8798 = CARTESIAN_POINT('',(14.435814559551,-265.8560800875,
    -438.7450311899));
#8799 = CARTESIAN_POINT('',(14.407862864927,-265.8842540282,
    -438.7211483184));
#8800 = CARTESIAN_POINT('',(14.384318128961,-265.8905309933,
    -438.7116059611));
#8801 = CARTESIAN_POINT('',(14.339507014912,-265.9132277657,
    -438.6869379574));
#8802 = CARTESIAN_POINT('',(14.334805292863,-265.9488438909,
    -438.6641992922));
#8803 = CARTESIAN_POINT('',(14.328823426079,-265.9805169084,
    -438.6435368048));
#8804 = CARTESIAN_POINT('',(14.328823425984,-266.013944395,
    -438.6232638775));
#8805 = PCURVE('',#8587,#8806);
#8806 = DEFINITIONAL_REPRESENTATION('',(#8807),#8818);
#8807 = B_SPLINE_CURVE_WITH_KNOTS('',9,(#8808,#8809,#8810,#8811,#8812,
    #8813,#8814,#8815,#8816,#8817),.UNSPECIFIED.,.F.,.F.,(10,10),(0.,1.)
  ,.PIECEWISE_BEZIER_KNOTS.);
#8808 = CARTESIAN_POINT('',(5.738583520135,14.50425152891));
#8809 = CARTESIAN_POINT('',(5.738518503993,14.484122757145));
#8810 = CARTESIAN_POINT('',(5.738456637744,14.462435066354));
#8811 = CARTESIAN_POINT('',(5.738405643539,14.43481051154));
#8812 = CARTESIAN_POINT('',(5.73833220077,14.409674937202));
#8813 = CARTESIAN_POINT('',(5.738314856967,14.382412104305));
#8814 = CARTESIAN_POINT('',(5.73825011099,14.340673048941));
#8815 = CARTESIAN_POINT('',(5.738168583033,14.334469055062));
#8816 = CARTESIAN_POINT('',(5.738094750836,14.328823425984));
#8817 = CARTESIAN_POINT('',(5.738018540818,14.328823425984));
#8818 = ( GEOMETRIC_REPRESENTATION_CONTEXT(2) 
PARAMETRIC_REPRESENTATION_CONTEXT() REPRESENTATION_CONTEXT('2D SPACE',''
  ) );
#8819 = PCURVE('',#8741,#8820);
#8820 = DEFINITIONAL_REPRESENTATION('',(#8821),#8832);
#8821 = B_SPLINE_CURVE_WITH_KNOTS('',9,(#8822,#8823,#8824,#8825,#8826,
    #8827,#8828,#8829,#8830,#8831),.UNSPECIFIED.,.F.,.F.,(10,10),(0.,1.)
  ,.PIECEWISE_BEZIER_KNOTS.);
#8822 = CARTESIAN_POINT('',(5.738583520135,14.50425152891));
#8823 = CARTESIAN_POINT('',(5.738518503993,14.484122757145));
#8824 = CARTESIAN_POINT('',(5.738456637744,14.462435066354));
#8825 = CARTESIAN_POINT('',(5.738405643539,14.43481051154));
#8826 = CARTESIAN_POINT('',(5.73833220077,14.409674937202));
#8827 = CARTESIAN_POINT('',(5.738314856967,14.382412104305));
#8828 = CARTESIAN_POINT('',(5.73825011099,14.340673048941));
#8829 = CARTESIAN_POINT('',(5.738168583033,14.334469055062));
#8830 = CARTESIAN_POINT('',(5.738094750836,14.328823425984));
#8831 = CARTESIAN_POINT('',(5.738018540818,14.328823425984));
#8832 = ( GEOMETRIC_REPRESENTATION_CONTEXT(2) 
PARAMETRIC_REPRESENTATION_CONTEXT() REPRESENTATION_CONTEXT('2D SPACE',''
  ) );
#8833 = ADVANCED_FACE('',(#8834),#8599,.T.);
#8834 = FACE_BOUND('',#8835,.F.);
#8835 = EDGE_LOOP('',(#8836,#8872,#8873,#8900));
#8836 = ORIENTED_EDGE('',*,*,#8837,.F.);
#8837 = EDGE_CURVE('',#8576,#8838,#8840,.T.);
#8838 = VERTEX_POINT('',#8839);
#8839 = CARTESIAN_POINT('',(6.661338147751E-16,-256.876050684,
    -423.5560358282));
#8840 = SURFACE_CURVE('',#8841,(#8851,#8861),.PCURVE_S1.);
#8841 = B_SPLINE_CURVE_WITH_KNOTS('',8,(#8842,#8843,#8844,#8845,#8846,
    #8847,#8848,#8849,#8850),.UNSPECIFIED.,.F.,.F.,(9,9),(0.,1.),
  .PIECEWISE_BEZIER_KNOTS.);
#8842 = CARTESIAN_POINT('',(14.328823425984,-266.013944395,
    -438.6232638775));
#8843 = CARTESIAN_POINT('',(11.321246664218,-265.68902542,
    -438.0875136872));
#8844 = CARTESIAN_POINT('',(8.435888313177,-265.0598927914,
    -437.0501537565));
#8845 = CARTESIAN_POINT('',(5.806252688298,-264.1409704877,
    -435.5349673964));
#8846 = CARTESIAN_POINT('',(3.558237366506,-262.9655812406,
    -433.5968995667));
#8847 = CARTESIAN_POINT('',(1.79773565609,-261.5846264327,-431.319880193
    ));
#8848 = CARTESIAN_POINT('',(0.599245874947,-260.0622454953,
    -428.8096670643));
#8849 = CARTESIAN_POINT('',(2.22044604925E-16,-258.469148001,
    -426.1828513001));
#8850 = CARTESIAN_POINT('',(6.661338147751E-16,-256.876050684,
    -423.5560358282));
#8851 = PCURVE('',#8599,#8852);
#8852 = DEFINITIONAL_REPRESENTATION('',(#8853),#8860);
#8853 = B_SPLINE_CURVE_WITH_KNOTS('',5,(#8854,#8855,#8856,#8857,#8858,
    #8859),.UNSPECIFIED.,.F.,.F.,(6,6),(0.,1.),
  .PIECEWISE_BEZIER_KNOTS.);
#8854 = CARTESIAN_POINT('',(-5.738018540818,0.20539538919));
#8855 = CARTESIAN_POINT('',(-5.738018540818,0.478475576711));
#8856 = CARTESIAN_POINT('',(-5.738018540818,0.751555765407));
#8857 = CARTESIAN_POINT('',(-5.738018540818,1.024635950577));
#8858 = CARTESIAN_POINT('',(-5.738018540818,1.297716139274));
#8859 = CARTESIAN_POINT('',(-5.738018540818,1.570796326795));
#8860 = ( GEOMETRIC_REPRESENTATION_CONTEXT(2) 
PARAMETRIC_REPRESENTATION_CONTEXT() REPRESENTATION_CONTEXT('2D SPACE',''
  ) );
#8861 = PCURVE('',#8862,#8867);
#8862 = TOROIDAL_SURFACE('',#8863,495.3635239918,18.);
#8863 = AXIS2_PLACEMENT_3D('',#8864,#8865,#8866);
#8864 = CARTESIAN_POINT('',(18.,0.,-3.996802888651E-15));
#8865 = DIRECTION('',(-1.,0.,2.22044604925E-16));
#8866 = DIRECTION('',(1.933886501647E-16,-0.491380417772,0.870945052819)
  );
#8867 = DEFINITIONAL_REPRESENTATION('',(#8868),#8871);
#8868 = B_SPLINE_CURVE_WITH_KNOTS('',1,(#8869,#8870),.UNSPECIFIED.,.F.,
  .F.,(2,2),(0.,1.),.PIECEWISE_BEZIER_KNOTS.);
#8869 = CARTESIAN_POINT('',(-2.08275187626,0.20539538919));
#8870 = CARTESIAN_POINT('',(-2.08275187626,1.570796326795));
#8871 = ( GEOMETRIC_REPRESENTATION_CONTEXT(2) 
PARAMETRIC_REPRESENTATION_CONTEXT() REPRESENTATION_CONTEXT('2D SPACE',''
  ) );
#8872 = ORIENTED_EDGE('',*,*,#8575,.T.);
#8873 = ORIENTED_EDGE('',*,*,#8874,.T.);
#8874 = EDGE_CURVE('',#8578,#8875,#8877,.T.);
#8875 = VERTEX_POINT('',#8876);
#8876 = CARTESIAN_POINT('',(-1.101341240428E-13,-6.066453540709E-14,
    -495.3635239918));
#8877 = SURFACE_CURVE('',#8878,(#8883,#8889),.PCURVE_S1.);
#8878 = CIRCLE('',#8879,18.);
#8879 = AXIS2_PLACEMENT_3D('',#8880,#8881,#8882);
#8880 = CARTESIAN_POINT('',(18.,-6.066453540709E-14,-495.3635239918));
#8881 = DIRECTION('',(-2.719262146894E-32,1.,-1.224646799147E-16));
#8882 = DIRECTION('',(-2.22044604925E-16,-1.224646799147E-16,-1.));
#8883 = PCURVE('',#8599,#8884);
#8884 = DEFINITIONAL_REPRESENTATION('',(#8885),#8888);
#8885 = B_SPLINE_CURVE_WITH_KNOTS('',1,(#8886,#8887),.UNSPECIFIED.,.F.,
  .F.,(2,2),(0.20539538919,1.570796326795),.PIECEWISE_BEZIER_KNOTS.);
#8886 = CARTESIAN_POINT('',(-6.28318530718,0.20539538919));
#8887 = CARTESIAN_POINT('',(-6.28318530718,1.570796326795));
#8888 = ( GEOMETRIC_REPRESENTATION_CONTEXT(2) 
PARAMETRIC_REPRESENTATION_CONTEXT() REPRESENTATION_CONTEXT('2D SPACE',''
  ) );
#8889 = PCURVE('',#8890,#8895);
#8890 = TOROIDAL_SURFACE('',#8891,495.3635239918,18.);
#8891 = AXIS2_PLACEMENT_3D('',#8892,#8893,#8894);
#8892 = CARTESIAN_POINT('',(18.,0.,-3.996802888651E-15));
#8893 = DIRECTION('',(-1.,0.,2.22044604925E-16));
#8894 = DIRECTION('',(-2.22044604925E-16,-1.224646799147E-16,-1.));
#8895 = DEFINITIONAL_REPRESENTATION('',(#8896),#8899);
#8896 = B_SPLINE_CURVE_WITH_KNOTS('',1,(#8897,#8898),.UNSPECIFIED.,.F.,
  .F.,(2,2),(0.20539538919,1.570796326795),.PIECEWISE_BEZIER_KNOTS.);
#8897 = CARTESIAN_POINT('',(0.,0.20539538919));
#8898 = CARTESIAN_POINT('',(0.,1.570796326795));
#8899 = ( GEOMETRIC_REPRESENTATION_CONTEXT(2) 
PARAMETRIC_REPRESENTATION_CONTEXT() REPRESENTATION_CONTEXT('2D SPACE',''
  ) );
#8900 = ORIENTED_EDGE('',*,*,#8901,.F.);
#8901 = EDGE_CURVE('',#8838,#8875,#8902,.T.);
#8902 = SURFACE_CURVE('',#8903,(#8908,#8915),.PCURVE_S1.);
#8903 = CIRCLE('',#8904,495.3635239918);
#8904 = AXIS2_PLACEMENT_3D('',#8905,#8906,#8907);
#8905 = CARTESIAN_POINT('',(0.,0.,0.));
#8906 = DIRECTION('',(1.,0.,-2.22044604925E-16));
#8907 = DIRECTION('',(-2.22044604925E-16,-1.224646799147E-16,-1.));
#8908 = PCURVE('',#8599,#8909);
#8909 = DEFINITIONAL_REPRESENTATION('',(#8910),#8914);
#8910 = LINE('',#8911,#8912);
#8911 = CARTESIAN_POINT('',(-0.,1.570796326795));
#8912 = VECTOR('',#8913,1.);
#8913 = DIRECTION('',(-1.,0.));
#8914 = ( GEOMETRIC_REPRESENTATION_CONTEXT(2) 
PARAMETRIC_REPRESENTATION_CONTEXT() REPRESENTATION_CONTEXT('2D SPACE',''
  ) );
#8915 = PCURVE('',#8916,#8921);
#8916 = PLANE('',#8917);
#8917 = AXIS2_PLACEMENT_3D('',#8918,#8919,#8920);
#8918 = CARTESIAN_POINT('',(0.,0.,0.));
#8919 = DIRECTION('',(1.,0.,-2.22044604925E-16));
#8920 = DIRECTION('',(-2.22044604925E-16,0.,-1.));
#8921 = DEFINITIONAL_REPRESENTATION('',(#8922),#8926);
#8922 = CIRCLE('',#8923,495.3635239918);
#8923 = AXIS2_PLACEMENT_2D('',#8924,#8925);
#8924 = CARTESIAN_POINT('',(0.,0.));
#8925 = DIRECTION('',(1.,-1.224646799147E-16));
#8926 = ( GEOMETRIC_REPRESENTATION_CONTEXT(2) 
PARAMETRIC_REPRESENTATION_CONTEXT() REPRESENTATION_CONTEXT('2D SPACE',''
  ) );
#8927 = ADVANCED_FACE('',(#8928),#8741,.T.);
#8928 = FACE_BOUND('',#8929,.T.);
#8929 = EDGE_LOOP('',(#8930,#8931,#8954,#9069,#9114,#9143,#9193,#9243,
    #9244,#9364,#9408,#9430));
#8930 = ORIENTED_EDGE('',*,*,#8639,.F.);
#8931 = ORIENTED_EDGE('',*,*,#8932,.T.);
#8932 = EDGE_CURVE('',#8612,#8933,#8935,.T.);
#8933 = VERTEX_POINT('',#8934);
#8934 = CARTESIAN_POINT('',(915.51192986445,-1.716297549501E-13,
    -700.731652055));
#8935 = SEAM_CURVE('',#8936,(#8940,#8947),.PCURVE_S1.);
#8936 = LINE('',#8937,#8938);
#8937 = CARTESIAN_POINT('',(-1.132427485118E-13,-1.24913973513E-13,-510.
    ));
#8938 = VECTOR('',#8939,1.);
#8939 = DIRECTION('',(0.978980419738,-4.995438489415E-17,-0.203954254112
    ));
#8940 = PCURVE('',#8741,#8941);
#8941 = DEFINITIONAL_REPRESENTATION('',(#8942),#8946);
#8942 = LINE('',#8943,#8944);
#8943 = CARTESIAN_POINT('',(0.,-0.));
#8944 = VECTOR('',#8945,1.);
#8945 = DIRECTION('',(0.,1.));
#8946 = ( GEOMETRIC_REPRESENTATION_CONTEXT(2) 
PARAMETRIC_REPRESENTATION_CONTEXT() REPRESENTATION_CONTEXT('2D SPACE',''
  ) );
#8947 = PCURVE('',#8741,#8948);
#8948 = DEFINITIONAL_REPRESENTATION('',(#8949),#8953);
#8949 = LINE('',#8950,#8951);
#8950 = CARTESIAN_POINT('',(6.28318530718,-0.));
#8951 = VECTOR('',#8952,1.);
#8952 = DIRECTION('',(0.,1.));
#8953 = ( GEOMETRIC_REPRESENTATION_CONTEXT(2) 
PARAMETRIC_REPRESENTATION_CONTEXT() REPRESENTATION_CONTEXT('2D SPACE',''
  ) );
#8954 = ORIENTED_EDGE('',*,*,#8955,.F.);
#8955 = EDGE_CURVE('',#8956,#8933,#8958,.T.);
#8956 = VERTEX_POINT('',#8957);
#8957 = CARTESIAN_POINT('',(1.058119225954E+03,117.16449644701,
    720.98354603708));
#8958 = SURFACE_CURVE('',#8959,(#8998,#9031),.PCURVE_S1.);
#8959 = B_SPLINE_CURVE_WITH_KNOTS('',10,(#8960,#8961,#8962,#8963,#8964,
    #8965,#8966,#8967,#8968,#8969,#8970,#8971,#8972,#8973,#8974,#8975,
    #8976,#8977,#8978,#8979,#8980,#8981,#8982,#8983,#8984,#8985,#8986,
    #8987,#8988,#8989,#8990,#8991,#8992,#8993,#8994,#8995,#8996,#8997),
  .UNSPECIFIED.,.F.,.F.,(11,9,9,9,11),(-94.45238762923,-14.40317648428,
    0.,1.32574052869E+03,2.651481057379E+03),.UNSPECIFIED.);
#8960 = CARTESIAN_POINT('',(1.157040349467E+03,198.3340809687,
    726.97897087848));
#8961 = CARTESIAN_POINT('',(1.149319449093E+03,191.9989120786,
    726.52739706766));
#8962 = CARTESIAN_POINT('',(1.141602296592E+03,185.66681840064,
    726.07604245946));
#8963 = CARTESIAN_POINT('',(1.133888891963E+03,179.33779993481,
    725.62490705388));
#8964 = CARTESIAN_POINT('',(1.126179235207E+03,173.01185668113,
    725.17399085092));
#8965 = CARTESIAN_POINT('',(1.118473326324E+03,166.68898863958,
    724.72329385058));
#8966 = CARTESIAN_POINT('',(1.110771165314E+03,160.36919581017,
    724.27281605286));
#8967 = CARTESIAN_POINT('',(1.103072752176E+03,154.0524781929,
    723.82255745777));
#8968 = CARTESIAN_POINT('',(1.095378086911E+03,147.73883578776,
    723.3725180653));
#8969 = CARTESIAN_POINT('',(1.087687169519E+03,141.42826859477,
    722.92269787544));
#8970 = CARTESIAN_POINT('',(1.078616855086E+03,133.98587573389,
    722.3922006211));
#8971 = CARTESIAN_POINT('',(1.0772339138E+03,132.85111879143,
    722.30945734646));
#8972 = CARTESIAN_POINT('',(1.075851180394E+03,131.71650925316,
    722.22486734929));
#8973 = CARTESIAN_POINT('',(1.074468659119E+03,130.58205058514,
    722.1384309118));
#8974 = CARTESIAN_POINT('',(1.073086354231E+03,129.44774625444,
    722.05014832142));
#8975 = CARTESIAN_POINT('',(1.071704269975E+03,128.31359972672,
    721.96001985817));
#8976 = CARTESIAN_POINT('',(1.070322410611E+03,127.17961446919,
    721.86804581024));
#8977 = CARTESIAN_POINT('',(1.068940780385E+03,126.04579394772,
    721.7742264588));
#8978 = CARTESIAN_POINT('',(1.067559383553E+03,124.91214162908,
    721.67856208966));
#8979 = CARTESIAN_POINT('',(939.04941261121,19.44742285697,
    712.60582656337));
#8980 = CARTESIAN_POINT('',(813.93424911745,-83.42917633409,688.00181624
    ));
#8981 = CARTESIAN_POINT('',(694.2952682138,-182.0263726027,648.017874204
    ));
#8982 = CARTESIAN_POINT('',(583.45940934798,-273.6063071388,
    593.4466479657));
#8983 = CARTESIAN_POINT('',(484.49791787044,-355.6046992996,
    525.5683622224));
#8984 = CARTESIAN_POINT('',(400.08974674909,-425.743531106,
    446.15032291252));
#8985 = CARTESIAN_POINT('',(332.42015069462,-482.1022106356,
    357.34163958253));
#8986 = CARTESIAN_POINT('',(283.0778266334,-523.2530381562,
    261.69687364637));
#8987 = CARTESIAN_POINT('',(252.98233888358,-548.364825905,
    161.94147870009));
#8988 = CARTESIAN_POINT('',(231.83433262113,-566.0129798064,
    -40.24146583378));
#8989 = CARTESIAN_POINT('',(240.78171294292,-558.5494447468,
    -142.6693669409));
#8990 = CARTESIAN_POINT('',(269.52430072994,-534.5504157185,
    -243.6558793349));
#8991 = CARTESIAN_POINT('',(317.68193740537,-494.3589543709,
    -340.3937086231));
#8992 = CARTESIAN_POINT('',(384.24346312784,-438.8972406816,
    -430.1094276134));
#8993 = CARTESIAN_POINT('',(467.47214010262,-369.7320991518,
    -510.3149286603));
#8994 = CARTESIAN_POINT('',(565.12375762172,-288.8137776625,
    -578.9205055218));
#8995 = CARTESIAN_POINT('',(674.44497532907,-198.4781385471,
    -634.2389856637));
#8996 = CARTESIAN_POINT('',(792.34767046923,-101.2964632622,
    -675.0724313477));
#8997 = CARTESIAN_POINT('',(915.51192986445,-1.716297549501E-13,
    -700.731652055));
#8998 = PCURVE('',#8741,#8999);
#8999 = DEFINITIONAL_REPRESENTATION('',(#9000),#9030);
#9000 = B_SPLINE_CURVE_WITH_KNOTS('',10,(#9001,#9002,#9003,#9004,#9005,
    #9006,#9007,#9008,#9009,#9010,#9011,#9012,#9013,#9014,#9015,#9016,
    #9017,#9018,#9019,#9020,#9021,#9022,#9023,#9024,#9025,#9026,#9027,
    #9028,#9029),.UNSPECIFIED.,.F.,.F.,(11,9,9,11),(-14.40317648428,0.,
    1.32574052869E+03,2.651481057379E+03),.UNSPECIFIED.);
#9001 = CARTESIAN_POINT('',(2.956703282424,1.08E+03));
#9002 = CARTESIAN_POINT('',(2.958200815094,1.078616855086E+03));
#9003 = CARTESIAN_POINT('',(2.959698997991,1.0772339138E+03));
#9004 = CARTESIAN_POINT('',(2.961197831835,1.075851180395E+03));
#9005 = CARTESIAN_POINT('',(2.962697317336,1.074468659119E+03));
#9006 = CARTESIAN_POINT('',(2.964197455224,1.073086354231E+03));
#9007 = CARTESIAN_POINT('',(2.965698246202,1.071704269975E+03));
#9008 = CARTESIAN_POINT('',(2.967199691001,1.070322410611E+03));
#9009 = CARTESIAN_POINT('',(2.968701790329,1.068940780385E+03));
#9010 = CARTESIAN_POINT('',(2.970204544909,1.067559383553E+03));
#9011 = CARTESIAN_POINT('',(3.110089394911,939.0494126112));
#9012 = CARTESIAN_POINT('',(3.254027874221,813.93424911749));
#9013 = CARTESIAN_POINT('',(3.403916358692,694.29526821371));
#9014 = CARTESIAN_POINT('',(3.560034136567,583.45940934813));
#9015 = CARTESIAN_POINT('',(3.722451386754,484.49791787027));
#9016 = CARTESIAN_POINT('',(3.89088503221,400.08974674923));
#9017 = CARTESIAN_POINT('',(4.064638499576,332.42015069454));
#9018 = CARTESIAN_POINT('',(4.242402808806,283.07782663343));
#9019 = CARTESIAN_POINT('',(4.422609110415,252.98233888357));
#9020 = CARTESIAN_POINT('',(4.784613146854,231.83433262113));
#9021 = CARTESIAN_POINT('',(4.966411468564,240.78171294291));
#9022 = CARTESIAN_POINT('',(5.147354772812,269.52430072995));
#9023 = CARTESIAN_POINT('',(5.325746815711,317.68193740535));
#9024 = CARTESIAN_POINT('',(5.499939006242,384.24346312788));
#9025 = CARTESIAN_POINT('',(5.668751217536,467.47214010257));
#9026 = CARTESIAN_POINT('',(5.831579678952,565.12375762176));
#9027 = CARTESIAN_POINT('',(5.98817795123,674.44497532905));
#9028 = CARTESIAN_POINT('',(6.138627168604,792.34767046924));
#9029 = CARTESIAN_POINT('',(6.28318530718,915.51192986445));
#9030 = ( GEOMETRIC_REPRESENTATION_CONTEXT(2) 
PARAMETRIC_REPRESENTATION_CONTEXT() REPRESENTATION_CONTEXT('2D SPACE',''
  ) );
#9031 = PCURVE('',#9032,#9037);
#9032 = CONICAL_SURFACE('',#9033,510.,0.20539538919);
#9033 = AXIS2_PLACEMENT_3D('',#9034,#9035,#9036);
#9034 = CARTESIAN_POINT('',(0.,0.,0.));
#9035 = DIRECTION('',(1.,0.,-2.22044604925E-16));
#9036 = DIRECTION('',(-2.22044604925E-16,0.,-1.));
#9037 = DEFINITIONAL_REPRESENTATION('',(#9038),#9068);
#9038 = B_SPLINE_CURVE_WITH_KNOTS('',10,(#9039,#9040,#9041,#9042,#9043,
    #9044,#9045,#9046,#9047,#9048,#9049,#9050,#9051,#9052,#9053,#9054,
    #9055,#9056,#9057,#9058,#9059,#9060,#9061,#9062,#9063,#9064,#9065,
    #9066,#9067),.UNSPECIFIED.,.F.,.F.,(11,9,9,11),(-14.40317648428,0.,
    1.32574052869E+03,2.651481057379E+03),.UNSPECIFIED.);
#9039 = CARTESIAN_POINT('',(2.956703282424,1.08E+03));
#9040 = CARTESIAN_POINT('',(2.958200815094,1.078616855086E+03));
#9041 = CARTESIAN_POINT('',(2.959698997991,1.0772339138E+03));
#9042 = CARTESIAN_POINT('',(2.961197831835,1.075851180395E+03));
#9043 = CARTESIAN_POINT('',(2.962697317336,1.074468659119E+03));
#9044 = CARTESIAN_POINT('',(2.964197455224,1.073086354231E+03));
#9045 = CARTESIAN_POINT('',(2.965698246202,1.071704269975E+03));
#9046 = CARTESIAN_POINT('',(2.967199691001,1.070322410611E+03));
#9047 = CARTESIAN_POINT('',(2.968701790329,1.068940780385E+03));
#9048 = CARTESIAN_POINT('',(2.970204544909,1.067559383553E+03));
#9049 = CARTESIAN_POINT('',(3.110089394911,939.0494126112));
#9050 = CARTESIAN_POINT('',(3.254027874221,813.93424911749));
#9051 = CARTESIAN_POINT('',(3.403916358692,694.29526821371));
#9052 = CARTESIAN_POINT('',(3.560034136567,583.45940934813));
#9053 = CARTESIAN_POINT('',(3.722451386754,484.49791787027));
#9054 = CARTESIAN_POINT('',(3.89088503221,400.08974674923));
#9055 = CARTESIAN_POINT('',(4.064638499576,332.42015069454));
#9056 = CARTESIAN_POINT('',(4.242402808806,283.07782663343));
#9057 = CARTESIAN_POINT('',(4.422609110415,252.98233888357));
#9058 = CARTESIAN_POINT('',(4.784613146854,231.83433262113));
#9059 = CARTESIAN_POINT('',(4.966411468564,240.78171294291));
#9060 = CARTESIAN_POINT('',(5.147354772812,269.52430072995));
#9061 = CARTESIAN_POINT('',(5.325746815711,317.68193740535));
#9062 = CARTESIAN_POINT('',(5.499939006242,384.24346312788));
#9063 = CARTESIAN_POINT('',(5.668751217536,467.47214010257));
#9064 = CARTESIAN_POINT('',(5.831579678952,565.12375762176));
#9065 = CARTESIAN_POINT('',(5.98817795123,674.44497532905));
#9066 = CARTESIAN_POINT('',(6.138627168604,792.34767046924));
#9067 = CARTESIAN_POINT('',(6.28318530718,915.51192986445));
#9068 = ( GEOMETRIC_REPRESENTATION_CONTEXT(2) 
PARAMETRIC_REPRESENTATION_CONTEXT() REPRESENTATION_CONTEXT('2D SPACE',''
  ) );
#9069 = ORIENTED_EDGE('',*,*,#9070,.F.);
#9070 = EDGE_CURVE('',#9071,#8956,#9073,.T.);
#9071 = VERTEX_POINT('',#9072);
#9072 = CARTESIAN_POINT('',(1.058328823426E+03,117.33586534642,
    720.99991716613));
#9073 = SURFACE_CURVE('',#9074,(#9086,#9100),.PCURVE_S1.);
#9074 = B_SPLINE_CURVE_WITH_KNOTS('',10,(#9075,#9076,#9077,#9078,#9079,
    #9080,#9081,#9082,#9083,#9084,#9085),.UNSPECIFIED.,.F.,.F.,(11,11),(
    0.,1.),.PIECEWISE_BEZIER_KNOTS.);
#9075 = CARTESIAN_POINT('',(1.058328823426E+03,117.33586534642,
    720.99991716613));
#9076 = CARTESIAN_POINT('',(1.058328823427E+03,117.30789751149,
    721.00446866491));
#9077 = CARTESIAN_POINT('',(1.05832155129E+03,117.2799409871,
    721.00748228326));
#9078 = CARTESIAN_POINT('',(1.058287088193E+03,117.24989736163,
    721.00509367712));
#9079 = CARTESIAN_POINT('',(1.058259125287E+03,117.26839431419,
    720.99618242211));
#9080 = CARTESIAN_POINT('',(1.058247029233E+03,117.22301684558,
    721.00101082164));
#9081 = CARTESIAN_POINT('',(1.058206858501E+03,117.235405411,
    720.99051501453));
#9082 = CARTESIAN_POINT('',(1.058191309377E+03,117.21036950566,
    720.99130520551));
#9083 = CARTESIAN_POINT('',(1.05816348291E+03,117.19915300684,
    720.98725466163));
#9084 = CARTESIAN_POINT('',(1.058141124822E+03,117.18247022657,
    720.98524729371));
#9085 = CARTESIAN_POINT('',(1.058119225954E+03,117.16449644701,
    720.98354603708));
#9086 = PCURVE('',#8741,#9087);
#9087 = DEFINITIONAL_REPRESENTATION('',(#9088),#9099);
#9088 = B_SPLINE_CURVE_WITH_KNOTS('',9,(#9089,#9090,#9091,#9092,#9093,
    #9094,#9095,#9096,#9097,#9098),.UNSPECIFIED.,.F.,.F.,(10,10),(0.,1.)
  ,.PIECEWISE_BEZIER_KNOTS.);
#9089 = CARTESIAN_POINT('',(2.980266474581,1.058328823426E+03));
#9090 = CARTESIAN_POINT('',(2.980309574964,1.058328823426E+03));
#9091 = CARTESIAN_POINT('',(2.980354313491,1.058320400097E+03));
#9092 = CARTESIAN_POINT('',(2.980384852599,1.058269437251E+03));
#9093 = CARTESIAN_POINT('',(2.980368530086,1.05826050476E+03));
#9094 = CARTESIAN_POINT('',(2.98042187914,1.058221161915E+03));
#9095 = CARTESIAN_POINT('',(2.980415925559,1.058197556314E+03));
#9096 = CARTESIAN_POINT('',(2.980446129035,1.05816911085E+03));
#9097 = CARTESIAN_POINT('',(2.980467866338,1.058143558034E+03));
#9098 = CARTESIAN_POINT('',(2.980494438028,1.058119225954E+03));
#9099 = ( GEOMETRIC_REPRESENTATION_CONTEXT(2) 
PARAMETRIC_REPRESENTATION_CONTEXT() REPRESENTATION_CONTEXT('2D SPACE',''
  ) );
#9100 = PCURVE('',#9032,#9101);
#9101 = DEFINITIONAL_REPRESENTATION('',(#9102),#9113);
#9102 = B_SPLINE_CURVE_WITH_KNOTS('',9,(#9103,#9104,#9105,#9106,#9107,
    #9108,#9109,#9110,#9111,#9112),.UNSPECIFIED.,.F.,.F.,(10,10),(0.,1.)
  ,.PIECEWISE_BEZIER_KNOTS.);
#9103 = CARTESIAN_POINT('',(2.980266474581,1.058328823426E+03));
#9104 = CARTESIAN_POINT('',(2.980309574964,1.058328823426E+03));
#9105 = CARTESIAN_POINT('',(2.980354313491,1.058320400097E+03));
#9106 = CARTESIAN_POINT('',(2.980384852599,1.058269437251E+03));
#9107 = CARTESIAN_POINT('',(2.980368530086,1.05826050476E+03));
#9108 = CARTESIAN_POINT('',(2.98042187914,1.058221161915E+03));
#9109 = CARTESIAN_POINT('',(2.980415925559,1.058197556314E+03));
#9110 = CARTESIAN_POINT('',(2.980446129035,1.05816911085E+03));
#9111 = CARTESIAN_POINT('',(2.980467866338,1.058143558034E+03));
#9112 = CARTESIAN_POINT('',(2.980494438028,1.058119225954E+03));
#9113 = ( GEOMETRIC_REPRESENTATION_CONTEXT(2) 
PARAMETRIC_REPRESENTATION_CONTEXT() REPRESENTATION_CONTEXT('2D SPACE',''
  ) );
#9114 = ORIENTED_EDGE('',*,*,#9115,.F.);
#9115 = EDGE_CURVE('',#9116,#9071,#9118,.T.);
#9116 = VERTEX_POINT('',#9117);
#9117 = CARTESIAN_POINT('',(1.058328823426E+03,117.33586534642,
    -720.9999171661));
#9118 = SURFACE_CURVE('',#9119,(#9124,#9131),.PCURVE_S1.);
#9119 = CIRCLE('',#9120,730.48517154708);
#9120 = AXIS2_PLACEMENT_3D('',#9121,#9122,#9123);
#9121 = CARTESIAN_POINT('',(1.058328823426E+03,0.,-2.349962054784E-13));
#9122 = DIRECTION('',(1.,0.,-2.22044604925E-16));
#9123 = DIRECTION('',(-2.22044604925E-16,-1.224646799147E-16,-1.));
#9124 = PCURVE('',#8741,#9125);
#9125 = DEFINITIONAL_REPRESENTATION('',(#9126),#9130);
#9126 = LINE('',#9127,#9128);
#9127 = CARTESIAN_POINT('',(0.,1.058328823426E+03));
#9128 = VECTOR('',#9129,1.);
#9129 = DIRECTION('',(1.,0.));
#9130 = ( GEOMETRIC_REPRESENTATION_CONTEXT(2) 
PARAMETRIC_REPRESENTATION_CONTEXT() REPRESENTATION_CONTEXT('2D SPACE',''
  ) );
#9131 = PCURVE('',#9132,#9137);
#9132 = TOROIDAL_SURFACE('',#9133,712.8635239918,18.);
#9133 = AXIS2_PLACEMENT_3D('',#9134,#9135,#9136);
#9134 = CARTESIAN_POINT('',(1.062E+03,0.,-2.358113704304E-13));
#9135 = DIRECTION('',(1.,0.,-2.22044604925E-16));
#9136 = DIRECTION('',(-2.22044604925E-16,-1.224646799147E-16,-1.));
#9137 = DEFINITIONAL_REPRESENTATION('',(#9138),#9142);
#9138 = LINE('',#9139,#9140);
#9139 = CARTESIAN_POINT('',(0.,6.07778991799));
#9140 = VECTOR('',#9141,1.);
#9141 = DIRECTION('',(1.,0.));
#9142 = ( GEOMETRIC_REPRESENTATION_CONTEXT(2) 
PARAMETRIC_REPRESENTATION_CONTEXT() REPRESENTATION_CONTEXT('2D SPACE',''
  ) );
#9143 = ORIENTED_EDGE('',*,*,#9144,.T.);
#9144 = EDGE_CURVE('',#9116,#9145,#9147,.T.);
#9145 = VERTEX_POINT('',#9146);
#9146 = CARTESIAN_POINT('',(1.058119225215E+03,117.1644957881,
    -720.983545939));
#9147 = SURFACE_CURVE('',#9148,(#9160,#9174),.PCURVE_S1.);
#9148 = B_SPLINE_CURVE_WITH_KNOTS('',10,(#9149,#9150,#9151,#9152,#9153,
    #9154,#9155,#9156,#9157,#9158,#9159),.UNSPECIFIED.,.F.,.F.,(11,11),(
    0.,1.),.PIECEWISE_BEZIER_KNOTS.);
#9149 = CARTESIAN_POINT('',(1.058328823426E+03,117.33586534642,
    -720.9999171661));
#9150 = CARTESIAN_POINT('',(1.058328823426E+03,117.30789741345,
    -721.0044686806));
#9151 = CARTESIAN_POINT('',(1.058321551261E+03,117.27994080409,
    -721.0074822969));
#9152 = CARTESIAN_POINT('',(1.058287088101E+03,117.24989706042,
    -721.0050936919));
#9153 = CARTESIAN_POINT('',(1.058259125028E+03,117.26839400828,
    -720.9961823973));
#9154 = CARTESIAN_POINT('',(1.058247028984E+03,117.2230164484,
    -721.0010108087));
#9155 = CARTESIAN_POINT('',(1.05820685808E+03,117.23540497096,
    -720.9905149677));
#9156 = CARTESIAN_POINT('',(1.058191308909E+03,117.21036900919,
    -720.9913051528));
#9157 = CARTESIAN_POINT('',(1.05816348234E+03,117.19915245334,
    -720.9872545916));
#9158 = CARTESIAN_POINT('',(1.058141124168E+03,117.18246962777,
    -720.9852472036));
#9159 = CARTESIAN_POINT('',(1.058119225215E+03,117.1644957881,
    -720.983545939));
#9160 = PCURVE('',#8741,#9161);
#9161 = DEFINITIONAL_REPRESENTATION('',(#9162),#9173);
#9162 = B_SPLINE_CURVE_WITH_KNOTS('',9,(#9163,#9164,#9165,#9166,#9167,
    #9168,#9169,#9170,#9171,#9172),.UNSPECIFIED.,.F.,.F.,(10,10),(0.,1.)
  ,.PIECEWISE_BEZIER_KNOTS.);
#9163 = CARTESIAN_POINT('',(0.161326179008,1.058328823426E+03));
#9164 = CARTESIAN_POINT('',(0.161283078475,1.058328823426E+03));
#9165 = CARTESIAN_POINT('',(0.161238339765,1.058320399991E+03));
#9166 = CARTESIAN_POINT('',(0.161207800755,1.058269437536E+03));
#9167 = CARTESIAN_POINT('',(0.16122412235,1.058260503653E+03));
#9168 = CARTESIAN_POINT('',(0.161170774736,1.058221162626E+03));
#9169 = CARTESIAN_POINT('',(0.161176726602,1.058197555096E+03));
#9170 = CARTESIAN_POINT('',(0.161146524093,1.058169110643E+03));
#9171 = CARTESIAN_POINT('',(0.161124786359,1.058143557384E+03));
#9172 = CARTESIAN_POINT('',(0.161098214572,1.058119225215E+03));
#9173 = ( GEOMETRIC_REPRESENTATION_CONTEXT(2) 
PARAMETRIC_REPRESENTATION_CONTEXT() REPRESENTATION_CONTEXT('2D SPACE',''
  ) );
#9174 = PCURVE('',#9175,#9180);
#9175 = CONICAL_SURFACE('',#9176,510.,0.20539538919);
#9176 = AXIS2_PLACEMENT_3D('',#9177,#9178,#9179);
#9177 = CARTESIAN_POINT('',(0.,0.,0.));
#9178 = DIRECTION('',(1.,0.,-2.22044604925E-16));
#9179 = DIRECTION('',(-2.22044604925E-16,0.,-1.));
#9180 = DEFINITIONAL_REPRESENTATION('',(#9181),#9192);
#9181 = B_SPLINE_CURVE_WITH_KNOTS('',9,(#9182,#9183,#9184,#9185,#9186,
    #9187,#9188,#9189,#9190,#9191),.UNSPECIFIED.,.F.,.F.,(10,10),(0.,1.)
  ,.PIECEWISE_BEZIER_KNOTS.);
#9182 = CARTESIAN_POINT('',(0.161326179008,1.058328823426E+03));
#9183 = CARTESIAN_POINT('',(0.161283078475,1.058328823426E+03));
#9184 = CARTESIAN_POINT('',(0.161238339765,1.058320399991E+03));
#9185 = CARTESIAN_POINT('',(0.161207800755,1.058269437536E+03));
#9186 = CARTESIAN_POINT('',(0.16122412235,1.058260503653E+03));
#9187 = CARTESIAN_POINT('',(0.161170774736,1.058221162626E+03));
#9188 = CARTESIAN_POINT('',(0.161176726602,1.058197555096E+03));
#9189 = CARTESIAN_POINT('',(0.161146524093,1.058169110643E+03));
#9190 = CARTESIAN_POINT('',(0.161124786359,1.058143557384E+03));
#9191 = CARTESIAN_POINT('',(0.161098214572,1.058119225215E+03));
#9192 = ( GEOMETRIC_REPRESENTATION_CONTEXT(2) 
PARAMETRIC_REPRESENTATION_CONTEXT() REPRESENTATION_CONTEXT('2D SPACE',''
  ) );
#9193 = ORIENTED_EDGE('',*,*,#9194,.F.);
#9194 = EDGE_CURVE('',#8933,#9145,#9195,.T.);
#9195 = SURFACE_CURVE('',#9196,(#9215,#9229),.PCURVE_S1.);
#9196 = B_SPLINE_CURVE_WITH_KNOTS('',9,(#9197,#9198,#9199,#9200,#9201,
    #9202,#9203,#9204,#9205,#9206,#9207,#9208,#9209,#9210,#9211,#9212,
    #9213,#9214),.UNSPECIFIED.,.F.,.F.,(10,8,10),(2.651481057379E+03,
    2.825122922924E+03,2.905346184997E+03),.UNSPECIFIED.);
#9197 = CARTESIAN_POINT('',(915.51192986445,0.,-700.731652055));
#9198 = CARTESIAN_POINT('',(933.43606048928,14.741703869804,
    -704.4658459352));
#9199 = CARTESIAN_POINT('',(951.47316687219,29.571766180021,
    -707.874674808));
#9200 = CARTESIAN_POINT('',(969.61127001227,44.480332996676,
    -710.9556926714));
#9201 = CARTESIAN_POINT('',(987.84429630702,59.462421342642,
    -713.7078415163));
#9202 = CARTESIAN_POINT('',(1.006155632034E+03,74.504394195512,
    -716.12815617));
#9203 = CARTESIAN_POINT('',(1.024539151877E+03,89.60125646813,
    -718.2162474174));
#9204 = CARTESIAN_POINT('',(1.042981356209E+03,104.7419589907,
    -719.9702418373));
#9205 = CARTESIAN_POINT('',(1.061471943783E+03,119.91809820209,
    -721.3894428429));
#9206 = CARTESIAN_POINT('',(1.088560038819E+03,142.14447714882,
    -722.9737495414));
#9207 = CARTESIAN_POINT('',(1.097120077637E+03,149.16817764645,
    -723.4744022017));
#9208 = CARTESIAN_POINT('',(1.105680116456E+03,156.19187814409,
    -723.9750548619));
#9209 = CARTESIAN_POINT('',(1.114240155275E+03,163.21557864173,
    -724.4757075222));
#9210 = CARTESIAN_POINT('',(1.122800194094E+03,170.23927913936,
    -724.9763601824));
#9211 = CARTESIAN_POINT('',(1.131360232912E+03,177.262979637,
    -725.4770128427));
#9212 = CARTESIAN_POINT('',(1.139920271731E+03,184.28668013464,
    -725.9776655029));
#9213 = CARTESIAN_POINT('',(1.14848031055E+03,191.31038063228,
    -726.4783181632));
#9214 = CARTESIAN_POINT('',(1.157040349369E+03,198.33408112991,
    -726.9789708234));
#9215 = PCURVE('',#8741,#9216);
#9216 = DEFINITIONAL_REPRESENTATION('',(#9217),#9228);
#9217 = B_SPLINE_CURVE_WITH_KNOTS('',9,(#9218,#9219,#9220,#9221,#9222,
    #9223,#9224,#9225,#9226,#9227),.UNSPECIFIED.,.F.,.F.,(10,10),(
    2.651481057379E+03,2.802311751649E+03),.PIECEWISE_BEZIER_KNOTS.);
#9218 = CARTESIAN_POINT('',(2.775557561563E-17,915.51192986445));
#9219 = CARTESIAN_POINT('',(1.827389961546E-02,931.08138402713));
#9220 = CARTESIAN_POINT('',(3.645261312924E-02,946.73608094815));
#9221 = CARTESIAN_POINT('',(5.453568433843E-02,962.46816728338));
#9222 = CARTESIAN_POINT('',(7.252668768032E-02,978.27316146402));
#9223 = CARTESIAN_POINT('',(9.042369798144E-02,994.14178939498));
#9224 = CARTESIAN_POINT('',(0.108228710702,1.010068003221E+03));
#9225 = CARTESIAN_POINT('',(0.125942291168,1.02604448446E+03));
#9226 = CARTESIAN_POINT('',(0.143565152728,1.042063947435E+03));
#9227 = CARTESIAN_POINT('',(0.161098214572,1.058119225215E+03));
#9228 = ( GEOMETRIC_REPRESENTATION_CONTEXT(2) 
PARAMETRIC_REPRESENTATION_CONTEXT() REPRESENTATION_CONTEXT('2D SPACE',''
  ) );
#9229 = PCURVE('',#9175,#9230);
#9230 = DEFINITIONAL_REPRESENTATION('',(#9231),#9242);
#9231 = B_SPLINE_CURVE_WITH_KNOTS('',9,(#9232,#9233,#9234,#9235,#9236,
    #9237,#9238,#9239,#9240,#9241),.UNSPECIFIED.,.F.,.F.,(10,10),(
    2.651481057379E+03,2.802311751649E+03),.PIECEWISE_BEZIER_KNOTS.);
#9232 = CARTESIAN_POINT('',(2.775557561563E-17,915.51192986445));
#9233 = CARTESIAN_POINT('',(1.827389961546E-02,931.08138402713));
#9234 = CARTESIAN_POINT('',(3.645261312924E-02,946.73608094815));
#9235 = CARTESIAN_POINT('',(5.453568433843E-02,962.46816728338));
#9236 = CARTESIAN_POINT('',(7.252668768032E-02,978.27316146402));
#9237 = CARTESIAN_POINT('',(9.042369798144E-02,994.14178939498));
#9238 = CARTESIAN_POINT('',(0.108228710702,1.010068003221E+03));
#9239 = CARTESIAN_POINT('',(0.125942291168,1.02604448446E+03));
#9240 = CARTESIAN_POINT('',(0.143565152728,1.042063947435E+03));
#9241 = CARTESIAN_POINT('',(0.161098214572,1.058119225215E+03));
#9242 = ( GEOMETRIC_REPRESENTATION_CONTEXT(2) 
PARAMETRIC_REPRESENTATION_CONTEXT() REPRESENTATION_CONTEXT('2D SPACE',''
  ) );
#9243 = ORIENTED_EDGE('',*,*,#8932,.F.);
#9244 = ORIENTED_EDGE('',*,*,#9245,.F.);
#9245 = EDGE_CURVE('',#9246,#8612,#9248,.T.);
#9246 = VERTEX_POINT('',#9247);
#9247 = CARTESIAN_POINT('',(14.50425132431,-265.7850238164,
    438.80474590045));
#9248 = SURFACE_CURVE('',#9249,(#9292,#9328),.PCURVE_S1.);
#9249 = B_SPLINE_CURVE_WITH_KNOTS('',11,(#9250,#9251,#9252,#9253,#9254,
    #9255,#9256,#9257,#9258,#9259,#9260,#9261,#9262,#9263,#9264,#9265,
    #9266,#9267,#9268,#9269,#9270,#9271,#9272,#9273,#9274,#9275,#9276,
    #9277,#9278,#9279,#9280,#9281,#9282,#9283,#9284,#9285,#9286,#9287,
    #9288,#9289,#9290,#9291),.UNSPECIFIED.,.F.,.F.,(12,10,10,10,12),(
    -142.1304441136,-33.90433414425,0.,1.304267533396E+03,
    2.608535066791E+03),.UNSPECIFIED.);
#9250 = CARTESIAN_POINT('',(-54.11559301155,-355.6734629876,
    361.77509267997));
#9251 = CARTESIAN_POINT('',(-49.15245373301,-349.1716915128,
    367.39790160186));
#9252 = CARTESIAN_POINT('',(-44.19802243725,-342.681327599,
    373.01084513001));
#9253 = CARTESIAN_POINT('',(-39.25229912426,-336.2023712461,
    378.61392326441));
#9254 = CARTESIAN_POINT('',(-34.31528379403,-329.7348224543,
    384.20713600507));
#9255 = CARTESIAN_POINT('',(-29.38697644658,-323.2786812234,
    389.79048335198));
#9256 = CARTESIAN_POINT('',(-24.46737708189,-316.8339475536,
    395.36396530515));
#9257 = CARTESIAN_POINT('',(-19.55648569998,-310.4006214446,
    400.92758186458));
#9258 = CARTESIAN_POINT('',(-14.65430230083,-303.9787028967,
    406.48133303026));
#9259 = CARTESIAN_POINT('',(-9.760826884452,-297.5681919098,
    412.02521880219));
#9260 = CARTESIAN_POINT('',(-4.876059450842,-291.1690884838,
    417.55923918038));
#9261 = CARTESIAN_POINT('',(1.527538493024,-282.7802990281,
    424.81396358574));
#9262 = CARTESIAN_POINT('',(3.062196773301,-280.7699859287,
    426.53459333765));
#9263 = CARTESIAN_POINT('',(4.603956146767,-278.750479162,
    428.24525322882));
#9264 = CARTESIAN_POINT('',(6.152794854879,-276.7218085807,
    429.94590982825));
#9265 = CARTESIAN_POINT('',(7.708688072374,-274.6840080505,
    431.63652646474));
#9266 = CARTESIAN_POINT('',(9.271607910914,-272.6371154475,
    433.31706322865));
#9267 = CARTESIAN_POINT('',(10.841523414402,-270.5811726615,
    434.9874769694));
#9268 = CARTESIAN_POINT('',(12.418400563813,-268.5162255929,
    436.64772129822));
#9269 = CARTESIAN_POINT('',(14.002202273162,-266.4423241549,
    438.29774658579));
#9270 = CARTESIAN_POINT('',(15.592888392224,-264.3595222725,
    439.93749996381));
#9271 = CARTESIAN_POINT('',(78.645774155777,-181.8043047648,
    504.24937136816));
#9272 = CARTESIAN_POINT('',(150.22505857703,-88.25515626491,
    551.64921551607));
#9273 = CARTESIAN_POINT('',(229.24398060854,14.787706739822,
    580.41671108127));
#9274 = CARTESIAN_POINT('',(312.23113593591,122.73755253031,
    588.40120184616));
#9275 = CARTESIAN_POINT('',(395.44125683472,230.71807630707,
    574.95580842415));
#9276 = CARTESIAN_POINT('',(475.13373989864,333.92549397685,
    540.50122912763));
#9277 = CARTESIAN_POINT('',(547.73101752788,427.79342310375,
    486.68502071261));
#9278 = CARTESIAN_POINT('',(610.11500261146,508.36247378997,
    416.11627907918));
#9279 = CARTESIAN_POINT('',(659.78952869915,572.46868073038,
    332.26062676284));
#9280 = CARTESIAN_POINT('',(695.0469968584,617.95072065862,
    239.12449451537));
#9281 = CARTESIAN_POINT('',(734.98250099036,669.45802744515,
    42.831625887186));
#9282 = CARTESIAN_POINT('',(739.66066609081,675.48346512371,
    -60.32516528286));
#9283 = CARTESIAN_POINT('',(728.17641005707,660.6762759708,
    -164.2228952957));
#9284 = CARTESIAN_POINT('',(700.49749171022,624.99666393052,
    -264.3301713506));
#9285 = CARTESIAN_POINT('',(657.47939971386,569.52581084049,
    -356.1546084482));
#9286 = CARTESIAN_POINT('',(600.85689342364,496.4562709297,
    -435.5240172559));
#9287 = CARTESIAN_POINT('',(533.13823199221,408.96306261062,
    -498.9070571129));
#9288 = CARTESIAN_POINT('',(457.42973566727,310.98906162931,
    -543.6409783813));
#9289 = CARTESIAN_POINT('',(377.23860496449,207.01034557535,
    -568.0697628598));
#9290 = CARTESIAN_POINT('',(296.26411762297,101.79470201811,
    -571.7216911714));
#9291 = CARTESIAN_POINT('',(218.08242029425,0.,-555.4338375613));
#9292 = PCURVE('',#8741,#9293);
#9293 = DEFINITIONAL_REPRESENTATION('',(#9294),#9327);
#9294 = B_SPLINE_CURVE_WITH_KNOTS('',11,(#9295,#9296,#9297,#9298,#9299,
    #9300,#9301,#9302,#9303,#9304,#9305,#9306,#9307,#9308,#9309,#9310,
    #9311,#9312,#9313,#9314,#9315,#9316,#9317,#9318,#9319,#9320,#9321,
    #9322,#9323,#9324,#9325,#9326),.UNSPECIFIED.,.F.,.F.,(12,10,10,12),(
    -33.90433414425,0.,1.304267533396E+03,2.608535066791E+03),
  .UNSPECIFIED.);
#9295 = CARTESIAN_POINT('',(3.734042330202,3.39252037174E-14));
#9296 = CARTESIAN_POINT('',(3.728892528441,1.527538493033));
#9297 = CARTESIAN_POINT('',(3.723745682086,3.062196773265));
#9298 = CARTESIAN_POINT('',(3.718601731347,4.603956146856));
#9299 = CARTESIAN_POINT('',(3.713460626187,6.152794854731));
#9300 = CARTESIAN_POINT('',(3.708322326343,7.708688072551));
#9301 = CARTESIAN_POINT('',(3.703186801299,9.271607910757));
#9302 = CARTESIAN_POINT('',(3.698054030315,10.841523414509));
#9303 = CARTESIAN_POINT('',(3.692924002401,12.418400563759));
#9304 = CARTESIAN_POINT('',(3.687796716337,14.00220227318));
#9305 = CARTESIAN_POINT('',(3.682672180658,15.592888392222));
#9306 = CARTESIAN_POINT('',(3.480520901904,78.64577415577));
#9307 = CARTESIAN_POINT('',(3.287586500046,150.22505857707));
#9308 = CARTESIAN_POINT('',(3.100402927962,229.24398060845));
#9309 = CARTESIAN_POINT('',(2.91971387936,312.23113593607));
#9310 = CARTESIAN_POINT('',(2.745205916993,395.44125683451));
#9311 = CARTESIAN_POINT('',(2.576361603198,475.13373989885));
#9312 = CARTESIAN_POINT('',(2.412335550458,547.73101752774));
#9313 = CARTESIAN_POINT('',(2.252269776897,610.11500261153));
#9314 = CARTESIAN_POINT('',(2.095224760695,659.78952869913));
#9315 = CARTESIAN_POINT('',(1.940256556914,695.0469968584));
#9316 = CARTESIAN_POINT('',(1.632548805489,734.98250099036));
#9317 = CARTESIAN_POINT('',(1.479809321763,739.66066609077));
#9318 = CARTESIAN_POINT('',(1.327222932495,728.17641005717));
#9319 = CARTESIAN_POINT('',(1.173815204341,700.49749171001));
#9320 = CARTESIAN_POINT('',(1.018606008405,657.47939971416));
#9321 = CARTESIAN_POINT('',(0.860629838829,600.85689342332));
#9322 = CARTESIAN_POINT('',(0.698936235703,533.13823199247));
#9323 = CARTESIAN_POINT('',(0.532612669491,457.42973566712));
#9324 = CARTESIAN_POINT('',(0.360876931159,377.23860496455));
#9325 = CARTESIAN_POINT('',(0.18327061683,296.26411762295));
#9326 = CARTESIAN_POINT('',(-9.992007221626E-16,218.08242029425));
#9327 = ( GEOMETRIC_REPRESENTATION_CONTEXT(2) 
PARAMETRIC_REPRESENTATION_CONTEXT() REPRESENTATION_CONTEXT('2D SPACE',''
  ) );
#9328 = PCURVE('',#8627,#9329);
#9329 = DEFINITIONAL_REPRESENTATION('',(#9330),#9363);
#9330 = B_SPLINE_CURVE_WITH_KNOTS('',11,(#9331,#9332,#9333,#9334,#9335,
    #9336,#9337,#9338,#9339,#9340,#9341,#9342,#9343,#9344,#9345,#9346,
    #9347,#9348,#9349,#9350,#9351,#9352,#9353,#9354,#9355,#9356,#9357,
    #9358,#9359,#9360,#9361,#9362),.UNSPECIFIED.,.F.,.F.,(12,10,10,12),(
    -33.90433414425,0.,1.304267533396E+03,2.608535066791E+03),
  .UNSPECIFIED.);
#9331 = CARTESIAN_POINT('',(3.734042330202,3.39252037174E-14));
#9332 = CARTESIAN_POINT('',(3.728892528441,1.527538493033));
#9333 = CARTESIAN_POINT('',(3.723745682086,3.062196773265));
#9334 = CARTESIAN_POINT('',(3.718601731347,4.603956146856));
#9335 = CARTESIAN_POINT('',(3.713460626187,6.152794854731));
#9336 = CARTESIAN_POINT('',(3.708322326343,7.708688072551));
#9337 = CARTESIAN_POINT('',(3.703186801299,9.271607910757));
#9338 = CARTESIAN_POINT('',(3.698054030315,10.841523414509));
#9339 = CARTESIAN_POINT('',(3.692924002401,12.418400563759));
#9340 = CARTESIAN_POINT('',(3.687796716337,14.00220227318));
#9341 = CARTESIAN_POINT('',(3.682672180658,15.592888392222));
#9342 = CARTESIAN_POINT('',(3.480520901904,78.64577415577));
#9343 = CARTESIAN_POINT('',(3.287586500046,150.22505857707));
#9344 = CARTESIAN_POINT('',(3.100402927962,229.24398060845));
#9345 = CARTESIAN_POINT('',(2.91971387936,312.23113593607));
#9346 = CARTESIAN_POINT('',(2.745205916993,395.44125683451));
#9347 = CARTESIAN_POINT('',(2.576361603198,475.13373989885));
#9348 = CARTESIAN_POINT('',(2.412335550458,547.73101752774));
#9349 = CARTESIAN_POINT('',(2.252269776897,610.11500261153));
#9350 = CARTESIAN_POINT('',(2.095224760695,659.78952869913));
#9351 = CARTESIAN_POINT('',(1.940256556914,695.0469968584));
#9352 = CARTESIAN_POINT('',(1.632548805489,734.98250099036));
#9353 = CARTESIAN_POINT('',(1.479809321763,739.66066609077));
#9354 = CARTESIAN_POINT('',(1.327222932495,728.17641005717));
#9355 = CARTESIAN_POINT('',(1.173815204341,700.49749171001));
#9356 = CARTESIAN_POINT('',(1.018606008405,657.47939971416));
#9357 = CARTESIAN_POINT('',(0.860629838829,600.85689342332));
#9358 = CARTESIAN_POINT('',(0.698936235703,533.13823199247));
#9359 = CARTESIAN_POINT('',(0.532612669491,457.42973566712));
#9360 = CARTESIAN_POINT('',(0.360876931159,377.23860496455));
#9361 = CARTESIAN_POINT('',(0.18327061683,296.26411762295));
#9362 = CARTESIAN_POINT('',(-9.992007221626E-16,218.08242029425));
#9363 = ( GEOMETRIC_REPRESENTATION_CONTEXT(2) 
PARAMETRIC_REPRESENTATION_CONTEXT() REPRESENTATION_CONTEXT('2D SPACE',''
  ) );
#9364 = ORIENTED_EDGE('',*,*,#9365,.T.);
#9365 = EDGE_CURVE('',#9246,#9366,#9368,.T.);
#9366 = VERTEX_POINT('',#9367);
#9367 = CARTESIAN_POINT('',(14.328823425984,-266.013944395,
    438.62326387753));
#9368 = SURFACE_CURVE('',#9369,(#9380,#9394),.PCURVE_S1.);
#9369 = B_SPLINE_CURVE_WITH_KNOTS('',9,(#9370,#9371,#9372,#9373,#9374,
    #9375,#9376,#9377,#9378,#9379),.UNSPECIFIED.,.F.,.F.,(10,10),(0.,1.)
  ,.PIECEWISE_BEZIER_KNOTS.);
#9370 = CARTESIAN_POINT('',(14.50425132431,-265.7850238164,
    438.80474590045));
#9371 = CARTESIAN_POINT('',(14.484122609504,-265.8113805974,
    438.78387878865));
#9372 = CARTESIAN_POINT('',(14.462170503901,-265.8360434793,
    438.76359055697));
#9373 = CARTESIAN_POINT('',(14.435814534875,-265.8560804717,
    438.74503072296));
#9374 = CARTESIAN_POINT('',(14.407862760394,-265.8842542925,
    438.72114794203));
#9375 = CARTESIAN_POINT('',(14.384318228269,-265.8905313225,
    438.71160563372));
#9376 = CARTESIAN_POINT('',(14.339507022751,-265.9132278929,
    438.6869377691));
#9377 = CARTESIAN_POINT('',(14.334805286966,-265.948843997,
    438.66419915224));
#9378 = CARTESIAN_POINT('',(14.328823419876,-265.9805169799,438.64353676
    ));
#9379 = CARTESIAN_POINT('',(14.328823425984,-266.013944395,
    438.62326387753));
#9380 = PCURVE('',#8741,#9381);
#9381 = DEFINITIONAL_REPRESENTATION('',(#9382),#9393);
#9382 = B_SPLINE_CURVE_WITH_KNOTS('',9,(#9383,#9384,#9385,#9386,#9387,
    #9388,#9389,#9390,#9391,#9392),.UNSPECIFIED.,.F.,.F.,(10,10),(0.,1.)
  ,.PIECEWISE_BEZIER_KNOTS.);
#9383 = CARTESIAN_POINT('',(3.686194442269,14.50425132431));
#9384 = CARTESIAN_POINT('',(3.686259458266,14.484122600344));
#9385 = CARTESIAN_POINT('',(3.686321323855,14.462435128397));
#9386 = CARTESIAN_POINT('',(3.686372319524,14.434810076741));
#9387 = CARTESIAN_POINT('',(3.686445759473,14.409675372257));
#9388 = CARTESIAN_POINT('',(3.686463105889,14.382411765982));
#9389 = CARTESIAN_POINT('',(3.686527849695,14.340673288396));
#9390 = CARTESIAN_POINT('',(3.686609378167,14.334469014905));
#9391 = CARTESIAN_POINT('',(3.686683210098,14.328823425984));
#9392 = CARTESIAN_POINT('',(3.686759419951,14.328823425984));
#9393 = ( GEOMETRIC_REPRESENTATION_CONTEXT(2) 
PARAMETRIC_REPRESENTATION_CONTEXT() REPRESENTATION_CONTEXT('2D SPACE',''
  ) );
#9394 = PCURVE('',#8627,#9395);
#9395 = DEFINITIONAL_REPRESENTATION('',(#9396),#9407);
#9396 = B_SPLINE_CURVE_WITH_KNOTS('',9,(#9397,#9398,#9399,#9400,#9401,
    #9402,#9403,#9404,#9405,#9406),.UNSPECIFIED.,.F.,.F.,(10,10),(0.,1.)
  ,.PIECEWISE_BEZIER_KNOTS.);
#9397 = CARTESIAN_POINT('',(3.686194442269,14.50425132431));
#9398 = CARTESIAN_POINT('',(3.686259458266,14.484122600344));
#9399 = CARTESIAN_POINT('',(3.686321323855,14.462435128397));
#9400 = CARTESIAN_POINT('',(3.686372319524,14.434810076741));
#9401 = CARTESIAN_POINT('',(3.686445759473,14.409675372257));
#9402 = CARTESIAN_POINT('',(3.686463105889,14.382411765982));
#9403 = CARTESIAN_POINT('',(3.686527849695,14.340673288396));
#9404 = CARTESIAN_POINT('',(3.686609378167,14.334469014905));
#9405 = CARTESIAN_POINT('',(3.686683210098,14.328823425984));
#9406 = CARTESIAN_POINT('',(3.686759419951,14.328823425984));
#9407 = ( GEOMETRIC_REPRESENTATION_CONTEXT(2) 
PARAMETRIC_REPRESENTATION_CONTEXT() REPRESENTATION_CONTEXT('2D SPACE',''
  ) );
#9408 = ORIENTED_EDGE('',*,*,#9409,.T.);
#9409 = EDGE_CURVE('',#9366,#8576,#9410,.T.);
#9410 = SURFACE_CURVE('',#9411,(#9416,#9423),.PCURVE_S1.);
#9411 = CIRCLE('',#9412,512.98517154708);
#9412 = AXIS2_PLACEMENT_3D('',#9413,#9414,#9415);
#9413 = CARTESIAN_POINT('',(14.328823425984,0.,-3.181637936663E-15));
#9414 = DIRECTION('',(1.,-1.232595164408E-32,-2.22044604925E-16));
#9415 = DIRECTION('',(1.933886501647E-16,-0.491380417772,0.870945052819)
  );
#9416 = PCURVE('',#8741,#9417);
#9417 = DEFINITIONAL_REPRESENTATION('',(#9418),#9422);
#9418 = LINE('',#9419,#9420);
#9419 = CARTESIAN_POINT('',(3.655266664559,14.328823425984));
#9420 = VECTOR('',#9421,1.);
#9421 = DIRECTION('',(1.,0.));
#9422 = ( GEOMETRIC_REPRESENTATION_CONTEXT(2) 
PARAMETRIC_REPRESENTATION_CONTEXT() REPRESENTATION_CONTEXT('2D SPACE',''
  ) );
#9423 = PCURVE('',#8862,#9424);
#9424 = DEFINITIONAL_REPRESENTATION('',(#9425),#9429);
#9425 = LINE('',#9426,#9427);
#9426 = CARTESIAN_POINT('',(-0.,0.20539538919));
#9427 = VECTOR('',#9428,1.);
#9428 = DIRECTION('',(-1.,0.));
#9429 = ( GEOMETRIC_REPRESENTATION_CONTEXT(2) 
PARAMETRIC_REPRESENTATION_CONTEXT() REPRESENTATION_CONTEXT('2D SPACE',''
  ) );
#9430 = ORIENTED_EDGE('',*,*,#8792,.F.);
#9431 = ADVANCED_FACE('',(#9432),#8627,.T.);
#9432 = FACE_BOUND('',#9433,.T.);
#9433 = EDGE_LOOP('',(#9434,#9435,#9457,#9458));
#9434 = ORIENTED_EDGE('',*,*,#8611,.F.);
#9435 = ORIENTED_EDGE('',*,*,#9436,.T.);
#9436 = EDGE_CURVE('',#8578,#9366,#9437,.T.);
#9437 = SURFACE_CURVE('',#9438,(#9443,#9450),.PCURVE_S1.);
#9438 = CIRCLE('',#9439,512.98517154708);
#9439 = AXIS2_PLACEMENT_3D('',#9440,#9441,#9442);
#9440 = CARTESIAN_POINT('',(14.328823425984,0.,-3.181637936663E-15));
#9441 = DIRECTION('',(1.,0.,-2.22044604925E-16));
#9442 = DIRECTION('',(-2.22044604925E-16,-1.224646799147E-16,-1.));
#9443 = PCURVE('',#8627,#9444);
#9444 = DEFINITIONAL_REPRESENTATION('',(#9445),#9449);
#9445 = LINE('',#9446,#9447);
#9446 = CARTESIAN_POINT('',(0.,14.328823425984));
#9447 = VECTOR('',#9448,1.);
#9448 = DIRECTION('',(1.,0.));
#9449 = ( GEOMETRIC_REPRESENTATION_CONTEXT(2) 
PARAMETRIC_REPRESENTATION_CONTEXT() REPRESENTATION_CONTEXT('2D SPACE',''
  ) );
#9450 = PCURVE('',#8890,#9451);
#9451 = DEFINITIONAL_REPRESENTATION('',(#9452),#9456);
#9452 = LINE('',#9453,#9454);
#9453 = CARTESIAN_POINT('',(-0.,0.20539538919));
#9454 = VECTOR('',#9455,1.);
#9455 = DIRECTION('',(-1.,0.));
#9456 = ( GEOMETRIC_REPRESENTATION_CONTEXT(2) 
PARAMETRIC_REPRESENTATION_CONTEXT() REPRESENTATION_CONTEXT('2D SPACE',''
  ) );
#9457 = ORIENTED_EDGE('',*,*,#9365,.F.);
#9458 = ORIENTED_EDGE('',*,*,#9245,.T.);
#9459 = ADVANCED_FACE('',(#9460),#8862,.T.);
#9460 = FACE_BOUND('',#9461,.F.);
#9461 = EDGE_LOOP('',(#9462,#9493,#9494,#9495));
#9462 = ORIENTED_EDGE('',*,*,#9463,.F.);
#9463 = EDGE_CURVE('',#9366,#9464,#9466,.T.);
#9464 = VERTEX_POINT('',#9465);
#9465 = CARTESIAN_POINT('',(1.882938249764E-13,-256.876050684,
    423.55603582826));
#9466 = SURFACE_CURVE('',#9467,(#9477,#9483),.PCURVE_S1.);
#9467 = B_SPLINE_CURVE_WITH_KNOTS('',8,(#9468,#9469,#9470,#9471,#9472,
    #9473,#9474,#9475,#9476),.UNSPECIFIED.,.F.,.F.,(9,9),(0.,1.),
  .PIECEWISE_BEZIER_KNOTS.);
#9468 = CARTESIAN_POINT('',(14.328823425984,-266.013944395,
    438.62326387753));
#9469 = CARTESIAN_POINT('',(11.321246664218,-265.68902542,
    438.08751368729));
#9470 = CARTESIAN_POINT('',(8.435888313178,-265.0598927914,
    437.05015375655));
#9471 = CARTESIAN_POINT('',(5.806252688297,-264.1409704877,
    435.53496739649));
#9472 = CARTESIAN_POINT('',(3.558237366507,-262.9655812406,
    433.59689956674));
#9473 = CARTESIAN_POINT('',(1.79773565609,-261.5846264327,
    431.31988019302));
#9474 = CARTESIAN_POINT('',(0.599245874947,-260.0622454953,
    428.8096670643));
#9475 = CARTESIAN_POINT('',(1.889599587912E-13,-258.469148001,
    426.18285130011));
#9476 = CARTESIAN_POINT('',(1.882938249764E-13,-256.876050684,
    423.55603582826));
#9477 = PCURVE('',#8862,#9478);
#9478 = DEFINITIONAL_REPRESENTATION('',(#9479),#9482);
#9479 = B_SPLINE_CURVE_WITH_KNOTS('',1,(#9480,#9481),.UNSPECIFIED.,.F.,
  .F.,(2,2),(0.,1.),.PIECEWISE_BEZIER_KNOTS.);
#9480 = CARTESIAN_POINT('',(-3.149275539266E-02,0.20539538919));
#9481 = CARTESIAN_POINT('',(-3.149275539266E-02,1.570796326795));
#9482 = ( GEOMETRIC_REPRESENTATION_CONTEXT(2) 
PARAMETRIC_REPRESENTATION_CONTEXT() REPRESENTATION_CONTEXT('2D SPACE',''
  ) );
#9483 = PCURVE('',#8890,#9484);
#9484 = DEFINITIONAL_REPRESENTATION('',(#9485),#9492);
#9485 = B_SPLINE_CURVE_WITH_KNOTS('',5,(#9486,#9487,#9488,#9489,#9490,
    #9491),.UNSPECIFIED.,.F.,.F.,(6,6),(0.,1.),
  .PIECEWISE_BEZIER_KNOTS.);
#9486 = CARTESIAN_POINT('',(-3.686759419951,0.20539538919));
#9487 = CARTESIAN_POINT('',(-3.686759419951,0.478475576711));
#9488 = CARTESIAN_POINT('',(-3.686759419951,0.751555765407));
#9489 = CARTESIAN_POINT('',(-3.686759419951,1.024635950577));
#9490 = CARTESIAN_POINT('',(-3.686759419951,1.297716139274));
#9491 = CARTESIAN_POINT('',(-3.686759419951,1.570796326795));
#9492 = ( GEOMETRIC_REPRESENTATION_CONTEXT(2) 
PARAMETRIC_REPRESENTATION_CONTEXT() REPRESENTATION_CONTEXT('2D SPACE',''
  ) );
#9493 = ORIENTED_EDGE('',*,*,#9409,.T.);
#9494 = ORIENTED_EDGE('',*,*,#8837,.T.);
#9495 = ORIENTED_EDGE('',*,*,#9496,.F.);
#9496 = EDGE_CURVE('',#9464,#8838,#9497,.T.);
#9497 = SURFACE_CURVE('',#9498,(#9503,#9510),.PCURVE_S1.);
#9498 = CIRCLE('',#9499,495.3635239918);
#9499 = AXIS2_PLACEMENT_3D('',#9500,#9501,#9502);
#9500 = CARTESIAN_POINT('',(0.,0.,0.));
#9501 = DIRECTION('',(1.,-1.232595164408E-32,-2.22044604925E-16));
#9502 = DIRECTION('',(1.933886501647E-16,-0.491380417772,0.870945052819)
  );
#9503 = PCURVE('',#8862,#9504);
#9504 = DEFINITIONAL_REPRESENTATION('',(#9505),#9509);
#9505 = LINE('',#9506,#9507);
#9506 = CARTESIAN_POINT('',(-0.,1.570796326795));
#9507 = VECTOR('',#9508,1.);
#9508 = DIRECTION('',(-1.,0.));
#9509 = ( GEOMETRIC_REPRESENTATION_CONTEXT(2) 
PARAMETRIC_REPRESENTATION_CONTEXT() REPRESENTATION_CONTEXT('2D SPACE',''
  ) );
#9510 = PCURVE('',#8916,#9511);
#9511 = DEFINITIONAL_REPRESENTATION('',(#9512),#9516);
#9512 = CIRCLE('',#9513,495.3635239918);
#9513 = AXIS2_PLACEMENT_2D('',#9514,#9515);
#9514 = CARTESIAN_POINT('',(0.,0.));
#9515 = DIRECTION('',(-0.870945052819,-0.491380417772));
#9516 = ( GEOMETRIC_REPRESENTATION_CONTEXT(2) 
PARAMETRIC_REPRESENTATION_CONTEXT() REPRESENTATION_CONTEXT('2D SPACE',''
  ) );
#9517 = ADVANCED_FACE('',(#9518),#8916,.F.);
#9518 = FACE_BOUND('',#9519,.T.);
#9519 = EDGE_LOOP('',(#9520,#9521,#9543));
#9520 = ORIENTED_EDGE('',*,*,#9496,.F.);
#9521 = ORIENTED_EDGE('',*,*,#9522,.F.);
#9522 = EDGE_CURVE('',#8875,#9464,#9523,.T.);
#9523 = SURFACE_CURVE('',#9524,(#9529,#9536),.PCURVE_S1.);
#9524 = CIRCLE('',#9525,495.3635239918);
#9525 = AXIS2_PLACEMENT_3D('',#9526,#9527,#9528);
#9526 = CARTESIAN_POINT('',(0.,0.,0.));
#9527 = DIRECTION('',(1.,0.,-2.22044604925E-16));
#9528 = DIRECTION('',(-2.22044604925E-16,-1.224646799147E-16,-1.));
#9529 = PCURVE('',#8916,#9530);
#9530 = DEFINITIONAL_REPRESENTATION('',(#9531),#9535);
#9531 = CIRCLE('',#9532,495.3635239918);
#9532 = AXIS2_PLACEMENT_2D('',#9533,#9534);
#9533 = CARTESIAN_POINT('',(0.,0.));
#9534 = DIRECTION('',(1.,-1.224646799147E-16));
#9535 = ( GEOMETRIC_REPRESENTATION_CONTEXT(2) 
PARAMETRIC_REPRESENTATION_CONTEXT() REPRESENTATION_CONTEXT('2D SPACE',''
  ) );
#9536 = PCURVE('',#8890,#9537);
#9537 = DEFINITIONAL_REPRESENTATION('',(#9538),#9542);
#9538 = LINE('',#9539,#9540);
#9539 = CARTESIAN_POINT('',(-0.,1.570796326795));
#9540 = VECTOR('',#9541,1.);
#9541 = DIRECTION('',(-1.,0.));
#9542 = ( GEOMETRIC_REPRESENTATION_CONTEXT(2) 
PARAMETRIC_REPRESENTATION_CONTEXT() REPRESENTATION_CONTEXT('2D SPACE',''
  ) );
#9543 = ORIENTED_EDGE('',*,*,#8901,.F.);
#9544 = ADVANCED_FACE('',(#9545),#8890,.T.);
#9545 = FACE_BOUND('',#9546,.F.);
#9546 = EDGE_LOOP('',(#9547,#9548,#9549,#9550));
#9547 = ORIENTED_EDGE('',*,*,#8874,.F.);
#9548 = ORIENTED_EDGE('',*,*,#9436,.T.);
#9549 = ORIENTED_EDGE('',*,*,#9463,.T.);
#9550 = ORIENTED_EDGE('',*,*,#9522,.F.);
#9551 = ADVANCED_FACE('',(#9552),#9175,.T.);
#9552 = FACE_BOUND('',#9553,.T.);
#9553 = EDGE_LOOP('',(#9554,#9577,#9578,#9579));
#9554 = ORIENTED_EDGE('',*,*,#9555,.F.);
#9555 = EDGE_CURVE('',#8933,#9556,#9558,.T.);
#9556 = VERTEX_POINT('',#9557);
#9557 = CARTESIAN_POINT('',(1.058328823426E+03,-8.945863271597E-14,
    -730.485171547));
#9558 = SURFACE_CURVE('',#9559,(#9563,#9570),.PCURVE_S1.);
#9559 = LINE('',#9560,#9561);
#9560 = CARTESIAN_POINT('',(-1.132427485118E-13,-1.24913973513E-13,-510.
    ));
#9561 = VECTOR('',#9562,1.);
#9562 = DIRECTION('',(0.978980419738,-4.995438489415E-17,-0.203954254112
    ));
#9563 = PCURVE('',#9175,#9564);
#9564 = DEFINITIONAL_REPRESENTATION('',(#9565),#9569);
#9565 = LINE('',#9566,#9567);
#9566 = CARTESIAN_POINT('',(0.,-0.));
#9567 = VECTOR('',#9568,1.);
#9568 = DIRECTION('',(0.,1.));
#9569 = ( GEOMETRIC_REPRESENTATION_CONTEXT(2) 
PARAMETRIC_REPRESENTATION_CONTEXT() REPRESENTATION_CONTEXT('2D SPACE',''
  ) );
#9570 = PCURVE('',#9032,#9571);
#9571 = DEFINITIONAL_REPRESENTATION('',(#9572),#9576);
#9572 = LINE('',#9573,#9574);
#9573 = CARTESIAN_POINT('',(6.28318530718,-0.));
#9574 = VECTOR('',#9575,1.);
#9575 = DIRECTION('',(0.,1.));
#9576 = ( GEOMETRIC_REPRESENTATION_CONTEXT(2) 
PARAMETRIC_REPRESENTATION_CONTEXT() REPRESENTATION_CONTEXT('2D SPACE',''
  ) );
#9577 = ORIENTED_EDGE('',*,*,#9194,.T.);
#9578 = ORIENTED_EDGE('',*,*,#9144,.F.);
#9579 = ORIENTED_EDGE('',*,*,#9580,.F.);
#9580 = EDGE_CURVE('',#9556,#9116,#9581,.T.);
#9581 = SURFACE_CURVE('',#9582,(#9587,#9594),.PCURVE_S1.);
#9582 = CIRCLE('',#9583,730.48517154708);
#9583 = AXIS2_PLACEMENT_3D('',#9584,#9585,#9586);
#9584 = CARTESIAN_POINT('',(1.058328823426E+03,0.,-2.349962054784E-13));
#9585 = DIRECTION('',(1.,0.,-2.22044604925E-16));
#9586 = DIRECTION('',(-2.22044604925E-16,-1.224646799147E-16,-1.));
#9587 = PCURVE('',#9175,#9588);
#9588 = DEFINITIONAL_REPRESENTATION('',(#9589),#9593);
#9589 = LINE('',#9590,#9591);
#9590 = CARTESIAN_POINT('',(0.,1.058328823426E+03));
#9591 = VECTOR('',#9592,1.);
#9592 = DIRECTION('',(1.,0.));
#9593 = ( GEOMETRIC_REPRESENTATION_CONTEXT(2) 
PARAMETRIC_REPRESENTATION_CONTEXT() REPRESENTATION_CONTEXT('2D SPACE',''
  ) );
#9594 = PCURVE('',#9595,#9600);
#9595 = TOROIDAL_SURFACE('',#9596,712.8635239918,18.);
#9596 = AXIS2_PLACEMENT_3D('',#9597,#9598,#9599);
#9597 = CARTESIAN_POINT('',(1.062E+03,0.,-2.358113704304E-13));
#9598 = DIRECTION('',(1.,0.,-2.22044604925E-16));
#9599 = DIRECTION('',(-2.22044604925E-16,-1.224646799147E-16,-1.));
#9600 = DEFINITIONAL_REPRESENTATION('',(#9601),#9605);
#9601 = LINE('',#9602,#9603);
#9602 = CARTESIAN_POINT('',(0.,6.07778991799));
#9603 = VECTOR('',#9604,1.);
#9604 = DIRECTION('',(1.,0.));
#9605 = ( GEOMETRIC_REPRESENTATION_CONTEXT(2) 
PARAMETRIC_REPRESENTATION_CONTEXT() REPRESENTATION_CONTEXT('2D SPACE',''
  ) );
#9606 = ADVANCED_FACE('',(#9607),#9132,.T.);
#9607 = FACE_BOUND('',#9608,.T.);
#9608 = EDGE_LOOP('',(#9609,#9655,#9656,#9707));
#9609 = ORIENTED_EDGE('',*,*,#9610,.F.);
#9610 = EDGE_CURVE('',#9116,#9611,#9613,.T.);
#9611 = VERTEX_POINT('',#9612);
#9612 = CARTESIAN_POINT('',(1.08E+03,114.50534756829,-703.6070843988));
#9613 = SURFACE_CURVE('',#9614,(#9635,#9645),.PCURVE_S1.);
#9614 = B_SPLINE_CURVE_WITH_KNOTS('',10,(#9615,#9616,#9617,#9618,#9619,
    #9620,#9621,#9622,#9623,#9624,#9625,#9626,#9627,#9628,#9629,#9630,
    #9631,#9632,#9633,#9634),.UNSPECIFIED.,.F.,.F.,(11,9,11),(0.,0.5,1.)
  ,.UNSPECIFIED.);
#9615 = CARTESIAN_POINT('',(1.058328823426E+03,117.33586534642,
    -720.9999171661));
#9616 = CARTESIAN_POINT('',(1.059893794646E+03,117.38823557798,
    -721.3217193065));
#9617 = CARTESIAN_POINT('',(1.061490938192E+03,117.41580059048,
    -721.4910995013));
#9618 = CARTESIAN_POINT('',(1.063103110798E+03,117.41798670132,
    -721.5045326125));
#9619 = CARTESIAN_POINT('',(1.064712716078E+03,117.39456958911,
    -721.3606402408));
#9620 = CARTESIAN_POINT('',(1.066302026456E+03,117.34568506691,
    -721.0602569235));
#9621 = CARTESIAN_POINT('',(1.067853517012E+03,117.27183067033,
    -720.6064398946));
#9622 = CARTESIAN_POINT('',(1.069350198547E+03,117.17385763624,
    -720.0044197938));
#9623 = CARTESIAN_POINT('',(1.070775936367E+03,117.05295345035,
    -719.2614934281));
#9624 = CARTESIAN_POINT('',(1.072115742276E+03,116.91061580243,
    -718.386863731));
#9625 = CARTESIAN_POINT('',(1.074596317149E+03,116.58662272085,
    -716.3960062529));
#9626 = CARTESIAN_POINT('',(1.075737086114E+03,116.40496728719,
    -715.2797784717));
#9627 = CARTESIAN_POINT('',(1.076764750046E+03,116.20542752985,
    -714.0536559382));
#9628 = CARTESIAN_POINT('',(1.07766712402E+03,115.99005489744,
    -712.7302442967));
#9629 = CARTESIAN_POINT('',(1.07843367989E+03,115.76114439353,
    -711.3236457787));
#9630 = CARTESIAN_POINT('',(1.079055764575E+03,115.52119397304,
    -709.8492096986));
#9631 = CARTESIAN_POINT('',(1.079526771448E+03,115.27285797273,
    -708.3232463021));
#9632 = CARTESIAN_POINT('',(1.079842257149E+03,115.01889637152,
    -706.7627149768));
#9633 = CARTESIAN_POINT('',(1.08E+03,114.76212196991,-705.1848996879));
#9634 = CARTESIAN_POINT('',(1.08E+03,114.50534756829,-703.6070843988));
#9635 = PCURVE('',#9132,#9636);
#9636 = DEFINITIONAL_REPRESENTATION('',(#9637),#9644);
#9637 = B_SPLINE_CURVE_WITH_KNOTS('',5,(#9638,#9639,#9640,#9641,#9642,
    #9643),.UNSPECIFIED.,.F.,.F.,(6,6),(0.,1.),
  .PIECEWISE_BEZIER_KNOTS.);
#9638 = CARTESIAN_POINT('',(0.161326179008,6.07778991799));
#9639 = CARTESIAN_POINT('',(0.161326179008,6.433028261187));
#9640 = CARTESIAN_POINT('',(0.161326179008,6.788266604374));
#9641 = CARTESIAN_POINT('',(0.161326179009,7.14350494759));
#9642 = CARTESIAN_POINT('',(0.161326179008,7.498743290778));
#9643 = CARTESIAN_POINT('',(0.161326179008,7.853981633974));
#9644 = ( GEOMETRIC_REPRESENTATION_CONTEXT(2) 
PARAMETRIC_REPRESENTATION_CONTEXT() REPRESENTATION_CONTEXT('2D SPACE',''
  ) );
#9645 = PCURVE('',#9595,#9646);
#9646 = DEFINITIONAL_REPRESENTATION('',(#9647),#9654);
#9647 = B_SPLINE_CURVE_WITH_KNOTS('',5,(#9648,#9649,#9650,#9651,#9652,
    #9653),.UNSPECIFIED.,.F.,.F.,(6,6),(0.,1.),
  .PIECEWISE_BEZIER_KNOTS.);
#9648 = CARTESIAN_POINT('',(0.161326179008,6.07778991799));
#9649 = CARTESIAN_POINT('',(0.161326179008,6.433028261187));
#9650 = CARTESIAN_POINT('',(0.161326179008,6.788266604374));
#9651 = CARTESIAN_POINT('',(0.161326179009,7.14350494759));
#9652 = CARTESIAN_POINT('',(0.161326179008,7.498743290778));
#9653 = CARTESIAN_POINT('',(0.161326179008,7.853981633974));
#9654 = ( GEOMETRIC_REPRESENTATION_CONTEXT(2) 
PARAMETRIC_REPRESENTATION_CONTEXT() REPRESENTATION_CONTEXT('2D SPACE',''
  ) );
#9655 = ORIENTED_EDGE('',*,*,#9115,.T.);
#9656 = ORIENTED_EDGE('',*,*,#9657,.T.);
#9657 = EDGE_CURVE('',#9071,#9658,#9660,.T.);
#9658 = VERTEX_POINT('',#9659);
#9659 = CARTESIAN_POINT('',(1.08E+03,114.50534756829,703.60708439886));
#9660 = SURFACE_CURVE('',#9661,(#9682,#9692),.PCURVE_S1.);
#9661 = B_SPLINE_CURVE_WITH_KNOTS('',10,(#9662,#9663,#9664,#9665,#9666,
    #9667,#9668,#9669,#9670,#9671,#9672,#9673,#9674,#9675,#9676,#9677,
    #9678,#9679,#9680,#9681),.UNSPECIFIED.,.F.,.F.,(11,9,11),(0.,0.5,1.)
  ,.UNSPECIFIED.);
#9662 = CARTESIAN_POINT('',(1.058328823426E+03,117.33586534642,
    720.99991716613));
#9663 = CARTESIAN_POINT('',(1.059893794646E+03,117.38823557798,
    721.32171930653));
#9664 = CARTESIAN_POINT('',(1.061490938192E+03,117.41580059049,
    721.49109950123));
#9665 = CARTESIAN_POINT('',(1.063103110799E+03,117.41798670131,
    721.50453261266));
#9666 = CARTESIAN_POINT('',(1.064712716078E+03,117.39456958914,
    721.36064024058));
#9667 = CARTESIAN_POINT('',(1.066302026457E+03,117.34568506689,
    721.06025692369));
#9668 = CARTESIAN_POINT('',(1.067853517012E+03,117.27183067036,
    720.60643989435));
#9669 = CARTESIAN_POINT('',(1.069350198547E+03,117.17385763623,
    720.0044197939));
#9670 = CARTESIAN_POINT('',(1.070775936367E+03,117.05295345036,
    719.26149342805));
#9671 = CARTESIAN_POINT('',(1.072115742276E+03,116.91061580243,
    718.38686373101));
#9672 = CARTESIAN_POINT('',(1.074596317149E+03,116.58662272085,
    716.39600625287));
#9673 = CARTESIAN_POINT('',(1.075737086114E+03,116.40496728719,
    715.27977847169));
#9674 = CARTESIAN_POINT('',(1.076764750046E+03,116.20542752985,
    714.05365593821));
#9675 = CARTESIAN_POINT('',(1.07766712402E+03,115.99005489744,
    712.7302442966));
#9676 = CARTESIAN_POINT('',(1.07843367989E+03,115.76114439354,
    711.32364577876));
#9677 = CARTESIAN_POINT('',(1.079055764575E+03,115.52119397304,
    709.84920969855));
#9678 = CARTESIAN_POINT('',(1.079526771448E+03,115.27285797273,
    708.32324630221));
#9679 = CARTESIAN_POINT('',(1.079842257149E+03,115.01889637151,
    706.76271497679));
#9680 = CARTESIAN_POINT('',(1.08E+03,114.76212196991,705.18489968791));
#9681 = CARTESIAN_POINT('',(1.08E+03,114.50534756829,703.60708439886));
#9682 = PCURVE('',#9132,#9683);
#9683 = DEFINITIONAL_REPRESENTATION('',(#9684),#9691);
#9684 = B_SPLINE_CURVE_WITH_KNOTS('',5,(#9685,#9686,#9687,#9688,#9689,
    #9690),.UNSPECIFIED.,.F.,.F.,(6,6),(0.,1.),
  .PIECEWISE_BEZIER_KNOTS.);
#9685 = CARTESIAN_POINT('',(2.980266474581,6.07778991799));
#9686 = CARTESIAN_POINT('',(2.980266474581,6.433028261187));
#9687 = CARTESIAN_POINT('',(2.980266474581,6.788266604365));
#9688 = CARTESIAN_POINT('',(2.980266474581,7.143504947601));
#9689 = CARTESIAN_POINT('',(2.980266474581,7.498743290778));
#9690 = CARTESIAN_POINT('',(2.980266474581,7.853981633974));
#9691 = ( GEOMETRIC_REPRESENTATION_CONTEXT(2) 
PARAMETRIC_REPRESENTATION_CONTEXT() REPRESENTATION_CONTEXT('2D SPACE',''
  ) );
#9692 = PCURVE('',#9693,#9698);
#9693 = TOROIDAL_SURFACE('',#9694,712.8635239918,18.);
#9694 = AXIS2_PLACEMENT_3D('',#9695,#9696,#9697);
#9695 = CARTESIAN_POINT('',(1.062E+03,0.,-2.358113704304E-13));
#9696 = DIRECTION('',(1.,0.,-2.22044604925E-16));
#9697 = DIRECTION('',(-2.22044604925E-16,-1.224646799147E-16,-1.));
#9698 = DEFINITIONAL_REPRESENTATION('',(#9699),#9706);
#9699 = B_SPLINE_CURVE_WITH_KNOTS('',5,(#9700,#9701,#9702,#9703,#9704,
    #9705),.UNSPECIFIED.,.F.,.F.,(6,6),(0.,1.),
  .PIECEWISE_BEZIER_KNOTS.);
#9700 = CARTESIAN_POINT('',(2.980266474581,6.07778991799));
#9701 = CARTESIAN_POINT('',(2.980266474581,6.433028261187));
#9702 = CARTESIAN_POINT('',(2.980266474581,6.788266604365));
#9703 = CARTESIAN_POINT('',(2.980266474581,7.143504947601));
#9704 = CARTESIAN_POINT('',(2.980266474581,7.498743290778));
#9705 = CARTESIAN_POINT('',(2.980266474581,7.853981633974));
#9706 = ( GEOMETRIC_REPRESENTATION_CONTEXT(2) 
PARAMETRIC_REPRESENTATION_CONTEXT() REPRESENTATION_CONTEXT('2D SPACE',''
  ) );
#9707 = ORIENTED_EDGE('',*,*,#9708,.F.);
#9708 = EDGE_CURVE('',#9611,#9658,#9709,.T.);
#9709 = SURFACE_CURVE('',#9710,(#9715,#9722),.PCURVE_S1.);
#9710 = CIRCLE('',#9711,712.8635239918);
#9711 = AXIS2_PLACEMENT_3D('',#9712,#9713,#9714);
#9712 = CARTESIAN_POINT('',(1.08E+03,0.,-2.39808173319E-13));
#9713 = DIRECTION('',(1.,0.,-2.22044604925E-16));
#9714 = DIRECTION('',(-2.22044604925E-16,-1.224646799147E-16,-1.));
#9715 = PCURVE('',#9132,#9716);
#9716 = DEFINITIONAL_REPRESENTATION('',(#9717),#9721);
#9717 = LINE('',#9718,#9719);
#9718 = CARTESIAN_POINT('',(0.,7.853981633974));
#9719 = VECTOR('',#9720,1.);
#9720 = DIRECTION('',(1.,0.));
#9721 = ( GEOMETRIC_REPRESENTATION_CONTEXT(2) 
PARAMETRIC_REPRESENTATION_CONTEXT() REPRESENTATION_CONTEXT('2D SPACE',''
  ) );
#9722 = PCURVE('',#9723,#9728);
#9723 = PLANE('',#9724);
#9724 = AXIS2_PLACEMENT_3D('',#9725,#9726,#9727);
#9725 = CARTESIAN_POINT('',(1.08E+03,0.,-2.39808173319E-13));
#9726 = DIRECTION('',(1.,0.,-2.22044604925E-16));
#9727 = DIRECTION('',(-2.22044604925E-16,0.,-1.));
#9728 = DEFINITIONAL_REPRESENTATION('',(#9729),#9733);
#9729 = CIRCLE('',#9730,712.8635239918);
#9730 = AXIS2_PLACEMENT_2D('',#9731,#9732);
#9731 = CARTESIAN_POINT('',(0.,0.));
#9732 = DIRECTION('',(1.,-1.224646799147E-16));
#9733 = ( GEOMETRIC_REPRESENTATION_CONTEXT(2) 
PARAMETRIC_REPRESENTATION_CONTEXT() REPRESENTATION_CONTEXT('2D SPACE',''
  ) );
#9734 = ADVANCED_FACE('',(#9735),#9032,.T.);
#9735 = FACE_BOUND('',#9736,.T.);
#9736 = EDGE_LOOP('',(#9737,#9738,#9739,#9761));
#9737 = ORIENTED_EDGE('',*,*,#8955,.T.);
#9738 = ORIENTED_EDGE('',*,*,#9555,.T.);
#9739 = ORIENTED_EDGE('',*,*,#9740,.F.);
#9740 = EDGE_CURVE('',#9071,#9556,#9741,.T.);
#9741 = SURFACE_CURVE('',#9742,(#9747,#9754),.PCURVE_S1.);
#9742 = CIRCLE('',#9743,730.48517154708);
#9743 = AXIS2_PLACEMENT_3D('',#9744,#9745,#9746);
#9744 = CARTESIAN_POINT('',(1.058328823426E+03,0.,-2.349962054784E-13));
#9745 = DIRECTION('',(1.,0.,-2.22044604925E-16));
#9746 = DIRECTION('',(-2.22044604925E-16,-1.224646799147E-16,-1.));
#9747 = PCURVE('',#9032,#9748);
#9748 = DEFINITIONAL_REPRESENTATION('',(#9749),#9753);
#9749 = LINE('',#9750,#9751);
#9750 = CARTESIAN_POINT('',(0.,1.058328823426E+03));
#9751 = VECTOR('',#9752,1.);
#9752 = DIRECTION('',(1.,0.));
#9753 = ( GEOMETRIC_REPRESENTATION_CONTEXT(2) 
PARAMETRIC_REPRESENTATION_CONTEXT() REPRESENTATION_CONTEXT('2D SPACE',''
  ) );
#9754 = PCURVE('',#9693,#9755);
#9755 = DEFINITIONAL_REPRESENTATION('',(#9756),#9760);
#9756 = LINE('',#9757,#9758);
#9757 = CARTESIAN_POINT('',(0.,6.07778991799));
#9758 = VECTOR('',#9759,1.);
#9759 = DIRECTION('',(1.,0.));
#9760 = ( GEOMETRIC_REPRESENTATION_CONTEXT(2) 
PARAMETRIC_REPRESENTATION_CONTEXT() REPRESENTATION_CONTEXT('2D SPACE',''
  ) );
#9761 = ORIENTED_EDGE('',*,*,#9070,.T.);
#9762 = ADVANCED_FACE('',(#9763),#9595,.T.);
#9763 = FACE_BOUND('',#9764,.T.);
#9764 = EDGE_LOOP('',(#9765,#9787,#9788,#9789));
#9765 = ORIENTED_EDGE('',*,*,#9766,.F.);
#9766 = EDGE_CURVE('',#9556,#9767,#9769,.T.);
#9767 = VERTEX_POINT('',#9768);
#9768 = CARTESIAN_POINT('',(1.08E+03,-8.730060328855E-14,-712.8635239918
    ));
#9769 = SURFACE_CURVE('',#9770,(#9775,#9781),.PCURVE_S1.);
#9770 = CIRCLE('',#9771,18.);
#9771 = AXIS2_PLACEMENT_3D('',#9772,#9773,#9774);
#9772 = CARTESIAN_POINT('',(1.062E+03,-8.730060328855E-14,
    -712.8635239918));
#9773 = DIRECTION('',(2.719262146894E-32,-1.,1.224646799147E-16));
#9774 = DIRECTION('',(-2.22044604925E-16,-1.224646799147E-16,-1.));
#9775 = PCURVE('',#9595,#9776);
#9776 = DEFINITIONAL_REPRESENTATION('',(#9777),#9780);
#9777 = B_SPLINE_CURVE_WITH_KNOTS('',1,(#9778,#9779),.UNSPECIFIED.,.F.,
  .F.,(2,2),(6.07778991799,7.853981633974),.PIECEWISE_BEZIER_KNOTS.);
#9778 = CARTESIAN_POINT('',(0.,6.07778991799));
#9779 = CARTESIAN_POINT('',(0.,7.853981633974));
#9780 = ( GEOMETRIC_REPRESENTATION_CONTEXT(2) 
PARAMETRIC_REPRESENTATION_CONTEXT() REPRESENTATION_CONTEXT('2D SPACE',''
  ) );
#9781 = PCURVE('',#9693,#9782);
#9782 = DEFINITIONAL_REPRESENTATION('',(#9783),#9786);
#9783 = B_SPLINE_CURVE_WITH_KNOTS('',1,(#9784,#9785),.UNSPECIFIED.,.F.,
  .F.,(2,2),(6.07778991799,7.853981633974),.PIECEWISE_BEZIER_KNOTS.);
#9784 = CARTESIAN_POINT('',(6.28318530718,6.07778991799));
#9785 = CARTESIAN_POINT('',(6.28318530718,7.853981633974));
#9786 = ( GEOMETRIC_REPRESENTATION_CONTEXT(2) 
PARAMETRIC_REPRESENTATION_CONTEXT() REPRESENTATION_CONTEXT('2D SPACE',''
  ) );
#9787 = ORIENTED_EDGE('',*,*,#9580,.T.);
#9788 = ORIENTED_EDGE('',*,*,#9610,.T.);
#9789 = ORIENTED_EDGE('',*,*,#9790,.F.);
#9790 = EDGE_CURVE('',#9767,#9611,#9791,.T.);
#9791 = SURFACE_CURVE('',#9792,(#9797,#9804),.PCURVE_S1.);
#9792 = CIRCLE('',#9793,712.8635239918);
#9793 = AXIS2_PLACEMENT_3D('',#9794,#9795,#9796);
#9794 = CARTESIAN_POINT('',(1.08E+03,0.,-2.39808173319E-13));
#9795 = DIRECTION('',(1.,0.,-2.22044604925E-16));
#9796 = DIRECTION('',(-2.22044604925E-16,-1.224646799147E-16,-1.));
#9797 = PCURVE('',#9595,#9798);
#9798 = DEFINITIONAL_REPRESENTATION('',(#9799),#9803);
#9799 = LINE('',#9800,#9801);
#9800 = CARTESIAN_POINT('',(0.,7.853981633974));
#9801 = VECTOR('',#9802,1.);
#9802 = DIRECTION('',(1.,0.));
#9803 = ( GEOMETRIC_REPRESENTATION_CONTEXT(2) 
PARAMETRIC_REPRESENTATION_CONTEXT() REPRESENTATION_CONTEXT('2D SPACE',''
  ) );
#9804 = PCURVE('',#9723,#9805);
#9805 = DEFINITIONAL_REPRESENTATION('',(#9806),#9810);
#9806 = CIRCLE('',#9807,712.8635239918);
#9807 = AXIS2_PLACEMENT_2D('',#9808,#9809);
#9808 = CARTESIAN_POINT('',(0.,0.));
#9809 = DIRECTION('',(1.,-1.224646799147E-16));
#9810 = ( GEOMETRIC_REPRESENTATION_CONTEXT(2) 
PARAMETRIC_REPRESENTATION_CONTEXT() REPRESENTATION_CONTEXT('2D SPACE',''
  ) );
#9811 = ADVANCED_FACE('',(#9812),#9693,.T.);
#9812 = FACE_BOUND('',#9813,.T.);
#9813 = EDGE_LOOP('',(#9814,#9815,#9816,#9838));
#9814 = ORIENTED_EDGE('',*,*,#9740,.T.);
#9815 = ORIENTED_EDGE('',*,*,#9766,.T.);
#9816 = ORIENTED_EDGE('',*,*,#9817,.F.);
#9817 = EDGE_CURVE('',#9658,#9767,#9818,.T.);
#9818 = SURFACE_CURVE('',#9819,(#9824,#9831),.PCURVE_S1.);
#9819 = CIRCLE('',#9820,712.8635239918);
#9820 = AXIS2_PLACEMENT_3D('',#9821,#9822,#9823);
#9821 = CARTESIAN_POINT('',(1.08E+03,0.,-2.39808173319E-13));
#9822 = DIRECTION('',(1.,0.,-2.22044604925E-16));
#9823 = DIRECTION('',(-2.22044604925E-16,-1.224646799147E-16,-1.));
#9824 = PCURVE('',#9693,#9825);
#9825 = DEFINITIONAL_REPRESENTATION('',(#9826),#9830);
#9826 = LINE('',#9827,#9828);
#9827 = CARTESIAN_POINT('',(0.,7.853981633974));
#9828 = VECTOR('',#9829,1.);
#9829 = DIRECTION('',(1.,0.));
#9830 = ( GEOMETRIC_REPRESENTATION_CONTEXT(2) 
PARAMETRIC_REPRESENTATION_CONTEXT() REPRESENTATION_CONTEXT('2D SPACE',''
  ) );
#9831 = PCURVE('',#9723,#9832);
#9832 = DEFINITIONAL_REPRESENTATION('',(#9833),#9837);
#9833 = CIRCLE('',#9834,712.8635239918);
#9834 = AXIS2_PLACEMENT_2D('',#9835,#9836);
#9835 = CARTESIAN_POINT('',(0.,0.));
#9836 = DIRECTION('',(1.,-1.224646799147E-16));
#9837 = ( GEOMETRIC_REPRESENTATION_CONTEXT(2) 
PARAMETRIC_REPRESENTATION_CONTEXT() REPRESENTATION_CONTEXT('2D SPACE',''
  ) );
#9838 = ORIENTED_EDGE('',*,*,#9657,.F.);
#9839 = ADVANCED_FACE('',(#9840),#9723,.T.);
#9840 = FACE_BOUND('',#9841,.T.);
#9841 = EDGE_LOOP('',(#9842,#9843,#9844));
#9842 = ORIENTED_EDGE('',*,*,#9708,.T.);
#9843 = ORIENTED_EDGE('',*,*,#9817,.T.);
#9844 = ORIENTED_EDGE('',*,*,#9790,.T.);
#9845 = ( GEOMETRIC_REPRESENTATION_CONTEXT(3) 
GLOBAL_UNCERTAINTY_ASSIGNED_CONTEXT((#9849)) 
GLOBAL_UNIT_ASSIGNED_CONTEXT((#9846,#9847,#9848)) REPRESENTATION_CONTEXT
('Context #1','3D Context with UNIT and UNCERTAINTY') );
#9846 = ( LENGTH_UNIT() NAMED_UNIT(*) SI_UNIT(.MILLI.,.METRE.) );
#9847 = ( NAMED_UNIT(*) PLANE_ANGLE_UNIT() SI_UNIT($,.RADIAN.) );
#9848 = ( NAMED_UNIT(*) SI_UNIT($,.STERADIAN.) SOLID_ANGLE_UNIT() );
#9849 = UNCERTAINTY_MEASURE_WITH_UNIT(LENGTH_MEASURE(2.E-04),#9846,
  'distance_accuracy_value','confusion accuracy');
#9850 = PRODUCT_RELATED_PRODUCT_CATEGORY('part',$,(#8565));
#9851 = SHAPE_DEFINITION_REPRESENTATION(#9852,#9858);
#9852 = PRODUCT_DEFINITION_SHAPE('','',#9853);
#9853 = PRODUCT_DEFINITION('design','',#9854,#9857);
#9854 = PRODUCT_DEFINITION_FORMATION('','',#9855);
#9855 = PRODUCT('TPS_CC','TPS_CC','',(#9856));
#9856 = PRODUCT_CONTEXT('',#2,'mechanical');
#9857 = PRODUCT_DEFINITION_CONTEXT('part definition',#2,'design');
#9858 = ADVANCED_BREP_SHAPE_REPRESENTATION('',(#11,#9859),#11135);
#9859 = MANIFOLD_SOLID_BREP('',#9860);
#9860 = CLOSED_SHELL('',(#9861,#10123,#10217,#10721,#10749,#10807,#10834
    ,#10841,#10896,#11024,#11052,#11101,#11129));
#9861 = ADVANCED_FACE('',(#9862),#9877,.T.);
#9862 = FACE_BOUND('',#9863,.T.);
#9863 = EDGE_LOOP('',(#9864,#9900,#9928,#10081));
#9864 = ORIENTED_EDGE('',*,*,#9865,.T.);
#9865 = EDGE_CURVE('',#9866,#9868,#9870,.T.);
#9866 = VERTEX_POINT('',#9867);
#9867 = CARTESIAN_POINT('',(14.328823425984,-266.013944395,
    -438.6232638775));
#9868 = VERTEX_POINT('',#9869);
#9869 = CARTESIAN_POINT('',(14.328823425984,-6.282256483452E-14,
    -512.985171547));
#9870 = SURFACE_CURVE('',#9871,(#9876,#9888),.PCURVE_S1.);
#9871 = CIRCLE('',#9872,512.98517154708);
#9872 = AXIS2_PLACEMENT_3D('',#9873,#9874,#9875);
#9873 = CARTESIAN_POINT('',(14.328823425984,0.,-3.181637936663E-15));
#9874 = DIRECTION('',(1.,0.,-2.22044604925E-16));
#9875 = DIRECTION('',(-2.22044604925E-16,-1.224646799147E-16,-1.));
#9876 = PCURVE('',#9877,#9882);
#9877 = CONICAL_SURFACE('',#9878,510.,0.20539538919);
#9878 = AXIS2_PLACEMENT_3D('',#9879,#9880,#9881);
#9879 = CARTESIAN_POINT('',(0.,0.,0.));
#9880 = DIRECTION('',(1.,0.,-2.22044604925E-16));
#9881 = DIRECTION('',(-2.22044604925E-16,0.,-1.));
#9882 = DEFINITIONAL_REPRESENTATION('',(#9883),#9887);
#9883 = LINE('',#9884,#9885);
#9884 = CARTESIAN_POINT('',(0.,14.328823425984));
#9885 = VECTOR('',#9886,1.);
#9886 = DIRECTION('',(1.,0.));
#9887 = ( GEOMETRIC_REPRESENTATION_CONTEXT(2) 
PARAMETRIC_REPRESENTATION_CONTEXT() REPRESENTATION_CONTEXT('2D SPACE',''
  ) );
#9888 = PCURVE('',#9889,#9894);
#9889 = TOROIDAL_SURFACE('',#9890,495.3635239918,18.);
#9890 = AXIS2_PLACEMENT_3D('',#9891,#9892,#9893);
#9891 = CARTESIAN_POINT('',(18.,0.,-3.996802888651E-15));
#9892 = DIRECTION('',(-1.,0.,2.22044604925E-16));
#9893 = DIRECTION('',(-2.22044604925E-16,-1.224646799147E-16,-1.));
#9894 = DEFINITIONAL_REPRESENTATION('',(#9895),#9899);
#9895 = LINE('',#9896,#9897);
#9896 = CARTESIAN_POINT('',(-0.,0.20539538919));
#9897 = VECTOR('',#9898,1.);
#9898 = DIRECTION('',(-1.,0.));
#9899 = ( GEOMETRIC_REPRESENTATION_CONTEXT(2) 
PARAMETRIC_REPRESENTATION_CONTEXT() REPRESENTATION_CONTEXT('2D SPACE',''
  ) );
#9900 = ORIENTED_EDGE('',*,*,#9901,.T.);
#9901 = EDGE_CURVE('',#9868,#9902,#9904,.T.);
#9902 = VERTEX_POINT('',#9903);
#9903 = CARTESIAN_POINT('',(218.08242029425,0.,-555.4338375613));
#9904 = SURFACE_CURVE('',#9905,(#9909,#9916),.PCURVE_S1.);
#9905 = LINE('',#9906,#9907);
#9906 = CARTESIAN_POINT('',(-1.132427485118E-13,-1.24913973513E-13,-510.
    ));
#9907 = VECTOR('',#9908,1.);
#9908 = DIRECTION('',(0.978980419738,-4.995438489415E-17,-0.203954254112
    ));
#9909 = PCURVE('',#9877,#9910);
#9910 = DEFINITIONAL_REPRESENTATION('',(#9911),#9915);
#9911 = LINE('',#9912,#9913);
#9912 = CARTESIAN_POINT('',(6.28318530718,-0.));
#9913 = VECTOR('',#9914,1.);
#9914 = DIRECTION('',(0.,1.));
#9915 = ( GEOMETRIC_REPRESENTATION_CONTEXT(2) 
PARAMETRIC_REPRESENTATION_CONTEXT() REPRESENTATION_CONTEXT('2D SPACE',''
  ) );
#9916 = PCURVE('',#9917,#9922);
#9917 = CONICAL_SURFACE('',#9918,510.,0.20539538919);
#9918 = AXIS2_PLACEMENT_3D('',#9919,#9920,#9921);
#9919 = CARTESIAN_POINT('',(0.,0.,0.));
#9920 = DIRECTION('',(1.,0.,-2.22044604925E-16));
#9921 = DIRECTION('',(-2.22044604925E-16,0.,-1.));
#9922 = DEFINITIONAL_REPRESENTATION('',(#9923),#9927);
#9923 = LINE('',#9924,#9925);
#9924 = CARTESIAN_POINT('',(0.,-0.));
#9925 = VECTOR('',#9926,1.);
#9926 = DIRECTION('',(0.,1.));
#9927 = ( GEOMETRIC_REPRESENTATION_CONTEXT(2) 
PARAMETRIC_REPRESENTATION_CONTEXT() REPRESENTATION_CONTEXT('2D SPACE',''
  ) );
#9928 = ORIENTED_EDGE('',*,*,#9929,.T.);
#9929 = EDGE_CURVE('',#9902,#9930,#9932,.T.);
#9930 = VERTEX_POINT('',#9931);
#9931 = CARTESIAN_POINT('',(14.50425152891,-265.7850233318,
    -438.8047465706));
#9932 = SURFACE_CURVE('',#9933,(#9984,#10030),.PCURVE_S1.);
#9933 = B_SPLINE_CURVE_WITH_KNOTS('',13,(#9934,#9935,#9936,#9937,#9938,
    #9939,#9940,#9941,#9942,#9943,#9944,#9945,#9946,#9947,#9948,#9949,
    #9950,#9951,#9952,#9953,#9954,#9955,#9956,#9957,#9958,#9959,#9960,
    #9961,#9962,#9963,#9964,#9965,#9966,#9967,#9968,#9969,#9970,#9971,
    #9972,#9973,#9974,#9975,#9976,#9977,#9978,#9979,#9980,#9981,#9982,
    #9983),.UNSPECIFIED.,.F.,.F.,(14,12,12,12,14),(2.608535066791E+03,
    2.619919703838E+03,2.798018665038E+03,2.976117626239E+03,
    3.084343736208E+03),.UNSPECIFIED.);
#9934 = CARTESIAN_POINT('',(218.08242029425,-1.360420542615E-13,
    -555.4338375613));
#9935 = CARTESIAN_POINT('',(217.50498020301,-0.751842746226,
    -555.3135375423));
#9936 = CARTESIAN_POINT('',(216.92769015729,-1.50350169943,
    -555.1921662363));
#9937 = CARTESIAN_POINT('',(216.35055152817,-2.254975074248,
    -555.0697239842));
#9938 = CARTESIAN_POINT('',(215.77356568439,-3.006261084289,
    -554.9462111191));
#9939 = CARTESIAN_POINT('',(215.19673399965,-3.757357945362,
    -554.8216279915));
#9940 = CARTESIAN_POINT('',(214.62005783951,-4.508263869526,
    -554.6959749223));
#9941 = CARTESIAN_POINT('',(214.04353858016,-5.258977074059,
    -554.5692522723));
#9942 = CARTESIAN_POINT('',(213.46717758658,-6.009495770213,
    -554.4414603586));
#9943 = CARTESIAN_POINT('',(212.89097623334,-6.759818175072,
    -554.3125995379));
#9944 = CARTESIAN_POINT('',(212.31493588837,-7.509942500967,
    -554.182670137));
#9945 = CARTESIAN_POINT('',(211.73905792329,-8.259866963476,
    -554.0516725014));
#9946 = CARTESIAN_POINT('',(211.16334370811,-9.009589776355,
    -553.919606967));
#9947 = CARTESIAN_POINT('',(201.58402088979,-21.48443882762,
    -551.7037666677));
#9948 = CARTESIAN_POINT('',(192.62064281175,-33.16000040843,
    -549.359806023));
#9949 = CARTESIAN_POINT('',(183.70194115521,-44.78021259288,
    -546.7557207393));
#9950 = CARTESIAN_POINT('',(174.83263933344,-56.33891089878,
    -543.8928447081));
#9951 = CARTESIAN_POINT('',(166.01769052906,-67.8296239783,
    -540.7727288079));
#9952 = CARTESIAN_POINT('',(157.2621346377,-79.24575936958,
    -537.3971440831));
#9953 = CARTESIAN_POINT('',(148.57101146975,-90.58071625813,
    -533.7680786388));
#9954 = CARTESIAN_POINT('',(139.94931670171,-101.8279427857,
    -529.8877307859));
#9955 = CARTESIAN_POINT('',(131.40198701443,-112.9809554914,
    -525.7585008586));
#9956 = CARTESIAN_POINT('',(122.9339009093,-124.0333384118,
    -521.3829842222));
#9957 = CARTESIAN_POINT('',(114.54988164951,-134.9787394283,
    -516.7639679277));
#9958 = CARTESIAN_POINT('',(106.25468880301,-145.8108813947,
    -511.904433497));
#9959 = CARTESIAN_POINT('',(89.8512808921,-167.2363298452,
    -501.7107031353));
#9960 = CARTESIAN_POINT('',(81.743089785102,-177.8296048644,
    -496.376523062));
#9961 = CARTESIAN_POINT('',(73.732896003301,-188.2975068222,
    -490.8080432224));
#9962 = CARTESIAN_POINT('',(65.826172200737,-198.6328004975,
    -485.0093805787));
#9963 = CARTESIAN_POINT('',(58.024975002237,-208.8327464732,
    -478.9820888294));
#9964 = CARTESIAN_POINT('',(50.338451221196,-218.8852391596,
    -472.7335270561));
#9965 = CARTESIAN_POINT('',(42.764972917394,-228.7924059578,
    -466.2637644871));
#9966 = CARTESIAN_POINT('',(35.313018043819,-238.5429579348,
    -459.5781308646));
#9967 = CARTESIAN_POINT('',(27.987498150395,-248.1304437902,
    -452.6851728024));
#9968 = CARTESIAN_POINT('',(20.786405785166,-257.557344399,
    -445.5803779331));
#9969 = CARTESIAN_POINT('',(13.721435117124,-266.8082424551,
    -438.2780074299));
#9970 = CARTESIAN_POINT('',(6.791807846822,-275.884043614,
    -430.7779268997));
#9971 = CARTESIAN_POINT('',(-4.127205110954,-290.1880806022,
    -418.407626444));
#9972 = CARTESIAN_POINT('',(-8.260332351723,-295.6025265011,
    -413.7251495583));
#9973 = CARTESIAN_POINT('',(-12.3993817223,-301.0247304605,
    -409.0359634099));
#9974 = CARTESIAN_POINT('',(-16.5443532227,-306.4546924805,
    -404.340067999));
#9975 = CARTESIAN_POINT('',(-20.69524685292,-311.8924125611,
    -399.6374633255));
#9976 = CARTESIAN_POINT('',(-24.85206261295,-317.3378907023,
    -394.9281493894));
#9977 = CARTESIAN_POINT('',(-29.0148005028,-322.791126904,
    -390.2121261908));
#9978 = CARTESIAN_POINT('',(-33.18346052246,-328.2521211663,
    -385.4893937295));
#9979 = CARTESIAN_POINT('',(-37.35804267194,-333.7208734892,
    -380.7599520056));
#9980 = CARTESIAN_POINT('',(-41.53854695124,-339.1973838727,
    -376.0238010192));
#9981 = CARTESIAN_POINT('',(-45.72497336035,-344.6816523167,
    -371.2809407702));
#9982 = CARTESIAN_POINT('',(-49.91732189928,-350.1736788213,
    -366.5313712585));
#9983 = CARTESIAN_POINT('',(-54.11559256802,-355.6734633865,
    -361.7750924843));
#9984 = PCURVE('',#9877,#9985);
#9985 = DEFINITIONAL_REPRESENTATION('',(#9986),#10029);
#9986 = B_SPLINE_CURVE_WITH_KNOTS('',9,(#9987,#9988,#9989,#9990,#9991,
    #9992,#9993,#9994,#9995,#9996,#9997,#9998,#9999,#10000,#10001,#10002
    ,#10003,#10004,#10005,#10006,#10007,#10008,#10009,#10010,#10011,
    #10012,#10013,#10014,#10015,#10016,#10017,#10018,#10019,#10020,
    #10021,#10022,#10023,#10024,#10025,#10026,#10027,#10028),
  .UNSPECIFIED.,.F.,.F.,(10,8,8,8,8,10),(2.608535066791E+03,
    2.650895483358E+03,2.693255899924E+03,2.777976733056E+03,
    2.862697566189E+03,2.947418399321E+03),.UNSPECIFIED.);
#9987 = CARTESIAN_POINT('',(6.28318530718,218.08242029425));
#9988 = CARTESIAN_POINT('',(6.275910247576,214.97894130857));
#9989 = CARTESIAN_POINT('',(6.268626078664,211.87997173337));
#9990 = CARTESIAN_POINT('',(6.261332656161,208.78568291061));
#9991 = CARTESIAN_POINT('',(6.254030551965,205.69655650847));
#9992 = CARTESIAN_POINT('',(6.246718825035,202.61241703618));
#9993 = CARTESIAN_POINT('',(6.239398085727,199.53376437663));
#9994 = CARTESIAN_POINT('',(6.232067937134,196.4606554482));
#9995 = CARTESIAN_POINT('',(6.224728473489,193.39336295274));
#9996 = CARTESIAN_POINT('',(6.210030817994,187.27082587391));
#9997 = CARTESIAN_POINT('',(6.202672628858,184.21558252307));
#9998 = CARTESIAN_POINT('',(6.195305057601,181.16658460939));
#9999 = CARTESIAN_POINT('',(6.187928093032,178.12405527989));
#10000 = CARTESIAN_POINT('',(6.180541732175,175.08821993967));
#10001 = CARTESIAN_POINT('',(6.173145978969,172.05930561253));
#10002 = CARTESIAN_POINT('',(6.165740842935,169.03754030045));
#10003 = CARTESIAN_POINT('',(6.15832633788,166.02315234409));
#10004 = CARTESIAN_POINT('',(6.13605476594,157.00280465956));
#10005 = CARTESIAN_POINT('',(6.1211696398,151.01966006284));
#10006 = CARTESIAN_POINT('',(6.106247249608,145.06876618965));
#10007 = CARTESIAN_POINT('',(6.091287784701,139.15194618099));
#10008 = CARTESIAN_POINT('',(6.07629147286,133.27101304367));
#10009 = CARTESIAN_POINT('',(6.061258576877,127.42776657249));
#10010 = CARTESIAN_POINT('',(6.046189391131,121.62399027231));
#10011 = CARTESIAN_POINT('',(6.031084238148,115.8614482802));
#10012 = CARTESIAN_POINT('',(6.000802692199,104.42231629478));
#10013 = CARTESIAN_POINT('',(5.985626294849,98.745725236833));
#10014 = CARTESIAN_POINT('',(5.970414663494,93.113864130333));
#10015 = CARTESIAN_POINT('',(5.955168075266,87.528422017441));
#10016 = CARTESIAN_POINT('',(5.939887056199,81.991137940997));
#10017 = CARTESIAN_POINT('',(5.924572047993,76.503689143237));
#10018 = CARTESIAN_POINT('',(5.90922342106,71.067694364436));
#10019 = CARTESIAN_POINT('',(5.893841816152,65.684825259122));
#10020 = CARTESIAN_POINT('',(5.863013658976,55.028512918853));
#10021 = CARTESIAN_POINT('',(5.847567109342,49.755070885278));
#10022 = CARTESIAN_POINT('',(5.832088669941,44.537954416264));
#10023 = CARTESIAN_POINT('',(5.81657882642,39.378711376798));
#10024 = CARTESIAN_POINT('',(5.801038418758,34.27895414378));
#10025 = CARTESIAN_POINT('',(5.785467987752,29.240164162789));
#10026 = CARTESIAN_POINT('',(5.769868026197,24.263768003651));
#10027 = CARTESIAN_POINT('',(5.754239739848,19.351362766705));
#10028 = CARTESIAN_POINT('',(5.738583520135,14.50425152891));
#10029 = ( GEOMETRIC_REPRESENTATION_CONTEXT(2) 
PARAMETRIC_REPRESENTATION_CONTEXT() REPRESENTATION_CONTEXT('2D SPACE',''
  ) );
#10030 = PCURVE('',#10031,#10036);
#10031 = CONICAL_SURFACE('',#10032,510.,0.20539538919);
#10032 = AXIS2_PLACEMENT_3D('',#10033,#10034,#10035);
#10033 = CARTESIAN_POINT('',(0.,0.,0.));
#10034 = DIRECTION('',(1.,0.,-2.22044604925E-16));
#10035 = DIRECTION('',(-2.22044604925E-16,0.,-1.));
#10036 = DEFINITIONAL_REPRESENTATION('',(#10037),#10080);
#10037 = B_SPLINE_CURVE_WITH_KNOTS('',9,(#10038,#10039,#10040,#10041,
    #10042,#10043,#10044,#10045,#10046,#10047,#10048,#10049,#10050,
    #10051,#10052,#10053,#10054,#10055,#10056,#10057,#10058,#10059,
    #10060,#10061,#10062,#10063,#10064,#10065,#10066,#10067,#10068,
    #10069,#10070,#10071,#10072,#10073,#10074,#10075,#10076,#10077,
    #10078,#10079),.UNSPECIFIED.,.F.,.F.,(10,8,8,8,8,10),(
    2.608535066791E+03,2.650895483358E+03,2.693255899924E+03,
    2.777976733056E+03,2.862697566189E+03,2.947418399321E+03),
  .UNSPECIFIED.);
#10038 = CARTESIAN_POINT('',(6.28318530718,218.08242029425));
#10039 = CARTESIAN_POINT('',(6.275910247576,214.97894130857));
#10040 = CARTESIAN_POINT('',(6.268626078664,211.87997173337));
#10041 = CARTESIAN_POINT('',(6.261332656161,208.78568291061));
#10042 = CARTESIAN_POINT('',(6.254030551965,205.69655650847));
#10043 = CARTESIAN_POINT('',(6.246718825035,202.61241703618));
#10044 = CARTESIAN_POINT('',(6.239398085727,199.53376437663));
#10045 = CARTESIAN_POINT('',(6.232067937134,196.4606554482));
#10046 = CARTESIAN_POINT('',(6.224728473489,193.39336295274));
#10047 = CARTESIAN_POINT('',(6.210030817994,187.27082587391));
#10048 = CARTESIAN_POINT('',(6.202672628858,184.21558252307));
#10049 = CARTESIAN_POINT('',(6.195305057601,181.16658460939));
#10050 = CARTESIAN_POINT('',(6.187928093032,178.12405527989));
#10051 = CARTESIAN_POINT('',(6.180541732175,175.08821993967));
#10052 = CARTESIAN_POINT('',(6.173145978969,172.05930561253));
#10053 = CARTESIAN_POINT('',(6.165740842935,169.03754030045));
#10054 = CARTESIAN_POINT('',(6.15832633788,166.02315234409));
#10055 = CARTESIAN_POINT('',(6.13605476594,157.00280465956));
#10056 = CARTESIAN_POINT('',(6.1211696398,151.01966006284));
#10057 = CARTESIAN_POINT('',(6.106247249608,145.06876618965));
#10058 = CARTESIAN_POINT('',(6.091287784701,139.15194618099));
#10059 = CARTESIAN_POINT('',(6.07629147286,133.27101304367));
#10060 = CARTESIAN_POINT('',(6.061258576877,127.42776657249));
#10061 = CARTESIAN_POINT('',(6.046189391131,121.62399027231));
#10062 = CARTESIAN_POINT('',(6.031084238148,115.8614482802));
#10063 = CARTESIAN_POINT('',(6.000802692199,104.42231629478));
#10064 = CARTESIAN_POINT('',(5.985626294849,98.745725236833));
#10065 = CARTESIAN_POINT('',(5.970414663494,93.113864130333));
#10066 = CARTESIAN_POINT('',(5.955168075266,87.528422017441));
#10067 = CARTESIAN_POINT('',(5.939887056199,81.991137940997));
#10068 = CARTESIAN_POINT('',(5.924572047993,76.503689143237));
#10069 = CARTESIAN_POINT('',(5.90922342106,71.067694364436));
#10070 = CARTESIAN_POINT('',(5.893841816152,65.684825259122));
#10071 = CARTESIAN_POINT('',(5.863013658976,55.028512918853));
#10072 = CARTESIAN_POINT('',(5.847567109342,49.755070885278));
#10073 = CARTESIAN_POINT('',(5.832088669941,44.537954416264));
#10074 = CARTESIAN_POINT('',(5.81657882642,39.378711376798));
#10075 = CARTESIAN_POINT('',(5.801038418758,34.27895414378));
#10076 = CARTESIAN_POINT('',(5.785467987752,29.240164162789));
#10077 = CARTESIAN_POINT('',(5.769868026197,24.263768003651));
#10078 = CARTESIAN_POINT('',(5.754239739848,19.351362766705));
#10079 = CARTESIAN_POINT('',(5.738583520135,14.50425152891));
#10080 = ( GEOMETRIC_REPRESENTATION_CONTEXT(2) 
PARAMETRIC_REPRESENTATION_CONTEXT() REPRESENTATION_CONTEXT('2D SPACE',''
  ) );
#10081 = ORIENTED_EDGE('',*,*,#10082,.T.);
#10082 = EDGE_CURVE('',#9930,#9866,#10083,.T.);
#10083 = SURFACE_CURVE('',#10084,(#10095,#10109),.PCURVE_S1.);
#10084 = B_SPLINE_CURVE_WITH_KNOTS('',9,(#10085,#10086,#10087,#10088,
    #10089,#10090,#10091,#10092,#10093,#10094),.UNSPECIFIED.,.F.,.F.,(10
    ,10),(0.,1.),.PIECEWISE_BEZIER_KNOTS.);
#10085 = CARTESIAN_POINT('',(14.50425152891,-265.7850233318,
    -438.8047465706));
#10086 = CARTESIAN_POINT('',(14.484122756968,-265.8113801687,
    -438.7838794175));
#10087 = CARTESIAN_POINT('',(14.462170611553,-265.8360430689,
    -438.7635910957));
#10088 = CARTESIAN_POINT('',(14.435814559551,-265.8560800875,
    -438.7450311899));
#10089 = CARTESIAN_POINT('',(14.407862864927,-265.8842540282,
    -438.7211483184));
#10090 = CARTESIAN_POINT('',(14.384318128961,-265.8905309933,
    -438.7116059611));
#10091 = CARTESIAN_POINT('',(14.339507014912,-265.9132277657,
    -438.6869379574));
#10092 = CARTESIAN_POINT('',(14.334805292863,-265.9488438909,
    -438.6641992922));
#10093 = CARTESIAN_POINT('',(14.328823426079,-265.9805169084,
    -438.6435368048));
#10094 = CARTESIAN_POINT('',(14.328823425984,-266.013944395,
    -438.6232638775));
#10095 = PCURVE('',#9877,#10096);
#10096 = DEFINITIONAL_REPRESENTATION('',(#10097),#10108);
#10097 = B_SPLINE_CURVE_WITH_KNOTS('',9,(#10098,#10099,#10100,#10101,
    #10102,#10103,#10104,#10105,#10106,#10107),.UNSPECIFIED.,.F.,.F.,(10
    ,10),(0.,1.),.PIECEWISE_BEZIER_KNOTS.);
#10098 = CARTESIAN_POINT('',(5.738583520135,14.50425152891));
#10099 = CARTESIAN_POINT('',(5.738518503993,14.484122757145));
#10100 = CARTESIAN_POINT('',(5.738456637744,14.462435066354));
#10101 = CARTESIAN_POINT('',(5.738405643539,14.43481051154));
#10102 = CARTESIAN_POINT('',(5.73833220077,14.409674937202));
#10103 = CARTESIAN_POINT('',(5.738314856967,14.382412104305));
#10104 = CARTESIAN_POINT('',(5.73825011099,14.340673048941));
#10105 = CARTESIAN_POINT('',(5.738168583033,14.334469055062));
#10106 = CARTESIAN_POINT('',(5.738094750836,14.328823425984));
#10107 = CARTESIAN_POINT('',(5.738018540818,14.328823425984));
#10108 = ( GEOMETRIC_REPRESENTATION_CONTEXT(2) 
PARAMETRIC_REPRESENTATION_CONTEXT() REPRESENTATION_CONTEXT('2D SPACE',''
  ) );
#10109 = PCURVE('',#10031,#10110);
#10110 = DEFINITIONAL_REPRESENTATION('',(#10111),#10122);
#10111 = B_SPLINE_CURVE_WITH_KNOTS('',9,(#10112,#10113,#10114,#10115,
    #10116,#10117,#10118,#10119,#10120,#10121),.UNSPECIFIED.,.F.,.F.,(10
    ,10),(0.,1.),.PIECEWISE_BEZIER_KNOTS.);
#10112 = CARTESIAN_POINT('',(5.738583520135,14.50425152891));
#10113 = CARTESIAN_POINT('',(5.738518503993,14.484122757145));
#10114 = CARTESIAN_POINT('',(5.738456637744,14.462435066354));
#10115 = CARTESIAN_POINT('',(5.738405643539,14.43481051154));
#10116 = CARTESIAN_POINT('',(5.73833220077,14.409674937202));
#10117 = CARTESIAN_POINT('',(5.738314856967,14.382412104305));
#10118 = CARTESIAN_POINT('',(5.73825011099,14.340673048941));
#10119 = CARTESIAN_POINT('',(5.738168583033,14.334469055062));
#10120 = CARTESIAN_POINT('',(5.738094750836,14.328823425984));
#10121 = CARTESIAN_POINT('',(5.738018540818,14.328823425984));
#10122 = ( GEOMETRIC_REPRESENTATION_CONTEXT(2) 
PARAMETRIC_REPRESENTATION_CONTEXT() REPRESENTATION_CONTEXT('2D SPACE',''
  ) );
#10123 = ADVANCED_FACE('',(#10124),#9889,.T.);
#10124 = FACE_BOUND('',#10125,.F.);
#10125 = EDGE_LOOP('',(#10126,#10162,#10163,#10190));
#10126 = ORIENTED_EDGE('',*,*,#10127,.F.);
#10127 = EDGE_CURVE('',#9866,#10128,#10130,.T.);
#10128 = VERTEX_POINT('',#10129);
#10129 = CARTESIAN_POINT('',(6.661338147751E-16,-256.876050684,
    -423.5560358282));
#10130 = SURFACE_CURVE('',#10131,(#10141,#10151),.PCURVE_S1.);
#10131 = B_SPLINE_CURVE_WITH_KNOTS('',8,(#10132,#10133,#10134,#10135,
    #10136,#10137,#10138,#10139,#10140),.UNSPECIFIED.,.F.,.F.,(9,9),(0.,
    1.),.PIECEWISE_BEZIER_KNOTS.);
#10132 = CARTESIAN_POINT('',(14.328823425984,-266.013944395,
    -438.6232638775));
#10133 = CARTESIAN_POINT('',(11.321246664218,-265.68902542,
    -438.0875136872));
#10134 = CARTESIAN_POINT('',(8.435888313177,-265.0598927914,
    -437.0501537565));
#10135 = CARTESIAN_POINT('',(5.806252688298,-264.1409704877,
    -435.5349673964));
#10136 = CARTESIAN_POINT('',(3.558237366506,-262.9655812406,
    -433.5968995667));
#10137 = CARTESIAN_POINT('',(1.79773565609,-261.5846264327,
    -431.319880193));
#10138 = CARTESIAN_POINT('',(0.599245874947,-260.0622454953,
    -428.8096670643));
#10139 = CARTESIAN_POINT('',(2.22044604925E-16,-258.469148001,
    -426.1828513001));
#10140 = CARTESIAN_POINT('',(6.661338147751E-16,-256.876050684,
    -423.5560358282));
#10141 = PCURVE('',#9889,#10142);
#10142 = DEFINITIONAL_REPRESENTATION('',(#10143),#10150);
#10143 = B_SPLINE_CURVE_WITH_KNOTS('',5,(#10144,#10145,#10146,#10147,
    #10148,#10149),.UNSPECIFIED.,.F.,.F.,(6,6),(0.,1.),
  .PIECEWISE_BEZIER_KNOTS.);
#10144 = CARTESIAN_POINT('',(-5.738018540818,0.20539538919));
#10145 = CARTESIAN_POINT('',(-5.738018540818,0.478475576711));
#10146 = CARTESIAN_POINT('',(-5.738018540818,0.751555765407));
#10147 = CARTESIAN_POINT('',(-5.738018540818,1.024635950577));
#10148 = CARTESIAN_POINT('',(-5.738018540818,1.297716139274));
#10149 = CARTESIAN_POINT('',(-5.738018540818,1.570796326795));
#10150 = ( GEOMETRIC_REPRESENTATION_CONTEXT(2) 
PARAMETRIC_REPRESENTATION_CONTEXT() REPRESENTATION_CONTEXT('2D SPACE',''
  ) );
#10151 = PCURVE('',#10152,#10157);
#10152 = TOROIDAL_SURFACE('',#10153,495.3635239918,18.);
#10153 = AXIS2_PLACEMENT_3D('',#10154,#10155,#10156);
#10154 = CARTESIAN_POINT('',(18.,0.,-3.996802888651E-15));
#10155 = DIRECTION('',(-1.,0.,2.22044604925E-16));
#10156 = DIRECTION('',(1.933886501647E-16,-0.491380417772,0.870945052819
    ));
#10157 = DEFINITIONAL_REPRESENTATION('',(#10158),#10161);
#10158 = B_SPLINE_CURVE_WITH_KNOTS('',1,(#10159,#10160),.UNSPECIFIED.,
  .F.,.F.,(2,2),(0.,1.),.PIECEWISE_BEZIER_KNOTS.);
#10159 = CARTESIAN_POINT('',(-2.08275187626,0.20539538919));
#10160 = CARTESIAN_POINT('',(-2.08275187626,1.570796326795));
#10161 = ( GEOMETRIC_REPRESENTATION_CONTEXT(2) 
PARAMETRIC_REPRESENTATION_CONTEXT() REPRESENTATION_CONTEXT('2D SPACE',''
  ) );
#10162 = ORIENTED_EDGE('',*,*,#9865,.T.);
#10163 = ORIENTED_EDGE('',*,*,#10164,.T.);
#10164 = EDGE_CURVE('',#9868,#10165,#10167,.T.);
#10165 = VERTEX_POINT('',#10166);
#10166 = CARTESIAN_POINT('',(-1.101341240428E-13,-6.066453540709E-14,
    -495.3635239918));
#10167 = SURFACE_CURVE('',#10168,(#10173,#10179),.PCURVE_S1.);
#10168 = CIRCLE('',#10169,18.);
#10169 = AXIS2_PLACEMENT_3D('',#10170,#10171,#10172);
#10170 = CARTESIAN_POINT('',(18.,-6.066453540709E-14,-495.3635239918));
#10171 = DIRECTION('',(-2.719262146894E-32,1.,-1.224646799147E-16));
#10172 = DIRECTION('',(-2.22044604925E-16,-1.224646799147E-16,-1.));
#10173 = PCURVE('',#9889,#10174);
#10174 = DEFINITIONAL_REPRESENTATION('',(#10175),#10178);
#10175 = B_SPLINE_CURVE_WITH_KNOTS('',1,(#10176,#10177),.UNSPECIFIED.,
  .F.,.F.,(2,2),(0.20539538919,1.570796326795),
  .PIECEWISE_BEZIER_KNOTS.);
#10176 = CARTESIAN_POINT('',(-6.28318530718,0.20539538919));
#10177 = CARTESIAN_POINT('',(-6.28318530718,1.570796326795));
#10178 = ( GEOMETRIC_REPRESENTATION_CONTEXT(2) 
PARAMETRIC_REPRESENTATION_CONTEXT() REPRESENTATION_CONTEXT('2D SPACE',''
  ) );
#10179 = PCURVE('',#10180,#10185);
#10180 = TOROIDAL_SURFACE('',#10181,495.3635239918,18.);
#10181 = AXIS2_PLACEMENT_3D('',#10182,#10183,#10184);
#10182 = CARTESIAN_POINT('',(18.,0.,-3.996802888651E-15));
#10183 = DIRECTION('',(-1.,0.,2.22044604925E-16));
#10184 = DIRECTION('',(-2.22044604925E-16,-1.224646799147E-16,-1.));
#10185 = DEFINITIONAL_REPRESENTATION('',(#10186),#10189);
#10186 = B_SPLINE_CURVE_WITH_KNOTS('',1,(#10187,#10188),.UNSPECIFIED.,
  .F.,.F.,(2,2),(0.20539538919,1.570796326795),
  .PIECEWISE_BEZIER_KNOTS.);
#10187 = CARTESIAN_POINT('',(0.,0.20539538919));
#10188 = CARTESIAN_POINT('',(0.,1.570796326795));
#10189 = ( GEOMETRIC_REPRESENTATION_CONTEXT(2) 
PARAMETRIC_REPRESENTATION_CONTEXT() REPRESENTATION_CONTEXT('2D SPACE',''
  ) );
#10190 = ORIENTED_EDGE('',*,*,#10191,.F.);
#10191 = EDGE_CURVE('',#10128,#10165,#10192,.T.);
#10192 = SURFACE_CURVE('',#10193,(#10198,#10205),.PCURVE_S1.);
#10193 = CIRCLE('',#10194,495.3635239918);
#10194 = AXIS2_PLACEMENT_3D('',#10195,#10196,#10197);
#10195 = CARTESIAN_POINT('',(0.,0.,0.));
#10196 = DIRECTION('',(1.,0.,-2.22044604925E-16));
#10197 = DIRECTION('',(-2.22044604925E-16,-1.224646799147E-16,-1.));
#10198 = PCURVE('',#9889,#10199);
#10199 = DEFINITIONAL_REPRESENTATION('',(#10200),#10204);
#10200 = LINE('',#10201,#10202);
#10201 = CARTESIAN_POINT('',(-0.,1.570796326795));
#10202 = VECTOR('',#10203,1.);
#10203 = DIRECTION('',(-1.,0.));
#10204 = ( GEOMETRIC_REPRESENTATION_CONTEXT(2) 
PARAMETRIC_REPRESENTATION_CONTEXT() REPRESENTATION_CONTEXT('2D SPACE',''
  ) );
#10205 = PCURVE('',#10206,#10211);
#10206 = PLANE('',#10207);
#10207 = AXIS2_PLACEMENT_3D('',#10208,#10209,#10210);
#10208 = CARTESIAN_POINT('',(0.,0.,0.));
#10209 = DIRECTION('',(1.,0.,-2.22044604925E-16));
#10210 = DIRECTION('',(-2.22044604925E-16,0.,-1.));
#10211 = DEFINITIONAL_REPRESENTATION('',(#10212),#10216);
#10212 = CIRCLE('',#10213,495.3635239918);
#10213 = AXIS2_PLACEMENT_2D('',#10214,#10215);
#10214 = CARTESIAN_POINT('',(0.,0.));
#10215 = DIRECTION('',(1.,-1.224646799147E-16));
#10216 = ( GEOMETRIC_REPRESENTATION_CONTEXT(2) 
PARAMETRIC_REPRESENTATION_CONTEXT() REPRESENTATION_CONTEXT('2D SPACE',''
  ) );
#10217 = ADVANCED_FACE('',(#10218),#10031,.T.);
#10218 = FACE_BOUND('',#10219,.T.);
#10219 = EDGE_LOOP('',(#10220,#10221,#10244,#10359,#10404,#10433,#10483,
    #10533,#10534,#10654,#10698,#10720));
#10220 = ORIENTED_EDGE('',*,*,#9929,.F.);
#10221 = ORIENTED_EDGE('',*,*,#10222,.T.);
#10222 = EDGE_CURVE('',#9902,#10223,#10225,.T.);
#10223 = VERTEX_POINT('',#10224);
#10224 = CARTESIAN_POINT('',(915.51192986445,-1.716297549501E-13,
    -700.731652055));
#10225 = SEAM_CURVE('',#10226,(#10230,#10237),.PCURVE_S1.);
#10226 = LINE('',#10227,#10228);
#10227 = CARTESIAN_POINT('',(-1.132427485118E-13,-1.24913973513E-13,
    -510.));
#10228 = VECTOR('',#10229,1.);
#10229 = DIRECTION('',(0.978980419738,-4.995438489415E-17,
    -0.203954254112));
#10230 = PCURVE('',#10031,#10231);
#10231 = DEFINITIONAL_REPRESENTATION('',(#10232),#10236);
#10232 = LINE('',#10233,#10234);
#10233 = CARTESIAN_POINT('',(0.,-0.));
#10234 = VECTOR('',#10235,1.);
#10235 = DIRECTION('',(0.,1.));
#10236 = ( GEOMETRIC_REPRESENTATION_CONTEXT(2) 
PARAMETRIC_REPRESENTATION_CONTEXT() REPRESENTATION_CONTEXT('2D SPACE',''
  ) );
#10237 = PCURVE('',#10031,#10238);
#10238 = DEFINITIONAL_REPRESENTATION('',(#10239),#10243);
#10239 = LINE('',#10240,#10241);
#10240 = CARTESIAN_POINT('',(6.28318530718,-0.));
#10241 = VECTOR('',#10242,1.);
#10242 = DIRECTION('',(0.,1.));
#10243 = ( GEOMETRIC_REPRESENTATION_CONTEXT(2) 
PARAMETRIC_REPRESENTATION_CONTEXT() REPRESENTATION_CONTEXT('2D SPACE',''
  ) );
#10244 = ORIENTED_EDGE('',*,*,#10245,.F.);
#10245 = EDGE_CURVE('',#10246,#10223,#10248,.T.);
#10246 = VERTEX_POINT('',#10247);
#10247 = CARTESIAN_POINT('',(1.058119225954E+03,117.16449644701,
    720.98354603708));
#10248 = SURFACE_CURVE('',#10249,(#10288,#10321),.PCURVE_S1.);
#10249 = B_SPLINE_CURVE_WITH_KNOTS('',10,(#10250,#10251,#10252,#10253,
    #10254,#10255,#10256,#10257,#10258,#10259,#10260,#10261,#10262,
    #10263,#10264,#10265,#10266,#10267,#10268,#10269,#10270,#10271,
    #10272,#10273,#10274,#10275,#10276,#10277,#10278,#10279,#10280,
    #10281,#10282,#10283,#10284,#10285,#10286,#10287),.UNSPECIFIED.,.F.,
  .F.,(11,9,9,9,11),(-94.45238762923,-14.40317648428,0.,
    1.32574052869E+03,2.651481057379E+03),.UNSPECIFIED.);
#10250 = CARTESIAN_POINT('',(1.157040349467E+03,198.3340809687,
    726.97897087848));
#10251 = CARTESIAN_POINT('',(1.149319449093E+03,191.9989120786,
    726.52739706766));
#10252 = CARTESIAN_POINT('',(1.141602296592E+03,185.66681840064,
    726.07604245946));
#10253 = CARTESIAN_POINT('',(1.133888891963E+03,179.33779993481,
    725.62490705388));
#10254 = CARTESIAN_POINT('',(1.126179235207E+03,173.01185668113,
    725.17399085092));
#10255 = CARTESIAN_POINT('',(1.118473326324E+03,166.68898863958,
    724.72329385058));
#10256 = CARTESIAN_POINT('',(1.110771165314E+03,160.36919581017,
    724.27281605286));
#10257 = CARTESIAN_POINT('',(1.103072752176E+03,154.0524781929,
    723.82255745777));
#10258 = CARTESIAN_POINT('',(1.095378086911E+03,147.73883578776,
    723.3725180653));
#10259 = CARTESIAN_POINT('',(1.087687169519E+03,141.42826859477,
    722.92269787544));
#10260 = CARTESIAN_POINT('',(1.078616855086E+03,133.98587573389,
    722.3922006211));
#10261 = CARTESIAN_POINT('',(1.0772339138E+03,132.85111879143,
    722.30945734646));
#10262 = CARTESIAN_POINT('',(1.075851180394E+03,131.71650925316,
    722.22486734929));
#10263 = CARTESIAN_POINT('',(1.074468659119E+03,130.58205058514,
    722.1384309118));
#10264 = CARTESIAN_POINT('',(1.073086354231E+03,129.44774625444,
    722.05014832142));
#10265 = CARTESIAN_POINT('',(1.071704269975E+03,128.31359972672,
    721.96001985817));
#10266 = CARTESIAN_POINT('',(1.070322410611E+03,127.17961446919,
    721.86804581024));
#10267 = CARTESIAN_POINT('',(1.068940780385E+03,126.04579394772,
    721.7742264588));
#10268 = CARTESIAN_POINT('',(1.067559383553E+03,124.91214162908,
    721.67856208966));
#10269 = CARTESIAN_POINT('',(939.04941261121,19.44742285697,
    712.60582656337));
#10270 = CARTESIAN_POINT('',(813.93424911745,-83.42917633409,
    688.00181624));
#10271 = CARTESIAN_POINT('',(694.2952682138,-182.0263726027,
    648.017874204));
#10272 = CARTESIAN_POINT('',(583.45940934798,-273.6063071388,
    593.4466479657));
#10273 = CARTESIAN_POINT('',(484.49791787044,-355.6046992996,
    525.5683622224));
#10274 = CARTESIAN_POINT('',(400.08974674909,-425.743531106,
    446.15032291252));
#10275 = CARTESIAN_POINT('',(332.42015069462,-482.1022106356,
    357.34163958253));
#10276 = CARTESIAN_POINT('',(283.0778266334,-523.2530381562,
    261.69687364637));
#10277 = CARTESIAN_POINT('',(252.98233888358,-548.364825905,
    161.94147870009));
#10278 = CARTESIAN_POINT('',(231.83433262113,-566.0129798064,
    -40.24146583378));
#10279 = CARTESIAN_POINT('',(240.78171294292,-558.5494447468,
    -142.6693669409));
#10280 = CARTESIAN_POINT('',(269.52430072994,-534.5504157185,
    -243.6558793349));
#10281 = CARTESIAN_POINT('',(317.68193740537,-494.3589543709,
    -340.3937086231));
#10282 = CARTESIAN_POINT('',(384.24346312784,-438.8972406816,
    -430.1094276134));
#10283 = CARTESIAN_POINT('',(467.47214010262,-369.7320991518,
    -510.3149286603));
#10284 = CARTESIAN_POINT('',(565.12375762172,-288.8137776625,
    -578.9205055218));
#10285 = CARTESIAN_POINT('',(674.44497532907,-198.4781385471,
    -634.2389856637));
#10286 = CARTESIAN_POINT('',(792.34767046923,-101.2964632622,
    -675.0724313477));
#10287 = CARTESIAN_POINT('',(915.51192986445,-1.716297549501E-13,
    -700.731652055));
#10288 = PCURVE('',#10031,#10289);
#10289 = DEFINITIONAL_REPRESENTATION('',(#10290),#10320);
#10290 = B_SPLINE_CURVE_WITH_KNOTS('',10,(#10291,#10292,#10293,#10294,
    #10295,#10296,#10297,#10298,#10299,#10300,#10301,#10302,#10303,
    #10304,#10305,#10306,#10307,#10308,#10309,#10310,#10311,#10312,
    #10313,#10314,#10315,#10316,#10317,#10318,#10319),.UNSPECIFIED.,.F.,
  .F.,(11,9,9,11),(-14.40317648428,0.,1.32574052869E+03,
    2.651481057379E+03),.UNSPECIFIED.);
#10291 = CARTESIAN_POINT('',(2.956703282424,1.08E+03));
#10292 = CARTESIAN_POINT('',(2.958200815094,1.078616855086E+03));
#10293 = CARTESIAN_POINT('',(2.959698997991,1.0772339138E+03));
#10294 = CARTESIAN_POINT('',(2.961197831835,1.075851180395E+03));
#10295 = CARTESIAN_POINT('',(2.962697317336,1.074468659119E+03));
#10296 = CARTESIAN_POINT('',(2.964197455224,1.073086354231E+03));
#10297 = CARTESIAN_POINT('',(2.965698246202,1.071704269975E+03));
#10298 = CARTESIAN_POINT('',(2.967199691001,1.070322410611E+03));
#10299 = CARTESIAN_POINT('',(2.968701790329,1.068940780385E+03));
#10300 = CARTESIAN_POINT('',(2.970204544909,1.067559383553E+03));
#10301 = CARTESIAN_POINT('',(3.110089394911,939.0494126112));
#10302 = CARTESIAN_POINT('',(3.254027874221,813.93424911749));
#10303 = CARTESIAN_POINT('',(3.403916358692,694.29526821371));
#10304 = CARTESIAN_POINT('',(3.560034136567,583.45940934813));
#10305 = CARTESIAN_POINT('',(3.722451386754,484.49791787027));
#10306 = CARTESIAN_POINT('',(3.89088503221,400.08974674923));
#10307 = CARTESIAN_POINT('',(4.064638499576,332.42015069454));
#10308 = CARTESIAN_POINT('',(4.242402808806,283.07782663343));
#10309 = CARTESIAN_POINT('',(4.422609110415,252.98233888357));
#10310 = CARTESIAN_POINT('',(4.784613146854,231.83433262113));
#10311 = CARTESIAN_POINT('',(4.966411468564,240.78171294291));
#10312 = CARTESIAN_POINT('',(5.147354772812,269.52430072995));
#10313 = CARTESIAN_POINT('',(5.325746815711,317.68193740535));
#10314 = CARTESIAN_POINT('',(5.499939006242,384.24346312788));
#10315 = CARTESIAN_POINT('',(5.668751217536,467.47214010257));
#10316 = CARTESIAN_POINT('',(5.831579678952,565.12375762176));
#10317 = CARTESIAN_POINT('',(5.98817795123,674.44497532905));
#10318 = CARTESIAN_POINT('',(6.138627168604,792.34767046924));
#10319 = CARTESIAN_POINT('',(6.28318530718,915.51192986445));
#10320 = ( GEOMETRIC_REPRESENTATION_CONTEXT(2) 
PARAMETRIC_REPRESENTATION_CONTEXT() REPRESENTATION_CONTEXT('2D SPACE',''
  ) );
#10321 = PCURVE('',#10322,#10327);
#10322 = CONICAL_SURFACE('',#10323,510.,0.20539538919);
#10323 = AXIS2_PLACEMENT_3D('',#10324,#10325,#10326);
#10324 = CARTESIAN_POINT('',(0.,0.,0.));
#10325 = DIRECTION('',(1.,0.,-2.22044604925E-16));
#10326 = DIRECTION('',(-2.22044604925E-16,0.,-1.));
#10327 = DEFINITIONAL_REPRESENTATION('',(#10328),#10358);
#10328 = B_SPLINE_CURVE_WITH_KNOTS('',10,(#10329,#10330,#10331,#10332,
    #10333,#10334,#10335,#10336,#10337,#10338,#10339,#10340,#10341,
    #10342,#10343,#10344,#10345,#10346,#10347,#10348,#10349,#10350,
    #10351,#10352,#10353,#10354,#10355,#10356,#10357),.UNSPECIFIED.,.F.,
  .F.,(11,9,9,11),(-14.40317648428,0.,1.32574052869E+03,
    2.651481057379E+03),.UNSPECIFIED.);
#10329 = CARTESIAN_POINT('',(2.956703282424,1.08E+03));
#10330 = CARTESIAN_POINT('',(2.958200815094,1.078616855086E+03));
#10331 = CARTESIAN_POINT('',(2.959698997991,1.0772339138E+03));
#10332 = CARTESIAN_POINT('',(2.961197831835,1.075851180395E+03));
#10333 = CARTESIAN_POINT('',(2.962697317336,1.074468659119E+03));
#10334 = CARTESIAN_POINT('',(2.964197455224,1.073086354231E+03));
#10335 = CARTESIAN_POINT('',(2.965698246202,1.071704269975E+03));
#10336 = CARTESIAN_POINT('',(2.967199691001,1.070322410611E+03));
#10337 = CARTESIAN_POINT('',(2.968701790329,1.068940780385E+03));
#10338 = CARTESIAN_POINT('',(2.970204544909,1.067559383553E+03));
#10339 = CARTESIAN_POINT('',(3.110089394911,939.0494126112));
#10340 = CARTESIAN_POINT('',(3.254027874221,813.93424911749));
#10341 = CARTESIAN_POINT('',(3.403916358692,694.29526821371));
#10342 = CARTESIAN_POINT('',(3.560034136567,583.45940934813));
#10343 = CARTESIAN_POINT('',(3.722451386754,484.49791787027));
#10344 = CARTESIAN_POINT('',(3.89088503221,400.08974674923));
#10345 = CARTESIAN_POINT('',(4.064638499576,332.42015069454));
#10346 = CARTESIAN_POINT('',(4.242402808806,283.07782663343));
#10347 = CARTESIAN_POINT('',(4.422609110415,252.98233888357));
#10348 = CARTESIAN_POINT('',(4.784613146854,231.83433262113));
#10349 = CARTESIAN_POINT('',(4.966411468564,240.78171294291));
#10350 = CARTESIAN_POINT('',(5.147354772812,269.52430072995));
#10351 = CARTESIAN_POINT('',(5.325746815711,317.68193740535));
#10352 = CARTESIAN_POINT('',(5.499939006242,384.24346312788));
#10353 = CARTESIAN_POINT('',(5.668751217536,467.47214010257));
#10354 = CARTESIAN_POINT('',(5.831579678952,565.12375762176));
#10355 = CARTESIAN_POINT('',(5.98817795123,674.44497532905));
#10356 = CARTESIAN_POINT('',(6.138627168604,792.34767046924));
#10357 = CARTESIAN_POINT('',(6.28318530718,915.51192986445));
#10358 = ( GEOMETRIC_REPRESENTATION_CONTEXT(2) 
PARAMETRIC_REPRESENTATION_CONTEXT() REPRESENTATION_CONTEXT('2D SPACE',''
  ) );
#10359 = ORIENTED_EDGE('',*,*,#10360,.F.);
#10360 = EDGE_CURVE('',#10361,#10246,#10363,.T.);
#10361 = VERTEX_POINT('',#10362);
#10362 = CARTESIAN_POINT('',(1.058328823426E+03,117.33586534642,
    720.99991716613));
#10363 = SURFACE_CURVE('',#10364,(#10376,#10390),.PCURVE_S1.);
#10364 = B_SPLINE_CURVE_WITH_KNOTS('',10,(#10365,#10366,#10367,#10368,
    #10369,#10370,#10371,#10372,#10373,#10374,#10375),.UNSPECIFIED.,.F.,
  .F.,(11,11),(0.,1.),.PIECEWISE_BEZIER_KNOTS.);
#10365 = CARTESIAN_POINT('',(1.058328823426E+03,117.33586534642,
    720.99991716613));
#10366 = CARTESIAN_POINT('',(1.058328823427E+03,117.30789751149,
    721.00446866491));
#10367 = CARTESIAN_POINT('',(1.05832155129E+03,117.2799409871,
    721.00748228326));
#10368 = CARTESIAN_POINT('',(1.058287088193E+03,117.24989736163,
    721.00509367712));
#10369 = CARTESIAN_POINT('',(1.058259125287E+03,117.26839431419,
    720.99618242211));
#10370 = CARTESIAN_POINT('',(1.058247029233E+03,117.22301684558,
    721.00101082164));
#10371 = CARTESIAN_POINT('',(1.058206858501E+03,117.235405411,
    720.99051501453));
#10372 = CARTESIAN_POINT('',(1.058191309377E+03,117.21036950566,
    720.99130520551));
#10373 = CARTESIAN_POINT('',(1.05816348291E+03,117.19915300684,
    720.98725466163));
#10374 = CARTESIAN_POINT('',(1.058141124822E+03,117.18247022657,
    720.98524729371));
#10375 = CARTESIAN_POINT('',(1.058119225954E+03,117.16449644701,
    720.98354603708));
#10376 = PCURVE('',#10031,#10377);
#10377 = DEFINITIONAL_REPRESENTATION('',(#10378),#10389);
#10378 = B_SPLINE_CURVE_WITH_KNOTS('',9,(#10379,#10380,#10381,#10382,
    #10383,#10384,#10385,#10386,#10387,#10388),.UNSPECIFIED.,.F.,.F.,(10
    ,10),(0.,1.),.PIECEWISE_BEZIER_KNOTS.);
#10379 = CARTESIAN_POINT('',(2.980266474581,1.058328823426E+03));
#10380 = CARTESIAN_POINT('',(2.980309574964,1.058328823426E+03));
#10381 = CARTESIAN_POINT('',(2.980354313491,1.058320400097E+03));
#10382 = CARTESIAN_POINT('',(2.980384852599,1.058269437251E+03));
#10383 = CARTESIAN_POINT('',(2.980368530086,1.05826050476E+03));
#10384 = CARTESIAN_POINT('',(2.98042187914,1.058221161915E+03));
#10385 = CARTESIAN_POINT('',(2.980415925559,1.058197556314E+03));
#10386 = CARTESIAN_POINT('',(2.980446129035,1.05816911085E+03));
#10387 = CARTESIAN_POINT('',(2.980467866338,1.058143558034E+03));
#10388 = CARTESIAN_POINT('',(2.980494438028,1.058119225954E+03));
#10389 = ( GEOMETRIC_REPRESENTATION_CONTEXT(2) 
PARAMETRIC_REPRESENTATION_CONTEXT() REPRESENTATION_CONTEXT('2D SPACE',''
  ) );
#10390 = PCURVE('',#10322,#10391);
#10391 = DEFINITIONAL_REPRESENTATION('',(#10392),#10403);
#10392 = B_SPLINE_CURVE_WITH_KNOTS('',9,(#10393,#10394,#10395,#10396,
    #10397,#10398,#10399,#10400,#10401,#10402),.UNSPECIFIED.,.F.,.F.,(10
    ,10),(0.,1.),.PIECEWISE_BEZIER_KNOTS.);
#10393 = CARTESIAN_POINT('',(2.980266474581,1.058328823426E+03));
#10394 = CARTESIAN_POINT('',(2.980309574964,1.058328823426E+03));
#10395 = CARTESIAN_POINT('',(2.980354313491,1.058320400097E+03));
#10396 = CARTESIAN_POINT('',(2.980384852599,1.058269437251E+03));
#10397 = CARTESIAN_POINT('',(2.980368530086,1.05826050476E+03));
#10398 = CARTESIAN_POINT('',(2.98042187914,1.058221161915E+03));
#10399 = CARTESIAN_POINT('',(2.980415925559,1.058197556314E+03));
#10400 = CARTESIAN_POINT('',(2.980446129035,1.05816911085E+03));
#10401 = CARTESIAN_POINT('',(2.980467866338,1.058143558034E+03));
#10402 = CARTESIAN_POINT('',(2.980494438028,1.058119225954E+03));
#10403 = ( GEOMETRIC_REPRESENTATION_CONTEXT(2) 
PARAMETRIC_REPRESENTATION_CONTEXT() REPRESENTATION_CONTEXT('2D SPACE',''
  ) );
#10404 = ORIENTED_EDGE('',*,*,#10405,.F.);
#10405 = EDGE_CURVE('',#10406,#10361,#10408,.T.);
#10406 = VERTEX_POINT('',#10407);
#10407 = CARTESIAN_POINT('',(1.058328823426E+03,117.33586534642,
    -720.9999171661));
#10408 = SURFACE_CURVE('',#10409,(#10414,#10421),.PCURVE_S1.);
#10409 = CIRCLE('',#10410,730.48517154708);
#10410 = AXIS2_PLACEMENT_3D('',#10411,#10412,#10413);
#10411 = CARTESIAN_POINT('',(1.058328823426E+03,0.,-2.349962054784E-13)
  );
#10412 = DIRECTION('',(1.,0.,-2.22044604925E-16));
#10413 = DIRECTION('',(-2.22044604925E-16,-1.224646799147E-16,-1.));
#10414 = PCURVE('',#10031,#10415);
#10415 = DEFINITIONAL_REPRESENTATION('',(#10416),#10420);
#10416 = LINE('',#10417,#10418);
#10417 = CARTESIAN_POINT('',(0.,1.058328823426E+03));
#10418 = VECTOR('',#10419,1.);
#10419 = DIRECTION('',(1.,0.));
#10420 = ( GEOMETRIC_REPRESENTATION_CONTEXT(2) 
PARAMETRIC_REPRESENTATION_CONTEXT() REPRESENTATION_CONTEXT('2D SPACE',''
  ) );
#10421 = PCURVE('',#10422,#10427);
#10422 = TOROIDAL_SURFACE('',#10423,712.8635239918,18.);
#10423 = AXIS2_PLACEMENT_3D('',#10424,#10425,#10426);
#10424 = CARTESIAN_POINT('',(1.062E+03,0.,-2.358113704304E-13));
#10425 = DIRECTION('',(1.,0.,-2.22044604925E-16));
#10426 = DIRECTION('',(-2.22044604925E-16,-1.224646799147E-16,-1.));
#10427 = DEFINITIONAL_REPRESENTATION('',(#10428),#10432);
#10428 = LINE('',#10429,#10430);
#10429 = CARTESIAN_POINT('',(0.,6.07778991799));
#10430 = VECTOR('',#10431,1.);
#10431 = DIRECTION('',(1.,0.));
#10432 = ( GEOMETRIC_REPRESENTATION_CONTEXT(2) 
PARAMETRIC_REPRESENTATION_CONTEXT() REPRESENTATION_CONTEXT('2D SPACE',''
  ) );
#10433 = ORIENTED_EDGE('',*,*,#10434,.T.);
#10434 = EDGE_CURVE('',#10406,#10435,#10437,.T.);
#10435 = VERTEX_POINT('',#10436);
#10436 = CARTESIAN_POINT('',(1.058119225215E+03,117.1644957881,
    -720.983545939));
#10437 = SURFACE_CURVE('',#10438,(#10450,#10464),.PCURVE_S1.);
#10438 = B_SPLINE_CURVE_WITH_KNOTS('',10,(#10439,#10440,#10441,#10442,
    #10443,#10444,#10445,#10446,#10447,#10448,#10449),.UNSPECIFIED.,.F.,
  .F.,(11,11),(0.,1.),.PIECEWISE_BEZIER_KNOTS.);
#10439 = CARTESIAN_POINT('',(1.058328823426E+03,117.33586534642,
    -720.9999171661));
#10440 = CARTESIAN_POINT('',(1.058328823426E+03,117.30789741345,
    -721.0044686806));
#10441 = CARTESIAN_POINT('',(1.058321551261E+03,117.27994080409,
    -721.0074822969));
#10442 = CARTESIAN_POINT('',(1.058287088101E+03,117.24989706042,
    -721.0050936919));
#10443 = CARTESIAN_POINT('',(1.058259125028E+03,117.26839400828,
    -720.9961823973));
#10444 = CARTESIAN_POINT('',(1.058247028984E+03,117.2230164484,
    -721.0010108087));
#10445 = CARTESIAN_POINT('',(1.05820685808E+03,117.23540497096,
    -720.9905149677));
#10446 = CARTESIAN_POINT('',(1.058191308909E+03,117.21036900919,
    -720.9913051528));
#10447 = CARTESIAN_POINT('',(1.05816348234E+03,117.19915245334,
    -720.9872545916));
#10448 = CARTESIAN_POINT('',(1.058141124168E+03,117.18246962777,
    -720.9852472036));
#10449 = CARTESIAN_POINT('',(1.058119225215E+03,117.1644957881,
    -720.983545939));
#10450 = PCURVE('',#10031,#10451);
#10451 = DEFINITIONAL_REPRESENTATION('',(#10452),#10463);
#10452 = B_SPLINE_CURVE_WITH_KNOTS('',9,(#10453,#10454,#10455,#10456,
    #10457,#10458,#10459,#10460,#10461,#10462),.UNSPECIFIED.,.F.,.F.,(10
    ,10),(0.,1.),.PIECEWISE_BEZIER_KNOTS.);
#10453 = CARTESIAN_POINT('',(0.161326179008,1.058328823426E+03));
#10454 = CARTESIAN_POINT('',(0.161283078475,1.058328823426E+03));
#10455 = CARTESIAN_POINT('',(0.161238339765,1.058320399991E+03));
#10456 = CARTESIAN_POINT('',(0.161207800755,1.058269437536E+03));
#10457 = CARTESIAN_POINT('',(0.16122412235,1.058260503653E+03));
#10458 = CARTESIAN_POINT('',(0.161170774736,1.058221162626E+03));
#10459 = CARTESIAN_POINT('',(0.161176726602,1.058197555096E+03));
#10460 = CARTESIAN_POINT('',(0.161146524093,1.058169110643E+03));
#10461 = CARTESIAN_POINT('',(0.161124786359,1.058143557384E+03));
#10462 = CARTESIAN_POINT('',(0.161098214572,1.058119225215E+03));
#10463 = ( GEOMETRIC_REPRESENTATION_CONTEXT(2) 
PARAMETRIC_REPRESENTATION_CONTEXT() REPRESENTATION_CONTEXT('2D SPACE',''
  ) );
#10464 = PCURVE('',#10465,#10470);
#10465 = CONICAL_SURFACE('',#10466,510.,0.20539538919);
#10466 = AXIS2_PLACEMENT_3D('',#10467,#10468,#10469);
#10467 = CARTESIAN_POINT('',(0.,0.,0.));
#10468 = DIRECTION('',(1.,0.,-2.22044604925E-16));
#10469 = DIRECTION('',(-2.22044604925E-16,0.,-1.));
#10470 = DEFINITIONAL_REPRESENTATION('',(#10471),#10482);
#10471 = B_SPLINE_CURVE_WITH_KNOTS('',9,(#10472,#10473,#10474,#10475,
    #10476,#10477,#10478,#10479,#10480,#10481),.UNSPECIFIED.,.F.,.F.,(10
    ,10),(0.,1.),.PIECEWISE_BEZIER_KNOTS.);
#10472 = CARTESIAN_POINT('',(0.161326179008,1.058328823426E+03));
#10473 = CARTESIAN_POINT('',(0.161283078475,1.058328823426E+03));
#10474 = CARTESIAN_POINT('',(0.161238339765,1.058320399991E+03));
#10475 = CARTESIAN_POINT('',(0.161207800755,1.058269437536E+03));
#10476 = CARTESIAN_POINT('',(0.16122412235,1.058260503653E+03));
#10477 = CARTESIAN_POINT('',(0.161170774736,1.058221162626E+03));
#10478 = CARTESIAN_POINT('',(0.161176726602,1.058197555096E+03));
#10479 = CARTESIAN_POINT('',(0.161146524093,1.058169110643E+03));
#10480 = CARTESIAN_POINT('',(0.161124786359,1.058143557384E+03));
#10481 = CARTESIAN_POINT('',(0.161098214572,1.058119225215E+03));
#10482 = ( GEOMETRIC_REPRESENTATION_CONTEXT(2) 
PARAMETRIC_REPRESENTATION_CONTEXT() REPRESENTATION_CONTEXT('2D SPACE',''
  ) );
#10483 = ORIENTED_EDGE('',*,*,#10484,.F.);
#10484 = EDGE_CURVE('',#10223,#10435,#10485,.T.);
#10485 = SURFACE_CURVE('',#10486,(#10505,#10519),.PCURVE_S1.);
#10486 = B_SPLINE_CURVE_WITH_KNOTS('',9,(#10487,#10488,#10489,#10490,
    #10491,#10492,#10493,#10494,#10495,#10496,#10497,#10498,#10499,
    #10500,#10501,#10502,#10503,#10504),.UNSPECIFIED.,.F.,.F.,(10,8,10),
  (2.651481057379E+03,2.825122922924E+03,2.905346184997E+03),
  .UNSPECIFIED.);
#10487 = CARTESIAN_POINT('',(915.51192986445,0.,-700.731652055));
#10488 = CARTESIAN_POINT('',(933.43606048928,14.741703869804,
    -704.4658459352));
#10489 = CARTESIAN_POINT('',(951.47316687219,29.571766180021,
    -707.874674808));
#10490 = CARTESIAN_POINT('',(969.61127001227,44.480332996676,
    -710.9556926714));
#10491 = CARTESIAN_POINT('',(987.84429630702,59.462421342642,
    -713.7078415163));
#10492 = CARTESIAN_POINT('',(1.006155632034E+03,74.504394195512,
    -716.12815617));
#10493 = CARTESIAN_POINT('',(1.024539151877E+03,89.60125646813,
    -718.2162474174));
#10494 = CARTESIAN_POINT('',(1.042981356209E+03,104.7419589907,
    -719.9702418373));
#10495 = CARTESIAN_POINT('',(1.061471943783E+03,119.91809820209,
    -721.3894428429));
#10496 = CARTESIAN_POINT('',(1.088560038819E+03,142.14447714882,
    -722.9737495414));
#10497 = CARTESIAN_POINT('',(1.097120077637E+03,149.16817764645,
    -723.4744022017));
#10498 = CARTESIAN_POINT('',(1.105680116456E+03,156.19187814409,
    -723.9750548619));
#10499 = CARTESIAN_POINT('',(1.114240155275E+03,163.21557864173,
    -724.4757075222));
#10500 = CARTESIAN_POINT('',(1.122800194094E+03,170.23927913936,
    -724.9763601824));
#10501 = CARTESIAN_POINT('',(1.131360232912E+03,177.262979637,
    -725.4770128427));
#10502 = CARTESIAN_POINT('',(1.139920271731E+03,184.28668013464,
    -725.9776655029));
#10503 = CARTESIAN_POINT('',(1.14848031055E+03,191.31038063228,
    -726.4783181632));
#10504 = CARTESIAN_POINT('',(1.157040349369E+03,198.33408112991,
    -726.9789708234));
#10505 = PCURVE('',#10031,#10506);
#10506 = DEFINITIONAL_REPRESENTATION('',(#10507),#10518);
#10507 = B_SPLINE_CURVE_WITH_KNOTS('',9,(#10508,#10509,#10510,#10511,
    #10512,#10513,#10514,#10515,#10516,#10517),.UNSPECIFIED.,.F.,.F.,(10
    ,10),(2.651481057379E+03,2.802311751649E+03),
  .PIECEWISE_BEZIER_KNOTS.);
#10508 = CARTESIAN_POINT('',(2.775557561563E-17,915.51192986445));
#10509 = CARTESIAN_POINT('',(1.827389961546E-02,931.08138402713));
#10510 = CARTESIAN_POINT('',(3.645261312924E-02,946.73608094815));
#10511 = CARTESIAN_POINT('',(5.453568433843E-02,962.46816728338));
#10512 = CARTESIAN_POINT('',(7.252668768032E-02,978.27316146402));
#10513 = CARTESIAN_POINT('',(9.042369798144E-02,994.14178939498));
#10514 = CARTESIAN_POINT('',(0.108228710702,1.010068003221E+03));
#10515 = CARTESIAN_POINT('',(0.125942291168,1.02604448446E+03));
#10516 = CARTESIAN_POINT('',(0.143565152728,1.042063947435E+03));
#10517 = CARTESIAN_POINT('',(0.161098214572,1.058119225215E+03));
#10518 = ( GEOMETRIC_REPRESENTATION_CONTEXT(2) 
PARAMETRIC_REPRESENTATION_CONTEXT() REPRESENTATION_CONTEXT('2D SPACE',''
  ) );
#10519 = PCURVE('',#10465,#10520);
#10520 = DEFINITIONAL_REPRESENTATION('',(#10521),#10532);
#10521 = B_SPLINE_CURVE_WITH_KNOTS('',9,(#10522,#10523,#10524,#10525,
    #10526,#10527,#10528,#10529,#10530,#10531),.UNSPECIFIED.,.F.,.F.,(10
    ,10),(2.651481057379E+03,2.802311751649E+03),
  .PIECEWISE_BEZIER_KNOTS.);
#10522 = CARTESIAN_POINT('',(2.775557561563E-17,915.51192986445));
#10523 = CARTESIAN_POINT('',(1.827389961546E-02,931.08138402713));
#10524 = CARTESIAN_POINT('',(3.645261312924E-02,946.73608094815));
#10525 = CARTESIAN_POINT('',(5.453568433843E-02,962.46816728338));
#10526 = CARTESIAN_POINT('',(7.252668768032E-02,978.27316146402));
#10527 = CARTESIAN_POINT('',(9.042369798144E-02,994.14178939498));
#10528 = CARTESIAN_POINT('',(0.108228710702,1.010068003221E+03));
#10529 = CARTESIAN_POINT('',(0.125942291168,1.02604448446E+03));
#10530 = CARTESIAN_POINT('',(0.143565152728,1.042063947435E+03));
#10531 = CARTESIAN_POINT('',(0.161098214572,1.058119225215E+03));
#10532 = ( GEOMETRIC_REPRESENTATION_CONTEXT(2) 
PARAMETRIC_REPRESENTATION_CONTEXT() REPRESENTATION_CONTEXT('2D SPACE',''
  ) );
#10533 = ORIENTED_EDGE('',*,*,#10222,.F.);
#10534 = ORIENTED_EDGE('',*,*,#10535,.F.);
#10535 = EDGE_CURVE('',#10536,#9902,#10538,.T.);
#10536 = VERTEX_POINT('',#10537);
#10537 = CARTESIAN_POINT('',(14.50425132431,-265.7850238164,
    438.80474590045));
#10538 = SURFACE_CURVE('',#10539,(#10582,#10618),.PCURVE_S1.);
#10539 = B_SPLINE_CURVE_WITH_KNOTS('',11,(#10540,#10541,#10542,#10543,
    #10544,#10545,#10546,#10547,#10548,#10549,#10550,#10551,#10552,
    #10553,#10554,#10555,#10556,#10557,#10558,#10559,#10560,#10561,
    #10562,#10563,#10564,#10565,#10566,#10567,#10568,#10569,#10570,
    #10571,#10572,#10573,#10574,#10575,#10576,#10577,#10578,#10579,
    #10580,#10581),.UNSPECIFIED.,.F.,.F.,(12,10,10,10,12),(
    -142.1304441136,-33.90433414425,0.,1.304267533396E+03,
    2.608535066791E+03),.UNSPECIFIED.);
#10540 = CARTESIAN_POINT('',(-54.11559301155,-355.6734629876,
    361.77509267997));
#10541 = CARTESIAN_POINT('',(-49.15245373301,-349.1716915128,
    367.39790160186));
#10542 = CARTESIAN_POINT('',(-44.19802243725,-342.681327599,
    373.01084513001));
#10543 = CARTESIAN_POINT('',(-39.25229912426,-336.2023712461,
    378.61392326441));
#10544 = CARTESIAN_POINT('',(-34.31528379403,-329.7348224543,
    384.20713600507));
#10545 = CARTESIAN_POINT('',(-29.38697644658,-323.2786812234,
    389.79048335198));
#10546 = CARTESIAN_POINT('',(-24.46737708189,-316.8339475536,
    395.36396530515));
#10547 = CARTESIAN_POINT('',(-19.55648569998,-310.4006214446,
    400.92758186458));
#10548 = CARTESIAN_POINT('',(-14.65430230083,-303.9787028967,
    406.48133303026));
#10549 = CARTESIAN_POINT('',(-9.760826884452,-297.5681919098,
    412.02521880219));
#10550 = CARTESIAN_POINT('',(-4.876059450842,-291.1690884838,
    417.55923918038));
#10551 = CARTESIAN_POINT('',(1.527538493024,-282.7802990281,
    424.81396358574));
#10552 = CARTESIAN_POINT('',(3.062196773301,-280.7699859287,
    426.53459333765));
#10553 = CARTESIAN_POINT('',(4.603956146767,-278.750479162,
    428.24525322882));
#10554 = CARTESIAN_POINT('',(6.152794854879,-276.7218085807,
    429.94590982825));
#10555 = CARTESIAN_POINT('',(7.708688072374,-274.6840080505,
    431.63652646474));
#10556 = CARTESIAN_POINT('',(9.271607910914,-272.6371154475,
    433.31706322865));
#10557 = CARTESIAN_POINT('',(10.841523414402,-270.5811726615,
    434.9874769694));
#10558 = CARTESIAN_POINT('',(12.418400563813,-268.5162255929,
    436.64772129822));
#10559 = CARTESIAN_POINT('',(14.002202273162,-266.4423241549,
    438.29774658579));
#10560 = CARTESIAN_POINT('',(15.592888392224,-264.3595222725,
    439.93749996381));
#10561 = CARTESIAN_POINT('',(78.645774155777,-181.8043047648,
    504.24937136816));
#10562 = CARTESIAN_POINT('',(150.22505857703,-88.25515626491,
    551.64921551607));
#10563 = CARTESIAN_POINT('',(229.24398060854,14.787706739822,
    580.41671108127));
#10564 = CARTESIAN_POINT('',(312.23113593591,122.73755253031,
    588.40120184616));
#10565 = CARTESIAN_POINT('',(395.44125683472,230.71807630707,
    574.95580842415));
#10566 = CARTESIAN_POINT('',(475.13373989864,333.92549397685,
    540.50122912763));
#10567 = CARTESIAN_POINT('',(547.73101752788,427.79342310375,
    486.68502071261));
#10568 = CARTESIAN_POINT('',(610.11500261146,508.36247378997,
    416.11627907918));
#10569 = CARTESIAN_POINT('',(659.78952869915,572.46868073038,
    332.26062676284));
#10570 = CARTESIAN_POINT('',(695.0469968584,617.95072065862,
    239.12449451537));
#10571 = CARTESIAN_POINT('',(734.98250099036,669.45802744515,
    42.831625887186));
#10572 = CARTESIAN_POINT('',(739.66066609081,675.48346512371,
    -60.32516528286));
#10573 = CARTESIAN_POINT('',(728.17641005707,660.6762759708,
    -164.2228952957));
#10574 = CARTESIAN_POINT('',(700.49749171022,624.99666393052,
    -264.3301713506));
#10575 = CARTESIAN_POINT('',(657.47939971386,569.52581084049,
    -356.1546084482));
#10576 = CARTESIAN_POINT('',(600.85689342364,496.4562709297,
    -435.5240172559));
#10577 = CARTESIAN_POINT('',(533.13823199221,408.96306261062,
    -498.9070571129));
#10578 = CARTESIAN_POINT('',(457.42973566727,310.98906162931,
    -543.6409783813));
#10579 = CARTESIAN_POINT('',(377.23860496449,207.01034557535,
    -568.0697628598));
#10580 = CARTESIAN_POINT('',(296.26411762297,101.79470201811,
    -571.7216911714));
#10581 = CARTESIAN_POINT('',(218.08242029425,0.,-555.4338375613));
#10582 = PCURVE('',#10031,#10583);
#10583 = DEFINITIONAL_REPRESENTATION('',(#10584),#10617);
#10584 = B_SPLINE_CURVE_WITH_KNOTS('',11,(#10585,#10586,#10587,#10588,
    #10589,#10590,#10591,#10592,#10593,#10594,#10595,#10596,#10597,
    #10598,#10599,#10600,#10601,#10602,#10603,#10604,#10605,#10606,
    #10607,#10608,#10609,#10610,#10611,#10612,#10613,#10614,#10615,
    #10616),.UNSPECIFIED.,.F.,.F.,(12,10,10,12),(-33.90433414425,0.,
    1.304267533396E+03,2.608535066791E+03),.UNSPECIFIED.);
#10585 = CARTESIAN_POINT('',(3.734042330202,3.39252037174E-14));
#10586 = CARTESIAN_POINT('',(3.728892528441,1.527538493033));
#10587 = CARTESIAN_POINT('',(3.723745682086,3.062196773265));
#10588 = CARTESIAN_POINT('',(3.718601731347,4.603956146856));
#10589 = CARTESIAN_POINT('',(3.713460626187,6.152794854731));
#10590 = CARTESIAN_POINT('',(3.708322326343,7.708688072551));
#10591 = CARTESIAN_POINT('',(3.703186801299,9.271607910757));
#10592 = CARTESIAN_POINT('',(3.698054030315,10.841523414509));
#10593 = CARTESIAN_POINT('',(3.692924002401,12.418400563759));
#10594 = CARTESIAN_POINT('',(3.687796716337,14.00220227318));
#10595 = CARTESIAN_POINT('',(3.682672180658,15.592888392222));
#10596 = CARTESIAN_POINT('',(3.480520901904,78.64577415577));
#10597 = CARTESIAN_POINT('',(3.287586500046,150.22505857707));
#10598 = CARTESIAN_POINT('',(3.100402927962,229.24398060845));
#10599 = CARTESIAN_POINT('',(2.91971387936,312.23113593607));
#10600 = CARTESIAN_POINT('',(2.745205916993,395.44125683451));
#10601 = CARTESIAN_POINT('',(2.576361603198,475.13373989885));
#10602 = CARTESIAN_POINT('',(2.412335550458,547.73101752774));
#10603 = CARTESIAN_POINT('',(2.252269776897,610.11500261153));
#10604 = CARTESIAN_POINT('',(2.095224760695,659.78952869913));
#10605 = CARTESIAN_POINT('',(1.940256556914,695.0469968584));
#10606 = CARTESIAN_POINT('',(1.632548805489,734.98250099036));
#10607 = CARTESIAN_POINT('',(1.479809321763,739.66066609077));
#10608 = CARTESIAN_POINT('',(1.327222932495,728.17641005717));
#10609 = CARTESIAN_POINT('',(1.173815204341,700.49749171001));
#10610 = CARTESIAN_POINT('',(1.018606008405,657.47939971416));
#10611 = CARTESIAN_POINT('',(0.860629838829,600.85689342332));
#10612 = CARTESIAN_POINT('',(0.698936235703,533.13823199247));
#10613 = CARTESIAN_POINT('',(0.532612669491,457.42973566712));
#10614 = CARTESIAN_POINT('',(0.360876931159,377.23860496455));
#10615 = CARTESIAN_POINT('',(0.18327061683,296.26411762295));
#10616 = CARTESIAN_POINT('',(-9.992007221626E-16,218.08242029425));
#10617 = ( GEOMETRIC_REPRESENTATION_CONTEXT(2) 
PARAMETRIC_REPRESENTATION_CONTEXT() REPRESENTATION_CONTEXT('2D SPACE',''
  ) );
#10618 = PCURVE('',#9917,#10619);
#10619 = DEFINITIONAL_REPRESENTATION('',(#10620),#10653);
#10620 = B_SPLINE_CURVE_WITH_KNOTS('',11,(#10621,#10622,#10623,#10624,
    #10625,#10626,#10627,#10628,#10629,#10630,#10631,#10632,#10633,
    #10634,#10635,#10636,#10637,#10638,#10639,#10640,#10641,#10642,
    #10643,#10644,#10645,#10646,#10647,#10648,#10649,#10650,#10651,
    #10652),.UNSPECIFIED.,.F.,.F.,(12,10,10,12),(-33.90433414425,0.,
    1.304267533396E+03,2.608535066791E+03),.UNSPECIFIED.);
#10621 = CARTESIAN_POINT('',(3.734042330202,3.39252037174E-14));
#10622 = CARTESIAN_POINT('',(3.728892528441,1.527538493033));
#10623 = CARTESIAN_POINT('',(3.723745682086,3.062196773265));
#10624 = CARTESIAN_POINT('',(3.718601731347,4.603956146856));
#10625 = CARTESIAN_POINT('',(3.713460626187,6.152794854731));
#10626 = CARTESIAN_POINT('',(3.708322326343,7.708688072551));
#10627 = CARTESIAN_POINT('',(3.703186801299,9.271607910757));
#10628 = CARTESIAN_POINT('',(3.698054030315,10.841523414509));
#10629 = CARTESIAN_POINT('',(3.692924002401,12.418400563759));
#10630 = CARTESIAN_POINT('',(3.687796716337,14.00220227318));
#10631 = CARTESIAN_POINT('',(3.682672180658,15.592888392222));
#10632 = CARTESIAN_POINT('',(3.480520901904,78.64577415577));
#10633 = CARTESIAN_POINT('',(3.287586500046,150.22505857707));
#10634 = CARTESIAN_POINT('',(3.100402927962,229.24398060845));
#10635 = CARTESIAN_POINT('',(2.91971387936,312.23113593607));
#10636 = CARTESIAN_POINT('',(2.745205916993,395.44125683451));
#10637 = CARTESIAN_POINT('',(2.576361603198,475.13373989885));
#10638 = CARTESIAN_POINT('',(2.412335550458,547.73101752774));
#10639 = CARTESIAN_POINT('',(2.252269776897,610.11500261153));
#10640 = CARTESIAN_POINT('',(2.095224760695,659.78952869913));
#10641 = CARTESIAN_POINT('',(1.940256556914,695.0469968584));
#10642 = CARTESIAN_POINT('',(1.632548805489,734.98250099036));
#10643 = CARTESIAN_POINT('',(1.479809321763,739.66066609077));
#10644 = CARTESIAN_POINT('',(1.327222932495,728.17641005717));
#10645 = CARTESIAN_POINT('',(1.173815204341,700.49749171001));
#10646 = CARTESIAN_POINT('',(1.018606008405,657.47939971416));
#10647 = CARTESIAN_POINT('',(0.860629838829,600.85689342332));
#10648 = CARTESIAN_POINT('',(0.698936235703,533.13823199247));
#10649 = CARTESIAN_POINT('',(0.532612669491,457.42973566712));
#10650 = CARTESIAN_POINT('',(0.360876931159,377.23860496455));
#10651 = CARTESIAN_POINT('',(0.18327061683,296.26411762295));
#10652 = CARTESIAN_POINT('',(-9.992007221626E-16,218.08242029425));
#10653 = ( GEOMETRIC_REPRESENTATION_CONTEXT(2) 
PARAMETRIC_REPRESENTATION_CONTEXT() REPRESENTATION_CONTEXT('2D SPACE',''
  ) );
#10654 = ORIENTED_EDGE('',*,*,#10655,.T.);
#10655 = EDGE_CURVE('',#10536,#10656,#10658,.T.);
#10656 = VERTEX_POINT('',#10657);
#10657 = CARTESIAN_POINT('',(14.328823425984,-266.013944395,
    438.62326387753));
#10658 = SURFACE_CURVE('',#10659,(#10670,#10684),.PCURVE_S1.);
#10659 = B_SPLINE_CURVE_WITH_KNOTS('',9,(#10660,#10661,#10662,#10663,
    #10664,#10665,#10666,#10667,#10668,#10669),.UNSPECIFIED.,.F.,.F.,(10
    ,10),(0.,1.),.PIECEWISE_BEZIER_KNOTS.);
#10660 = CARTESIAN_POINT('',(14.50425132431,-265.7850238164,
    438.80474590045));
#10661 = CARTESIAN_POINT('',(14.484122609504,-265.8113805974,
    438.78387878865));
#10662 = CARTESIAN_POINT('',(14.462170503901,-265.8360434793,
    438.76359055697));
#10663 = CARTESIAN_POINT('',(14.435814534875,-265.8560804717,
    438.74503072296));
#10664 = CARTESIAN_POINT('',(14.407862760394,-265.8842542925,
    438.72114794203));
#10665 = CARTESIAN_POINT('',(14.384318228269,-265.8905313225,
    438.71160563372));
#10666 = CARTESIAN_POINT('',(14.339507022751,-265.9132278929,
    438.6869377691));
#10667 = CARTESIAN_POINT('',(14.334805286966,-265.948843997,
    438.66419915224));
#10668 = CARTESIAN_POINT('',(14.328823419876,-265.9805169799,
    438.64353676));
#10669 = CARTESIAN_POINT('',(14.328823425984,-266.013944395,
    438.62326387753));
#10670 = PCURVE('',#10031,#10671);
#10671 = DEFINITIONAL_REPRESENTATION('',(#10672),#10683);
#10672 = B_SPLINE_CURVE_WITH_KNOTS('',9,(#10673,#10674,#10675,#10676,
    #10677,#10678,#10679,#10680,#10681,#10682),.UNSPECIFIED.,.F.,.F.,(10
    ,10),(0.,1.),.PIECEWISE_BEZIER_KNOTS.);
#10673 = CARTESIAN_POINT('',(3.686194442269,14.50425132431));
#10674 = CARTESIAN_POINT('',(3.686259458266,14.484122600344));
#10675 = CARTESIAN_POINT('',(3.686321323855,14.462435128397));
#10676 = CARTESIAN_POINT('',(3.686372319524,14.434810076741));
#10677 = CARTESIAN_POINT('',(3.686445759473,14.409675372257));
#10678 = CARTESIAN_POINT('',(3.686463105889,14.382411765982));
#10679 = CARTESIAN_POINT('',(3.686527849695,14.340673288396));
#10680 = CARTESIAN_POINT('',(3.686609378167,14.334469014905));
#10681 = CARTESIAN_POINT('',(3.686683210098,14.328823425984));
#10682 = CARTESIAN_POINT('',(3.686759419951,14.328823425984));
#10683 = ( GEOMETRIC_REPRESENTATION_CONTEXT(2) 
PARAMETRIC_REPRESENTATION_CONTEXT() REPRESENTATION_CONTEXT('2D SPACE',''
  ) );
#10684 = PCURVE('',#9917,#10685);
#10685 = DEFINITIONAL_REPRESENTATION('',(#10686),#10697);
#10686 = B_SPLINE_CURVE_WITH_KNOTS('',9,(#10687,#10688,#10689,#10690,
    #10691,#10692,#10693,#10694,#10695,#10696),.UNSPECIFIED.,.F.,.F.,(10
    ,10),(0.,1.),.PIECEWISE_BEZIER_KNOTS.);
#10687 = CARTESIAN_POINT('',(3.686194442269,14.50425132431));
#10688 = CARTESIAN_POINT('',(3.686259458266,14.484122600344));
#10689 = CARTESIAN_POINT('',(3.686321323855,14.462435128397));
#10690 = CARTESIAN_POINT('',(3.686372319524,14.434810076741));
#10691 = CARTESIAN_POINT('',(3.686445759473,14.409675372257));
#10692 = CARTESIAN_POINT('',(3.686463105889,14.382411765982));
#10693 = CARTESIAN_POINT('',(3.686527849695,14.340673288396));
#10694 = CARTESIAN_POINT('',(3.686609378167,14.334469014905));
#10695 = CARTESIAN_POINT('',(3.686683210098,14.328823425984));
#10696 = CARTESIAN_POINT('',(3.686759419951,14.328823425984));
#10697 = ( GEOMETRIC_REPRESENTATION_CONTEXT(2) 
PARAMETRIC_REPRESENTATION_CONTEXT() REPRESENTATION_CONTEXT('2D SPACE',''
  ) );
#10698 = ORIENTED_EDGE('',*,*,#10699,.T.);
#10699 = EDGE_CURVE('',#10656,#9866,#10700,.T.);
#10700 = SURFACE_CURVE('',#10701,(#10706,#10713),.PCURVE_S1.);
#10701 = CIRCLE('',#10702,512.98517154708);
#10702 = AXIS2_PLACEMENT_3D('',#10703,#10704,#10705);
#10703 = CARTESIAN_POINT('',(14.328823425984,0.,-3.181637936663E-15));
#10704 = DIRECTION('',(1.,-1.232595164408E-32,-2.22044604925E-16));
#10705 = DIRECTION('',(1.933886501647E-16,-0.491380417772,0.870945052819
    ));
#10706 = PCURVE('',#10031,#10707);
#10707 = DEFINITIONAL_REPRESENTATION('',(#10708),#10712);
#10708 = LINE('',#10709,#10710);
#10709 = CARTESIAN_POINT('',(3.655266664559,14.328823425984));
#10710 = VECTOR('',#10711,1.);
#10711 = DIRECTION('',(1.,0.));
#10712 = ( GEOMETRIC_REPRESENTATION_CONTEXT(2) 
PARAMETRIC_REPRESENTATION_CONTEXT() REPRESENTATION_CONTEXT('2D SPACE',''
  ) );
#10713 = PCURVE('',#10152,#10714);
#10714 = DEFINITIONAL_REPRESENTATION('',(#10715),#10719);
#10715 = LINE('',#10716,#10717);
#10716 = CARTESIAN_POINT('',(-0.,0.20539538919));
#10717 = VECTOR('',#10718,1.);
#10718 = DIRECTION('',(-1.,0.));
#10719 = ( GEOMETRIC_REPRESENTATION_CONTEXT(2) 
PARAMETRIC_REPRESENTATION_CONTEXT() REPRESENTATION_CONTEXT('2D SPACE',''
  ) );
#10720 = ORIENTED_EDGE('',*,*,#10082,.F.);
#10721 = ADVANCED_FACE('',(#10722),#9917,.T.);
#10722 = FACE_BOUND('',#10723,.T.);
#10723 = EDGE_LOOP('',(#10724,#10725,#10747,#10748));
#10724 = ORIENTED_EDGE('',*,*,#9901,.F.);
#10725 = ORIENTED_EDGE('',*,*,#10726,.T.);
#10726 = EDGE_CURVE('',#9868,#10656,#10727,.T.);
#10727 = SURFACE_CURVE('',#10728,(#10733,#10740),.PCURVE_S1.);
#10728 = CIRCLE('',#10729,512.98517154708);
#10729 = AXIS2_PLACEMENT_3D('',#10730,#10731,#10732);
#10730 = CARTESIAN_POINT('',(14.328823425984,0.,-3.181637936663E-15));
#10731 = DIRECTION('',(1.,0.,-2.22044604925E-16));
#10732 = DIRECTION('',(-2.22044604925E-16,-1.224646799147E-16,-1.));
#10733 = PCURVE('',#9917,#10734);
#10734 = DEFINITIONAL_REPRESENTATION('',(#10735),#10739);
#10735 = LINE('',#10736,#10737);
#10736 = CARTESIAN_POINT('',(0.,14.328823425984));
#10737 = VECTOR('',#10738,1.);
#10738 = DIRECTION('',(1.,0.));
#10739 = ( GEOMETRIC_REPRESENTATION_CONTEXT(2) 
PARAMETRIC_REPRESENTATION_CONTEXT() REPRESENTATION_CONTEXT('2D SPACE',''
  ) );
#10740 = PCURVE('',#10180,#10741);
#10741 = DEFINITIONAL_REPRESENTATION('',(#10742),#10746);
#10742 = LINE('',#10743,#10744);
#10743 = CARTESIAN_POINT('',(-0.,0.20539538919));
#10744 = VECTOR('',#10745,1.);
#10745 = DIRECTION('',(-1.,0.));
#10746 = ( GEOMETRIC_REPRESENTATION_CONTEXT(2) 
PARAMETRIC_REPRESENTATION_CONTEXT() REPRESENTATION_CONTEXT('2D SPACE',''
  ) );
#10747 = ORIENTED_EDGE('',*,*,#10655,.F.);
#10748 = ORIENTED_EDGE('',*,*,#10535,.T.);
#10749 = ADVANCED_FACE('',(#10750),#10152,.T.);
#10750 = FACE_BOUND('',#10751,.F.);
#10751 = EDGE_LOOP('',(#10752,#10783,#10784,#10785));
#10752 = ORIENTED_EDGE('',*,*,#10753,.F.);
#10753 = EDGE_CURVE('',#10656,#10754,#10756,.T.);
#10754 = VERTEX_POINT('',#10755);
#10755 = CARTESIAN_POINT('',(1.882938249764E-13,-256.876050684,
    423.55603582826));
#10756 = SURFACE_CURVE('',#10757,(#10767,#10773),.PCURVE_S1.);
#10757 = B_SPLINE_CURVE_WITH_KNOTS('',8,(#10758,#10759,#10760,#10761,
    #10762,#10763,#10764,#10765,#10766),.UNSPECIFIED.,.F.,.F.,(9,9),(0.,
    1.),.PIECEWISE_BEZIER_KNOTS.);
#10758 = CARTESIAN_POINT('',(14.328823425984,-266.013944395,
    438.62326387753));
#10759 = CARTESIAN_POINT('',(11.321246664218,-265.68902542,
    438.08751368729));
#10760 = CARTESIAN_POINT('',(8.435888313178,-265.0598927914,
    437.05015375655));
#10761 = CARTESIAN_POINT('',(5.806252688297,-264.1409704877,
    435.53496739649));
#10762 = CARTESIAN_POINT('',(3.558237366507,-262.9655812406,
    433.59689956674));
#10763 = CARTESIAN_POINT('',(1.79773565609,-261.5846264327,
    431.31988019302));
#10764 = CARTESIAN_POINT('',(0.599245874947,-260.0622454953,
    428.8096670643));
#10765 = CARTESIAN_POINT('',(1.889599587912E-13,-258.469148001,
    426.18285130011));
#10766 = CARTESIAN_POINT('',(1.882938249764E-13,-256.876050684,
    423.55603582826));
#10767 = PCURVE('',#10152,#10768);
#10768 = DEFINITIONAL_REPRESENTATION('',(#10769),#10772);
#10769 = B_SPLINE_CURVE_WITH_KNOTS('',1,(#10770,#10771),.UNSPECIFIED.,
  .F.,.F.,(2,2),(0.,1.),.PIECEWISE_BEZIER_KNOTS.);
#10770 = CARTESIAN_POINT('',(-3.149275539266E-02,0.20539538919));
#10771 = CARTESIAN_POINT('',(-3.149275539266E-02,1.570796326795));
#10772 = ( GEOMETRIC_REPRESENTATION_CONTEXT(2) 
PARAMETRIC_REPRESENTATION_CONTEXT() REPRESENTATION_CONTEXT('2D SPACE',''
  ) );
#10773 = PCURVE('',#10180,#10774);
#10774 = DEFINITIONAL_REPRESENTATION('',(#10775),#10782);
#10775 = B_SPLINE_CURVE_WITH_KNOTS('',5,(#10776,#10777,#10778,#10779,
    #10780,#10781),.UNSPECIFIED.,.F.,.F.,(6,6),(0.,1.),
  .PIECEWISE_BEZIER_KNOTS.);
#10776 = CARTESIAN_POINT('',(-3.686759419951,0.20539538919));
#10777 = CARTESIAN_POINT('',(-3.686759419951,0.478475576711));
#10778 = CARTESIAN_POINT('',(-3.686759419951,0.751555765407));
#10779 = CARTESIAN_POINT('',(-3.686759419951,1.024635950577));
#10780 = CARTESIAN_POINT('',(-3.686759419951,1.297716139274));
#10781 = CARTESIAN_POINT('',(-3.686759419951,1.570796326795));
#10782 = ( GEOMETRIC_REPRESENTATION_CONTEXT(2) 
PARAMETRIC_REPRESENTATION_CONTEXT() REPRESENTATION_CONTEXT('2D SPACE',''
  ) );
#10783 = ORIENTED_EDGE('',*,*,#10699,.T.);
#10784 = ORIENTED_EDGE('',*,*,#10127,.T.);
#10785 = ORIENTED_EDGE('',*,*,#10786,.F.);
#10786 = EDGE_CURVE('',#10754,#10128,#10787,.T.);
#10787 = SURFACE_CURVE('',#10788,(#10793,#10800),.PCURVE_S1.);
#10788 = CIRCLE('',#10789,495.3635239918);
#10789 = AXIS2_PLACEMENT_3D('',#10790,#10791,#10792);
#10790 = CARTESIAN_POINT('',(0.,0.,0.));
#10791 = DIRECTION('',(1.,-1.232595164408E-32,-2.22044604925E-16));
#10792 = DIRECTION('',(1.933886501647E-16,-0.491380417772,0.870945052819
    ));
#10793 = PCURVE('',#10152,#10794);
#10794 = DEFINITIONAL_REPRESENTATION('',(#10795),#10799);
#10795 = LINE('',#10796,#10797);
#10796 = CARTESIAN_POINT('',(-0.,1.570796326795));
#10797 = VECTOR('',#10798,1.);
#10798 = DIRECTION('',(-1.,0.));
#10799 = ( GEOMETRIC_REPRESENTATION_CONTEXT(2) 
PARAMETRIC_REPRESENTATION_CONTEXT() REPRESENTATION_CONTEXT('2D SPACE',''
  ) );
#10800 = PCURVE('',#10206,#10801);
#10801 = DEFINITIONAL_REPRESENTATION('',(#10802),#10806);
#10802 = CIRCLE('',#10803,495.3635239918);
#10803 = AXIS2_PLACEMENT_2D('',#10804,#10805);
#10804 = CARTESIAN_POINT('',(0.,0.));
#10805 = DIRECTION('',(-0.870945052819,-0.491380417772));
#10806 = ( GEOMETRIC_REPRESENTATION_CONTEXT(2) 
PARAMETRIC_REPRESENTATION_CONTEXT() REPRESENTATION_CONTEXT('2D SPACE',''
  ) );
#10807 = ADVANCED_FACE('',(#10808),#10206,.F.);
#10808 = FACE_BOUND('',#10809,.T.);
#10809 = EDGE_LOOP('',(#10810,#10811,#10833));
#10810 = ORIENTED_EDGE('',*,*,#10786,.F.);
#10811 = ORIENTED_EDGE('',*,*,#10812,.F.);
#10812 = EDGE_CURVE('',#10165,#10754,#10813,.T.);
#10813 = SURFACE_CURVE('',#10814,(#10819,#10826),.PCURVE_S1.);
#10814 = CIRCLE('',#10815,495.3635239918);
#10815 = AXIS2_PLACEMENT_3D('',#10816,#10817,#10818);
#10816 = CARTESIAN_POINT('',(0.,0.,0.));
#10817 = DIRECTION('',(1.,0.,-2.22044604925E-16));
#10818 = DIRECTION('',(-2.22044604925E-16,-1.224646799147E-16,-1.));
#10819 = PCURVE('',#10206,#10820);
#10820 = DEFINITIONAL_REPRESENTATION('',(#10821),#10825);
#10821 = CIRCLE('',#10822,495.3635239918);
#10822 = AXIS2_PLACEMENT_2D('',#10823,#10824);
#10823 = CARTESIAN_POINT('',(0.,0.));
#10824 = DIRECTION('',(1.,-1.224646799147E-16));
#10825 = ( GEOMETRIC_REPRESENTATION_CONTEXT(2) 
PARAMETRIC_REPRESENTATION_CONTEXT() REPRESENTATION_CONTEXT('2D SPACE',''
  ) );
#10826 = PCURVE('',#10180,#10827);
#10827 = DEFINITIONAL_REPRESENTATION('',(#10828),#10832);
#10828 = LINE('',#10829,#10830);
#10829 = CARTESIAN_POINT('',(-0.,1.570796326795));
#10830 = VECTOR('',#10831,1.);
#10831 = DIRECTION('',(-1.,0.));
#10832 = ( GEOMETRIC_REPRESENTATION_CONTEXT(2) 
PARAMETRIC_REPRESENTATION_CONTEXT() REPRESENTATION_CONTEXT('2D SPACE',''
  ) );
#10833 = ORIENTED_EDGE('',*,*,#10191,.F.);
#10834 = ADVANCED_FACE('',(#10835),#10180,.T.);
#10835 = FACE_BOUND('',#10836,.F.);
#10836 = EDGE_LOOP('',(#10837,#10838,#10839,#10840));
#10837 = ORIENTED_EDGE('',*,*,#10164,.F.);
#10838 = ORIENTED_EDGE('',*,*,#10726,.T.);
#10839 = ORIENTED_EDGE('',*,*,#10753,.T.);
#10840 = ORIENTED_EDGE('',*,*,#10812,.F.);
#10841 = ADVANCED_FACE('',(#10842),#10465,.T.);
#10842 = FACE_BOUND('',#10843,.T.);
#10843 = EDGE_LOOP('',(#10844,#10867,#10868,#10869));
#10844 = ORIENTED_EDGE('',*,*,#10845,.F.);
#10845 = EDGE_CURVE('',#10223,#10846,#10848,.T.);
#10846 = VERTEX_POINT('',#10847);
#10847 = CARTESIAN_POINT('',(1.058328823426E+03,-8.945863271597E-14,
    -730.485171547));
#10848 = SURFACE_CURVE('',#10849,(#10853,#10860),.PCURVE_S1.);
#10849 = LINE('',#10850,#10851);
#10850 = CARTESIAN_POINT('',(-1.132427485118E-13,-1.24913973513E-13,
    -510.));
#10851 = VECTOR('',#10852,1.);
#10852 = DIRECTION('',(0.978980419738,-4.995438489415E-17,
    -0.203954254112));
#10853 = PCURVE('',#10465,#10854);
#10854 = DEFINITIONAL_REPRESENTATION('',(#10855),#10859);
#10855 = LINE('',#10856,#10857);
#10856 = CARTESIAN_POINT('',(0.,-0.));
#10857 = VECTOR('',#10858,1.);
#10858 = DIRECTION('',(0.,1.));
#10859 = ( GEOMETRIC_REPRESENTATION_CONTEXT(2) 
PARAMETRIC_REPRESENTATION_CONTEXT() REPRESENTATION_CONTEXT('2D SPACE',''
  ) );
#10860 = PCURVE('',#10322,#10861);
#10861 = DEFINITIONAL_REPRESENTATION('',(#10862),#10866);
#10862 = LINE('',#10863,#10864);
#10863 = CARTESIAN_POINT('',(6.28318530718,-0.));
#10864 = VECTOR('',#10865,1.);
#10865 = DIRECTION('',(0.,1.));
#10866 = ( GEOMETRIC_REPRESENTATION_CONTEXT(2) 
PARAMETRIC_REPRESENTATION_CONTEXT() REPRESENTATION_CONTEXT('2D SPACE',''
  ) );
#10867 = ORIENTED_EDGE('',*,*,#10484,.T.);
#10868 = ORIENTED_EDGE('',*,*,#10434,.F.);
#10869 = ORIENTED_EDGE('',*,*,#10870,.F.);
#10870 = EDGE_CURVE('',#10846,#10406,#10871,.T.);
#10871 = SURFACE_CURVE('',#10872,(#10877,#10884),.PCURVE_S1.);
#10872 = CIRCLE('',#10873,730.48517154708);
#10873 = AXIS2_PLACEMENT_3D('',#10874,#10875,#10876);
#10874 = CARTESIAN_POINT('',(1.058328823426E+03,0.,-2.349962054784E-13)
  );
#10875 = DIRECTION('',(1.,0.,-2.22044604925E-16));
#10876 = DIRECTION('',(-2.22044604925E-16,-1.224646799147E-16,-1.));
#10877 = PCURVE('',#10465,#10878);
#10878 = DEFINITIONAL_REPRESENTATION('',(#10879),#10883);
#10879 = LINE('',#10880,#10881);
#10880 = CARTESIAN_POINT('',(0.,1.058328823426E+03));
#10881 = VECTOR('',#10882,1.);
#10882 = DIRECTION('',(1.,0.));
#10883 = ( GEOMETRIC_REPRESENTATION_CONTEXT(2) 
PARAMETRIC_REPRESENTATION_CONTEXT() REPRESENTATION_CONTEXT('2D SPACE',''
  ) );
#10884 = PCURVE('',#10885,#10890);
#10885 = TOROIDAL_SURFACE('',#10886,712.8635239918,18.);
#10886 = AXIS2_PLACEMENT_3D('',#10887,#10888,#10889);
#10887 = CARTESIAN_POINT('',(1.062E+03,0.,-2.358113704304E-13));
#10888 = DIRECTION('',(1.,0.,-2.22044604925E-16));
#10889 = DIRECTION('',(-2.22044604925E-16,-1.224646799147E-16,-1.));
#10890 = DEFINITIONAL_REPRESENTATION('',(#10891),#10895);
#10891 = LINE('',#10892,#10893);
#10892 = CARTESIAN_POINT('',(0.,6.07778991799));
#10893 = VECTOR('',#10894,1.);
#10894 = DIRECTION('',(1.,0.));
#10895 = ( GEOMETRIC_REPRESENTATION_CONTEXT(2) 
PARAMETRIC_REPRESENTATION_CONTEXT() REPRESENTATION_CONTEXT('2D SPACE',''
  ) );
#10896 = ADVANCED_FACE('',(#10897),#10422,.T.);
#10897 = FACE_BOUND('',#10898,.T.);
#10898 = EDGE_LOOP('',(#10899,#10945,#10946,#10997));
#10899 = ORIENTED_EDGE('',*,*,#10900,.F.);
#10900 = EDGE_CURVE('',#10406,#10901,#10903,.T.);
#10901 = VERTEX_POINT('',#10902);
#10902 = CARTESIAN_POINT('',(1.08E+03,114.50534756829,-703.6070843988));
#10903 = SURFACE_CURVE('',#10904,(#10925,#10935),.PCURVE_S1.);
#10904 = B_SPLINE_CURVE_WITH_KNOTS('',10,(#10905,#10906,#10907,#10908,
    #10909,#10910,#10911,#10912,#10913,#10914,#10915,#10916,#10917,
    #10918,#10919,#10920,#10921,#10922,#10923,#10924),.UNSPECIFIED.,.F.,
  .F.,(11,9,11),(0.,0.5,1.),.UNSPECIFIED.);
#10905 = CARTESIAN_POINT('',(1.058328823426E+03,117.33586534642,
    -720.9999171661));
#10906 = CARTESIAN_POINT('',(1.059893794646E+03,117.38823557798,
    -721.3217193065));
#10907 = CARTESIAN_POINT('',(1.061490938192E+03,117.41580059048,
    -721.4910995013));
#10908 = CARTESIAN_POINT('',(1.063103110798E+03,117.41798670132,
    -721.5045326125));
#10909 = CARTESIAN_POINT('',(1.064712716078E+03,117.39456958911,
    -721.3606402408));
#10910 = CARTESIAN_POINT('',(1.066302026456E+03,117.34568506691,
    -721.0602569235));
#10911 = CARTESIAN_POINT('',(1.067853517012E+03,117.27183067033,
    -720.6064398946));
#10912 = CARTESIAN_POINT('',(1.069350198547E+03,117.17385763624,
    -720.0044197938));
#10913 = CARTESIAN_POINT('',(1.070775936367E+03,117.05295345035,
    -719.2614934281));
#10914 = CARTESIAN_POINT('',(1.072115742276E+03,116.91061580243,
    -718.386863731));
#10915 = CARTESIAN_POINT('',(1.074596317149E+03,116.58662272085,
    -716.3960062529));
#10916 = CARTESIAN_POINT('',(1.075737086114E+03,116.40496728719,
    -715.2797784717));
#10917 = CARTESIAN_POINT('',(1.076764750046E+03,116.20542752985,
    -714.0536559382));
#10918 = CARTESIAN_POINT('',(1.07766712402E+03,115.99005489744,
    -712.7302442967));
#10919 = CARTESIAN_POINT('',(1.07843367989E+03,115.76114439353,
    -711.3236457787));
#10920 = CARTESIAN_POINT('',(1.079055764575E+03,115.52119397304,
    -709.8492096986));
#10921 = CARTESIAN_POINT('',(1.079526771448E+03,115.27285797273,
    -708.3232463021));
#10922 = CARTESIAN_POINT('',(1.079842257149E+03,115.01889637152,
    -706.7627149768));
#10923 = CARTESIAN_POINT('',(1.08E+03,114.76212196991,-705.1848996879));
#10924 = CARTESIAN_POINT('',(1.08E+03,114.50534756829,-703.6070843988));
#10925 = PCURVE('',#10422,#10926);
#10926 = DEFINITIONAL_REPRESENTATION('',(#10927),#10934);
#10927 = B_SPLINE_CURVE_WITH_KNOTS('',5,(#10928,#10929,#10930,#10931,
    #10932,#10933),.UNSPECIFIED.,.F.,.F.,(6,6),(0.,1.),
  .PIECEWISE_BEZIER_KNOTS.);
#10928 = CARTESIAN_POINT('',(0.161326179008,6.07778991799));
#10929 = CARTESIAN_POINT('',(0.161326179008,6.433028261187));
#10930 = CARTESIAN_POINT('',(0.161326179008,6.788266604374));
#10931 = CARTESIAN_POINT('',(0.161326179009,7.14350494759));
#10932 = CARTESIAN_POINT('',(0.161326179008,7.498743290778));
#10933 = CARTESIAN_POINT('',(0.161326179008,7.853981633974));
#10934 = ( GEOMETRIC_REPRESENTATION_CONTEXT(2) 
PARAMETRIC_REPRESENTATION_CONTEXT() REPRESENTATION_CONTEXT('2D SPACE',''
  ) );
#10935 = PCURVE('',#10885,#10936);
#10936 = DEFINITIONAL_REPRESENTATION('',(#10937),#10944);
#10937 = B_SPLINE_CURVE_WITH_KNOTS('',5,(#10938,#10939,#10940,#10941,
    #10942,#10943),.UNSPECIFIED.,.F.,.F.,(6,6),(0.,1.),
  .PIECEWISE_BEZIER_KNOTS.);
#10938 = CARTESIAN_POINT('',(0.161326179008,6.07778991799));
#10939 = CARTESIAN_POINT('',(0.161326179008,6.433028261187));
#10940 = CARTESIAN_POINT('',(0.161326179008,6.788266604374));
#10941 = CARTESIAN_POINT('',(0.161326179009,7.14350494759));
#10942 = CARTESIAN_POINT('',(0.161326179008,7.498743290778));
#10943 = CARTESIAN_POINT('',(0.161326179008,7.853981633974));
#10944 = ( GEOMETRIC_REPRESENTATION_CONTEXT(2) 
PARAMETRIC_REPRESENTATION_CONTEXT() REPRESENTATION_CONTEXT('2D SPACE',''
  ) );
#10945 = ORIENTED_EDGE('',*,*,#10405,.T.);
#10946 = ORIENTED_EDGE('',*,*,#10947,.T.);
#10947 = EDGE_CURVE('',#10361,#10948,#10950,.T.);
#10948 = VERTEX_POINT('',#10949);
#10949 = CARTESIAN_POINT('',(1.08E+03,114.50534756829,703.60708439886));
#10950 = SURFACE_CURVE('',#10951,(#10972,#10982),.PCURVE_S1.);
#10951 = B_SPLINE_CURVE_WITH_KNOTS('',10,(#10952,#10953,#10954,#10955,
    #10956,#10957,#10958,#10959,#10960,#10961,#10962,#10963,#10964,
    #10965,#10966,#10967,#10968,#10969,#10970,#10971),.UNSPECIFIED.,.F.,
  .F.,(11,9,11),(0.,0.5,1.),.UNSPECIFIED.);
#10952 = CARTESIAN_POINT('',(1.058328823426E+03,117.33586534642,
    720.99991716613));
#10953 = CARTESIAN_POINT('',(1.059893794646E+03,117.38823557798,
    721.32171930653));
#10954 = CARTESIAN_POINT('',(1.061490938192E+03,117.41580059049,
    721.49109950123));
#10955 = CARTESIAN_POINT('',(1.063103110799E+03,117.41798670131,
    721.50453261266));
#10956 = CARTESIAN_POINT('',(1.064712716078E+03,117.39456958914,
    721.36064024058));
#10957 = CARTESIAN_POINT('',(1.066302026457E+03,117.34568506689,
    721.06025692369));
#10958 = CARTESIAN_POINT('',(1.067853517012E+03,117.27183067036,
    720.60643989435));
#10959 = CARTESIAN_POINT('',(1.069350198547E+03,117.17385763623,
    720.0044197939));
#10960 = CARTESIAN_POINT('',(1.070775936367E+03,117.05295345036,
    719.26149342805));
#10961 = CARTESIAN_POINT('',(1.072115742276E+03,116.91061580243,
    718.38686373101));
#10962 = CARTESIAN_POINT('',(1.074596317149E+03,116.58662272085,
    716.39600625287));
#10963 = CARTESIAN_POINT('',(1.075737086114E+03,116.40496728719,
    715.27977847169));
#10964 = CARTESIAN_POINT('',(1.076764750046E+03,116.20542752985,
    714.05365593821));
#10965 = CARTESIAN_POINT('',(1.07766712402E+03,115.99005489744,
    712.7302442966));
#10966 = CARTESIAN_POINT('',(1.07843367989E+03,115.76114439354,
    711.32364577876));
#10967 = CARTESIAN_POINT('',(1.079055764575E+03,115.52119397304,
    709.84920969855));
#10968 = CARTESIAN_POINT('',(1.079526771448E+03,115.27285797273,
    708.32324630221));
#10969 = CARTESIAN_POINT('',(1.079842257149E+03,115.01889637151,
    706.76271497679));
#10970 = CARTESIAN_POINT('',(1.08E+03,114.76212196991,705.18489968791));
#10971 = CARTESIAN_POINT('',(1.08E+03,114.50534756829,703.60708439886));
#10972 = PCURVE('',#10422,#10973);
#10973 = DEFINITIONAL_REPRESENTATION('',(#10974),#10981);
#10974 = B_SPLINE_CURVE_WITH_KNOTS('',5,(#10975,#10976,#10977,#10978,
    #10979,#10980),.UNSPECIFIED.,.F.,.F.,(6,6),(0.,1.),
  .PIECEWISE_BEZIER_KNOTS.);
#10975 = CARTESIAN_POINT('',(2.980266474581,6.07778991799));
#10976 = CARTESIAN_POINT('',(2.980266474581,6.433028261187));
#10977 = CARTESIAN_POINT('',(2.980266474581,6.788266604365));
#10978 = CARTESIAN_POINT('',(2.980266474581,7.143504947601));
#10979 = CARTESIAN_POINT('',(2.980266474581,7.498743290778));
#10980 = CARTESIAN_POINT('',(2.980266474581,7.853981633974));
#10981 = ( GEOMETRIC_REPRESENTATION_CONTEXT(2) 
PARAMETRIC_REPRESENTATION_CONTEXT() REPRESENTATION_CONTEXT('2D SPACE',''
  ) );
#10982 = PCURVE('',#10983,#10988);
#10983 = TOROIDAL_SURFACE('',#10984,712.8635239918,18.);
#10984 = AXIS2_PLACEMENT_3D('',#10985,#10986,#10987);
#10985 = CARTESIAN_POINT('',(1.062E+03,0.,-2.358113704304E-13));
#10986 = DIRECTION('',(1.,0.,-2.22044604925E-16));
#10987 = DIRECTION('',(-2.22044604925E-16,-1.224646799147E-16,-1.));
#10988 = DEFINITIONAL_REPRESENTATION('',(#10989),#10996);
#10989 = B_SPLINE_CURVE_WITH_KNOTS('',5,(#10990,#10991,#10992,#10993,
    #10994,#10995),.UNSPECIFIED.,.F.,.F.,(6,6),(0.,1.),
  .PIECEWISE_BEZIER_KNOTS.);
#10990 = CARTESIAN_POINT('',(2.980266474581,6.07778991799));
#10991 = CARTESIAN_POINT('',(2.980266474581,6.433028261187));
#10992 = CARTESIAN_POINT('',(2.980266474581,6.788266604365));
#10993 = CARTESIAN_POINT('',(2.980266474581,7.143504947601));
#10994 = CARTESIAN_POINT('',(2.980266474581,7.498743290778));
#10995 = CARTESIAN_POINT('',(2.980266474581,7.853981633974));
#10996 = ( GEOMETRIC_REPRESENTATION_CONTEXT(2) 
PARAMETRIC_REPRESENTATION_CONTEXT() REPRESENTATION_CONTEXT('2D SPACE',''
  ) );
#10997 = ORIENTED_EDGE('',*,*,#10998,.F.);
#10998 = EDGE_CURVE('',#10901,#10948,#10999,.T.);
#10999 = SURFACE_CURVE('',#11000,(#11005,#11012),.PCURVE_S1.);
#11000 = CIRCLE('',#11001,712.8635239918);
#11001 = AXIS2_PLACEMENT_3D('',#11002,#11003,#11004);
#11002 = CARTESIAN_POINT('',(1.08E+03,0.,-2.39808173319E-13));
#11003 = DIRECTION('',(1.,0.,-2.22044604925E-16));
#11004 = DIRECTION('',(-2.22044604925E-16,-1.224646799147E-16,-1.));
#11005 = PCURVE('',#10422,#11006);
#11006 = DEFINITIONAL_REPRESENTATION('',(#11007),#11011);
#11007 = LINE('',#11008,#11009);
#11008 = CARTESIAN_POINT('',(0.,7.853981633974));
#11009 = VECTOR('',#11010,1.);
#11010 = DIRECTION('',(1.,0.));
#11011 = ( GEOMETRIC_REPRESENTATION_CONTEXT(2) 
PARAMETRIC_REPRESENTATION_CONTEXT() REPRESENTATION_CONTEXT('2D SPACE',''
  ) );
#11012 = PCURVE('',#11013,#11018);
#11013 = PLANE('',#11014);
#11014 = AXIS2_PLACEMENT_3D('',#11015,#11016,#11017);
#11015 = CARTESIAN_POINT('',(1.08E+03,0.,-2.39808173319E-13));
#11016 = DIRECTION('',(1.,0.,-2.22044604925E-16));
#11017 = DIRECTION('',(-2.22044604925E-16,0.,-1.));
#11018 = DEFINITIONAL_REPRESENTATION('',(#11019),#11023);
#11019 = CIRCLE('',#11020,712.8635239918);
#11020 = AXIS2_PLACEMENT_2D('',#11021,#11022);
#11021 = CARTESIAN_POINT('',(0.,0.));
#11022 = DIRECTION('',(1.,-1.224646799147E-16));
#11023 = ( GEOMETRIC_REPRESENTATION_CONTEXT(2) 
PARAMETRIC_REPRESENTATION_CONTEXT() REPRESENTATION_CONTEXT('2D SPACE',''
  ) );
#11024 = ADVANCED_FACE('',(#11025),#10322,.T.);
#11025 = FACE_BOUND('',#11026,.T.);
#11026 = EDGE_LOOP('',(#11027,#11028,#11029,#11051));
#11027 = ORIENTED_EDGE('',*,*,#10245,.T.);
#11028 = ORIENTED_EDGE('',*,*,#10845,.T.);
#11029 = ORIENTED_EDGE('',*,*,#11030,.F.);
#11030 = EDGE_CURVE('',#10361,#10846,#11031,.T.);
#11031 = SURFACE_CURVE('',#11032,(#11037,#11044),.PCURVE_S1.);
#11032 = CIRCLE('',#11033,730.48517154708);
#11033 = AXIS2_PLACEMENT_3D('',#11034,#11035,#11036);
#11034 = CARTESIAN_POINT('',(1.058328823426E+03,0.,-2.349962054784E-13)
  );
#11035 = DIRECTION('',(1.,0.,-2.22044604925E-16));
#11036 = DIRECTION('',(-2.22044604925E-16,-1.224646799147E-16,-1.));
#11037 = PCURVE('',#10322,#11038);
#11038 = DEFINITIONAL_REPRESENTATION('',(#11039),#11043);
#11039 = LINE('',#11040,#11041);
#11040 = CARTESIAN_POINT('',(0.,1.058328823426E+03));
#11041 = VECTOR('',#11042,1.);
#11042 = DIRECTION('',(1.,0.));
#11043 = ( GEOMETRIC_REPRESENTATION_CONTEXT(2) 
PARAMETRIC_REPRESENTATION_CONTEXT() REPRESENTATION_CONTEXT('2D SPACE',''
  ) );
#11044 = PCURVE('',#10983,#11045);
#11045 = DEFINITIONAL_REPRESENTATION('',(#11046),#11050);
#11046 = LINE('',#11047,#11048);
#11047 = CARTESIAN_POINT('',(0.,6.07778991799));
#11048 = VECTOR('',#11049,1.);
#11049 = DIRECTION('',(1.,0.));
#11050 = ( GEOMETRIC_REPRESENTATION_CONTEXT(2) 
PARAMETRIC_REPRESENTATION_CONTEXT() REPRESENTATION_CONTEXT('2D SPACE',''
  ) );
#11051 = ORIENTED_EDGE('',*,*,#10360,.T.);
#11052 = ADVANCED_FACE('',(#11053),#10885,.T.);
#11053 = FACE_BOUND('',#11054,.T.);
#11054 = EDGE_LOOP('',(#11055,#11077,#11078,#11079));
#11055 = ORIENTED_EDGE('',*,*,#11056,.F.);
#11056 = EDGE_CURVE('',#10846,#11057,#11059,.T.);
#11057 = VERTEX_POINT('',#11058);
#11058 = CARTESIAN_POINT('',(1.08E+03,-8.730060328855E-14,
    -712.8635239918));
#11059 = SURFACE_CURVE('',#11060,(#11065,#11071),.PCURVE_S1.);
#11060 = CIRCLE('',#11061,18.);
#11061 = AXIS2_PLACEMENT_3D('',#11062,#11063,#11064);
#11062 = CARTESIAN_POINT('',(1.062E+03,-8.730060328855E-14,
    -712.8635239918));
#11063 = DIRECTION('',(2.719262146894E-32,-1.,1.224646799147E-16));
#11064 = DIRECTION('',(-2.22044604925E-16,-1.224646799147E-16,-1.));
#11065 = PCURVE('',#10885,#11066);
#11066 = DEFINITIONAL_REPRESENTATION('',(#11067),#11070);
#11067 = B_SPLINE_CURVE_WITH_KNOTS('',1,(#11068,#11069),.UNSPECIFIED.,
  .F.,.F.,(2,2),(6.07778991799,7.853981633974),
  .PIECEWISE_BEZIER_KNOTS.);
#11068 = CARTESIAN_POINT('',(0.,6.07778991799));
#11069 = CARTESIAN_POINT('',(0.,7.853981633974));
#11070 = ( GEOMETRIC_REPRESENTATION_CONTEXT(2) 
PARAMETRIC_REPRESENTATION_CONTEXT() REPRESENTATION_CONTEXT('2D SPACE',''
  ) );
#11071 = PCURVE('',#10983,#11072);
#11072 = DEFINITIONAL_REPRESENTATION('',(#11073),#11076);
#11073 = B_SPLINE_CURVE_WITH_KNOTS('',1,(#11074,#11075),.UNSPECIFIED.,
  .F.,.F.,(2,2),(6.07778991799,7.853981633974),
  .PIECEWISE_BEZIER_KNOTS.);
#11074 = CARTESIAN_POINT('',(6.28318530718,6.07778991799));
#11075 = CARTESIAN_POINT('',(6.28318530718,7.853981633974));
#11076 = ( GEOMETRIC_REPRESENTATION_CONTEXT(2) 
PARAMETRIC_REPRESENTATION_CONTEXT() REPRESENTATION_CONTEXT('2D SPACE',''
  ) );
#11077 = ORIENTED_EDGE('',*,*,#10870,.T.);
#11078 = ORIENTED_EDGE('',*,*,#10900,.T.);
#11079 = ORIENTED_EDGE('',*,*,#11080,.F.);
#11080 = EDGE_CURVE('',#11057,#10901,#11081,.T.);
#11081 = SURFACE_CURVE('',#11082,(#11087,#11094),.PCURVE_S1.);
#11082 = CIRCLE('',#11083,712.8635239918);
#11083 = AXIS2_PLACEMENT_3D('',#11084,#11085,#11086);
#11084 = CARTESIAN_POINT('',(1.08E+03,0.,-2.39808173319E-13));
#11085 = DIRECTION('',(1.,0.,-2.22044604925E-16));
#11086 = DIRECTION('',(-2.22044604925E-16,-1.224646799147E-16,-1.));
#11087 = PCURVE('',#10885,#11088);
#11088 = DEFINITIONAL_REPRESENTATION('',(#11089),#11093);
#11089 = LINE('',#11090,#11091);
#11090 = CARTESIAN_POINT('',(0.,7.853981633974));
#11091 = VECTOR('',#11092,1.);
#11092 = DIRECTION('',(1.,0.));
#11093 = ( GEOMETRIC_REPRESENTATION_CONTEXT(2) 
PARAMETRIC_REPRESENTATION_CONTEXT() REPRESENTATION_CONTEXT('2D SPACE',''
  ) );
#11094 = PCURVE('',#11013,#11095);
#11095 = DEFINITIONAL_REPRESENTATION('',(#11096),#11100);
#11096 = CIRCLE('',#11097,712.8635239918);
#11097 = AXIS2_PLACEMENT_2D('',#11098,#11099);
#11098 = CARTESIAN_POINT('',(0.,0.));
#11099 = DIRECTION('',(1.,-1.224646799147E-16));
#11100 = ( GEOMETRIC_REPRESENTATION_CONTEXT(2) 
PARAMETRIC_REPRESENTATION_CONTEXT() REPRESENTATION_CONTEXT('2D SPACE',''
  ) );
#11101 = ADVANCED_FACE('',(#11102),#10983,.T.);
#11102 = FACE_BOUND('',#11103,.T.);
#11103 = EDGE_LOOP('',(#11104,#11105,#11106,#11128));
#11104 = ORIENTED_EDGE('',*,*,#11030,.T.);
#11105 = ORIENTED_EDGE('',*,*,#11056,.T.);
#11106 = ORIENTED_EDGE('',*,*,#11107,.F.);
#11107 = EDGE_CURVE('',#10948,#11057,#11108,.T.);
#11108 = SURFACE_CURVE('',#11109,(#11114,#11121),.PCURVE_S1.);
#11109 = CIRCLE('',#11110,712.8635239918);
#11110 = AXIS2_PLACEMENT_3D('',#11111,#11112,#11113);
#11111 = CARTESIAN_POINT('',(1.08E+03,0.,-2.39808173319E-13));
#11112 = DIRECTION('',(1.,0.,-2.22044604925E-16));
#11113 = DIRECTION('',(-2.22044604925E-16,-1.224646799147E-16,-1.));
#11114 = PCURVE('',#10983,#11115);
#11115 = DEFINITIONAL_REPRESENTATION('',(#11116),#11120);
#11116 = LINE('',#11117,#11118);
#11117 = CARTESIAN_POINT('',(0.,7.853981633974));
#11118 = VECTOR('',#11119,1.);
#11119 = DIRECTION('',(1.,0.));
#11120 = ( GEOMETRIC_REPRESENTATION_CONTEXT(2) 
PARAMETRIC_REPRESENTATION_CONTEXT() REPRESENTATION_CONTEXT('2D SPACE',''
  ) );
#11121 = PCURVE('',#11013,#11122);
#11122 = DEFINITIONAL_REPRESENTATION('',(#11123),#11127);
#11123 = CIRCLE('',#11124,712.8635239918);
#11124 = AXIS2_PLACEMENT_2D('',#11125,#11126);
#11125 = CARTESIAN_POINT('',(0.,0.));
#11126 = DIRECTION('',(1.,-1.224646799147E-16));
#11127 = ( GEOMETRIC_REPRESENTATION_CONTEXT(2) 
PARAMETRIC_REPRESENTATION_CONTEXT() REPRESENTATION_CONTEXT('2D SPACE',''
  ) );
#11128 = ORIENTED_EDGE('',*,*,#10947,.F.);
#11129 = ADVANCED_FACE('',(#11130),#11013,.T.);
#11130 = FACE_BOUND('',#11131,.T.);
#11131 = EDGE_LOOP('',(#11132,#11133,#11134));
#11132 = ORIENTED_EDGE('',*,*,#10998,.T.);
#11133 = ORIENTED_EDGE('',*,*,#11107,.T.);
#11134 = ORIENTED_EDGE('',*,*,#11080,.T.);
#11135 = ( GEOMETRIC_REPRESENTATION_CONTEXT(3) 
GLOBAL_UNCERTAINTY_ASSIGNED_CONTEXT((#11139)) 
GLOBAL_UNIT_ASSIGNED_CONTEXT((#11136,#11137,#11138)) 
REPRESENTATION_CONTEXT('Context #1',
  '3D Context with UNIT and UNCERTAINTY') );
#11136 = ( LENGTH_UNIT() NAMED_UNIT(*) SI_UNIT(.MILLI.,.METRE.) );
#11137 = ( NAMED_UNIT(*) PLANE_ANGLE_UNIT() SI_UNIT($,.RADIAN.) );
#11138 = ( NAMED_UNIT(*) SI_UNIT($,.STERADIAN.) SOLID_ANGLE_UNIT() );
#11139 = UNCERTAINTY_MEASURE_WITH_UNIT(LENGTH_MEASURE(2.E-04),#11136,
  'distance_accuracy_value','confusion accuracy');
#11140 = PRODUCT_RELATED_PRODUCT_CATEGORY('part',$,(#9855));
#11141 = SHAPE_DEFINITION_REPRESENTATION(#11142,#11148);
#11142 = PRODUCT_DEFINITION_SHAPE('','',#11143);
#11143 = PRODUCT_DEFINITION('design','',#11144,#11147);
#11144 = PRODUCT_DEFINITION_FORMATION('','',#11145);
#11145 = PRODUCT('Shield_Segmented','Shield_Segmented','',(#11146));
#11146 = PRODUCT_CONTEXT('',#2,'mechanical');
#11147 = PRODUCT_DEFINITION_CONTEXT('part definition',#2,'design');
#11148 = ADVANCED_BREP_SHAPE_REPRESENTATION('',(#11,#11149),#12425);
#11149 = MANIFOLD_SOLID_BREP('',#11150);
#11150 = CLOSED_SHELL('',(#11151,#11413,#11507,#12011,#12039,#12097,
    #12124,#12131,#12186,#12314,#12342,#12391,#12419));
#11151 = ADVANCED_FACE('',(#11152),#11167,.T.);
#11152 = FACE_BOUND('',#11153,.T.);
#11153 = EDGE_LOOP('',(#11154,#11190,#11218,#11371));
#11154 = ORIENTED_EDGE('',*,*,#11155,.T.);
#11155 = EDGE_CURVE('',#11156,#11158,#11160,.T.);
#11156 = VERTEX_POINT('',#11157);
#11157 = CARTESIAN_POINT('',(14.328823425984,-266.013944395,
    -438.6232638775));
#11158 = VERTEX_POINT('',#11159);
#11159 = CARTESIAN_POINT('',(14.328823425984,-6.282256483452E-14,
    -512.985171547));
#11160 = SURFACE_CURVE('',#11161,(#11166,#11178),.PCURVE_S1.);
#11161 = CIRCLE('',#11162,512.98517154708);
#11162 = AXIS2_PLACEMENT_3D('',#11163,#11164,#11165);
#11163 = CARTESIAN_POINT('',(14.328823425984,0.,-3.181637936663E-15));
#11164 = DIRECTION('',(1.,0.,-2.22044604925E-16));
#11165 = DIRECTION('',(-2.22044604925E-16,-1.224646799147E-16,-1.));
#11166 = PCURVE('',#11167,#11172);
#11167 = CONICAL_SURFACE('',#11168,510.,0.20539538919);
#11168 = AXIS2_PLACEMENT_3D('',#11169,#11170,#11171);
#11169 = CARTESIAN_POINT('',(0.,0.,0.));
#11170 = DIRECTION('',(1.,0.,-2.22044604925E-16));
#11171 = DIRECTION('',(-2.22044604925E-16,0.,-1.));
#11172 = DEFINITIONAL_REPRESENTATION('',(#11173),#11177);
#11173 = LINE('',#11174,#11175);
#11174 = CARTESIAN_POINT('',(0.,14.328823425984));
#11175 = VECTOR('',#11176,1.);
#11176 = DIRECTION('',(1.,0.));
#11177 = ( GEOMETRIC_REPRESENTATION_CONTEXT(2) 
PARAMETRIC_REPRESENTATION_CONTEXT() REPRESENTATION_CONTEXT('2D SPACE',''
  ) );
#11178 = PCURVE('',#11179,#11184);
#11179 = TOROIDAL_SURFACE('',#11180,495.3635239918,18.);
#11180 = AXIS2_PLACEMENT_3D('',#11181,#11182,#11183);
#11181 = CARTESIAN_POINT('',(18.,0.,-3.996802888651E-15));
#11182 = DIRECTION('',(-1.,0.,2.22044604925E-16));
#11183 = DIRECTION('',(-2.22044604925E-16,-1.224646799147E-16,-1.));
#11184 = DEFINITIONAL_REPRESENTATION('',(#11185),#11189);
#11185 = LINE('',#11186,#11187);
#11186 = CARTESIAN_POINT('',(-0.,0.20539538919));
#11187 = VECTOR('',#11188,1.);
#11188 = DIRECTION('',(-1.,0.));
#11189 = ( GEOMETRIC_REPRESENTATION_CONTEXT(2) 
PARAMETRIC_REPRESENTATION_CONTEXT() REPRESENTATION_CONTEXT('2D SPACE',''
  ) );
#11190 = ORIENTED_EDGE('',*,*,#11191,.T.);
#11191 = EDGE_CURVE('',#11158,#11192,#11194,.T.);
#11192 = VERTEX_POINT('',#11193);
#11193 = CARTESIAN_POINT('',(218.08242029425,0.,-555.4338375613));
#11194 = SURFACE_CURVE('',#11195,(#11199,#11206),.PCURVE_S1.);
#11195 = LINE('',#11196,#11197);
#11196 = CARTESIAN_POINT('',(-1.132427485118E-13,-1.24913973513E-13,
    -510.));
#11197 = VECTOR('',#11198,1.);
#11198 = DIRECTION('',(0.978980419738,-4.995438489415E-17,
    -0.203954254112));
#11199 = PCURVE('',#11167,#11200);
#11200 = DEFINITIONAL_REPRESENTATION('',(#11201),#11205);
#11201 = LINE('',#11202,#11203);
#11202 = CARTESIAN_POINT('',(6.28318530718,-0.));
#11203 = VECTOR('',#11204,1.);
#11204 = DIRECTION('',(0.,1.));
#11205 = ( GEOMETRIC_REPRESENTATION_CONTEXT(2) 
PARAMETRIC_REPRESENTATION_CONTEXT() REPRESENTATION_CONTEXT('2D SPACE',''
  ) );
#11206 = PCURVE('',#11207,#11212);
#11207 = CONICAL_SURFACE('',#11208,510.,0.20539538919);
#11208 = AXIS2_PLACEMENT_3D('',#11209,#11210,#11211);
#11209 = CARTESIAN_POINT('',(0.,0.,0.));
#11210 = DIRECTION('',(1.,0.,-2.22044604925E-16));
#11211 = DIRECTION('',(-2.22044604925E-16,0.,-1.));
#11212 = DEFINITIONAL_REPRESENTATION('',(#11213),#11217);
#11213 = LINE('',#11214,#11215);
#11214 = CARTESIAN_POINT('',(0.,-0.));
#11215 = VECTOR('',#11216,1.);
#11216 = DIRECTION('',(0.,1.));
#11217 = ( GEOMETRIC_REPRESENTATION_CONTEXT(2) 
PARAMETRIC_REPRESENTATION_CONTEXT() REPRESENTATION_CONTEXT('2D SPACE',''
  ) );
#11218 = ORIENTED_EDGE('',*,*,#11219,.T.);
#11219 = EDGE_CURVE('',#11192,#11220,#11222,.T.);
#11220 = VERTEX_POINT('',#11221);
#11221 = CARTESIAN_POINT('',(14.50425152891,-265.7850233318,
    -438.8047465706));
#11222 = SURFACE_CURVE('',#11223,(#11274,#11320),.PCURVE_S1.);
#11223 = B_SPLINE_CURVE_WITH_KNOTS('',13,(#11224,#11225,#11226,#11227,
    #11228,#11229,#11230,#11231,#11232,#11233,#11234,#11235,#11236,
    #11237,#11238,#11239,#11240,#11241,#11242,#11243,#11244,#11245,
    #11246,#11247,#11248,#11249,#11250,#11251,#11252,#11253,#11254,
    #11255,#11256,#11257,#11258,#11259,#11260,#11261,#11262,#11263,
    #11264,#11265,#11266,#11267,#11268,#11269,#11270,#11271,#11272,
    #11273),.UNSPECIFIED.,.F.,.F.,(14,12,12,12,14),(2.608535066791E+03,
    2.619919703838E+03,2.798018665038E+03,2.976117626239E+03,
    3.084343736208E+03),.UNSPECIFIED.);
#11224 = CARTESIAN_POINT('',(218.08242029425,-1.360420542615E-13,
    -555.4338375613));
#11225 = CARTESIAN_POINT('',(217.50498020301,-0.751842746226,
    -555.3135375423));
#11226 = CARTESIAN_POINT('',(216.92769015729,-1.50350169943,
    -555.1921662363));
#11227 = CARTESIAN_POINT('',(216.35055152817,-2.254975074248,
    -555.0697239842));
#11228 = CARTESIAN_POINT('',(215.77356568439,-3.006261084289,
    -554.9462111191));
#11229 = CARTESIAN_POINT('',(215.19673399965,-3.757357945362,
    -554.8216279915));
#11230 = CARTESIAN_POINT('',(214.62005783951,-4.508263869526,
    -554.6959749223));
#11231 = CARTESIAN_POINT('',(214.04353858016,-5.258977074059,
    -554.5692522723));
#11232 = CARTESIAN_POINT('',(213.46717758658,-6.009495770213,
    -554.4414603586));
#11233 = CARTESIAN_POINT('',(212.89097623334,-6.759818175072,
    -554.3125995379));
#11234 = CARTESIAN_POINT('',(212.31493588837,-7.509942500967,
    -554.182670137));
#11235 = CARTESIAN_POINT('',(211.73905792329,-8.259866963476,
    -554.0516725014));
#11236 = CARTESIAN_POINT('',(211.16334370811,-9.009589776355,
    -553.919606967));
#11237 = CARTESIAN_POINT('',(201.58402088979,-21.48443882762,
    -551.7037666677));
#11238 = CARTESIAN_POINT('',(192.62064281175,-33.16000040843,
    -549.359806023));
#11239 = CARTESIAN_POINT('',(183.70194115521,-44.78021259288,
    -546.7557207393));
#11240 = CARTESIAN_POINT('',(174.83263933344,-56.33891089878,
    -543.8928447081));
#11241 = CARTESIAN_POINT('',(166.01769052906,-67.8296239783,
    -540.7727288079));
#11242 = CARTESIAN_POINT('',(157.2621346377,-79.24575936958,
    -537.3971440831));
#11243 = CARTESIAN_POINT('',(148.57101146975,-90.58071625813,
    -533.7680786388));
#11244 = CARTESIAN_POINT('',(139.94931670171,-101.8279427857,
    -529.8877307859));
#11245 = CARTESIAN_POINT('',(131.40198701443,-112.9809554914,
    -525.7585008586));
#11246 = CARTESIAN_POINT('',(122.9339009093,-124.0333384118,
    -521.3829842222));
#11247 = CARTESIAN_POINT('',(114.54988164951,-134.9787394283,
    -516.7639679277));
#11248 = CARTESIAN_POINT('',(106.25468880301,-145.8108813947,
    -511.904433497));
#11249 = CARTESIAN_POINT('',(89.8512808921,-167.2363298452,
    -501.7107031353));
#11250 = CARTESIAN_POINT('',(81.743089785102,-177.8296048644,
    -496.376523062));
#11251 = CARTESIAN_POINT('',(73.732896003301,-188.2975068222,
    -490.8080432224));
#11252 = CARTESIAN_POINT('',(65.826172200737,-198.6328004975,
    -485.0093805787));
#11253 = CARTESIAN_POINT('',(58.024975002237,-208.8327464732,
    -478.9820888294));
#11254 = CARTESIAN_POINT('',(50.338451221196,-218.8852391596,
    -472.7335270561));
#11255 = CARTESIAN_POINT('',(42.764972917394,-228.7924059578,
    -466.2637644871));
#11256 = CARTESIAN_POINT('',(35.313018043819,-238.5429579348,
    -459.5781308646));
#11257 = CARTESIAN_POINT('',(27.987498150395,-248.1304437902,
    -452.6851728024));
#11258 = CARTESIAN_POINT('',(20.786405785166,-257.557344399,
    -445.5803779331));
#11259 = CARTESIAN_POINT('',(13.721435117124,-266.8082424551,
    -438.2780074299));
#11260 = CARTESIAN_POINT('',(6.791807846822,-275.884043614,
    -430.7779268997));
#11261 = CARTESIAN_POINT('',(-4.127205110954,-290.1880806022,
    -418.407626444));
#11262 = CARTESIAN_POINT('',(-8.260332351723,-295.6025265011,
    -413.7251495583));
#11263 = CARTESIAN_POINT('',(-12.3993817223,-301.0247304605,
    -409.0359634099));
#11264 = CARTESIAN_POINT('',(-16.5443532227,-306.4546924805,
    -404.340067999));
#11265 = CARTESIAN_POINT('',(-20.69524685292,-311.8924125611,
    -399.6374633255));
#11266 = CARTESIAN_POINT('',(-24.85206261295,-317.3378907023,
    -394.9281493894));
#11267 = CARTESIAN_POINT('',(-29.0148005028,-322.791126904,
    -390.2121261908));
#11268 = CARTESIAN_POINT('',(-33.18346052246,-328.2521211663,
    -385.4893937295));
#11269 = CARTESIAN_POINT('',(-37.35804267194,-333.7208734892,
    -380.7599520056));
#11270 = CARTESIAN_POINT('',(-41.53854695124,-339.1973838727,
    -376.0238010192));
#11271 = CARTESIAN_POINT('',(-45.72497336035,-344.6816523167,
    -371.2809407702));
#11272 = CARTESIAN_POINT('',(-49.91732189928,-350.1736788213,
    -366.5313712585));
#11273 = CARTESIAN_POINT('',(-54.11559256802,-355.6734633865,
    -361.7750924843));
#11274 = PCURVE('',#11167,#11275);
#11275 = DEFINITIONAL_REPRESENTATION('',(#11276),#11319);
#11276 = B_SPLINE_CURVE_WITH_KNOTS('',9,(#11277,#11278,#11279,#11280,
    #11281,#11282,#11283,#11284,#11285,#11286,#11287,#11288,#11289,
    #11290,#11291,#11292,#11293,#11294,#11295,#11296,#11297,#11298,
    #11299,#11300,#11301,#11302,#11303,#11304,#11305,#11306,#11307,
    #11308,#11309,#11310,#11311,#11312,#11313,#11314,#11315,#11316,
    #11317,#11318),.UNSPECIFIED.,.F.,.F.,(10,8,8,8,8,10),(
    2.608535066791E+03,2.650895483358E+03,2.693255899924E+03,
    2.777976733056E+03,2.862697566189E+03,2.947418399321E+03),
  .UNSPECIFIED.);
#11277 = CARTESIAN_POINT('',(6.28318530718,218.08242029425));
#11278 = CARTESIAN_POINT('',(6.275910247576,214.97894130857));
#11279 = CARTESIAN_POINT('',(6.268626078664,211.87997173337));
#11280 = CARTESIAN_POINT('',(6.261332656161,208.78568291061));
#11281 = CARTESIAN_POINT('',(6.254030551965,205.69655650847));
#11282 = CARTESIAN_POINT('',(6.246718825035,202.61241703618));
#11283 = CARTESIAN_POINT('',(6.239398085727,199.53376437663));
#11284 = CARTESIAN_POINT('',(6.232067937134,196.4606554482));
#11285 = CARTESIAN_POINT('',(6.224728473489,193.39336295274));
#11286 = CARTESIAN_POINT('',(6.210030817994,187.27082587391));
#11287 = CARTESIAN_POINT('',(6.202672628858,184.21558252307));
#11288 = CARTESIAN_POINT('',(6.195305057601,181.16658460939));
#11289 = CARTESIAN_POINT('',(6.187928093032,178.12405527989));
#11290 = CARTESIAN_POINT('',(6.180541732175,175.08821993967));
#11291 = CARTESIAN_POINT('',(6.173145978969,172.05930561253));
#11292 = CARTESIAN_POINT('',(6.165740842935,169.03754030045));
#11293 = CARTESIAN_POINT('',(6.15832633788,166.02315234409));
#11294 = CARTESIAN_POINT('',(6.13605476594,157.00280465956));
#11295 = CARTESIAN_POINT('',(6.1211696398,151.01966006284));
#11296 = CARTESIAN_POINT('',(6.106247249608,145.06876618965));
#11297 = CARTESIAN_POINT('',(6.091287784701,139.15194618099));
#11298 = CARTESIAN_POINT('',(6.07629147286,133.27101304367));
#11299 = CARTESIAN_POINT('',(6.061258576877,127.42776657249));
#11300 = CARTESIAN_POINT('',(6.046189391131,121.62399027231));
#11301 = CARTESIAN_POINT('',(6.031084238148,115.8614482802));
#11302 = CARTESIAN_POINT('',(6.000802692199,104.42231629478));
#11303 = CARTESIAN_POINT('',(5.985626294849,98.745725236833));
#11304 = CARTESIAN_POINT('',(5.970414663494,93.113864130333));
#11305 = CARTESIAN_POINT('',(5.955168075266,87.528422017441));
#11306 = CARTESIAN_POINT('',(5.939887056199,81.991137940997));
#11307 = CARTESIAN_POINT('',(5.924572047993,76.503689143237));
#11308 = CARTESIAN_POINT('',(5.90922342106,71.067694364436));
#11309 = CARTESIAN_POINT('',(5.893841816152,65.684825259122));
#11310 = CARTESIAN_POINT('',(5.863013658976,55.028512918853));
#11311 = CARTESIAN_POINT('',(5.847567109342,49.755070885278));
#11312 = CARTESIAN_POINT('',(5.832088669941,44.537954416264));
#11313 = CARTESIAN_POINT('',(5.81657882642,39.378711376798));
#11314 = CARTESIAN_POINT('',(5.801038418758,34.27895414378));
#11315 = CARTESIAN_POINT('',(5.785467987752,29.240164162789));
#11316 = CARTESIAN_POINT('',(5.769868026197,24.263768003651));
#11317 = CARTESIAN_POINT('',(5.754239739848,19.351362766705));
#11318 = CARTESIAN_POINT('',(5.738583520135,14.50425152891));
#11319 = ( GEOMETRIC_REPRESENTATION_CONTEXT(2) 
PARAMETRIC_REPRESENTATION_CONTEXT() REPRESENTATION_CONTEXT('2D SPACE',''
  ) );
#11320 = PCURVE('',#11321,#11326);
#11321 = CONICAL_SURFACE('',#11322,510.,0.20539538919);
#11322 = AXIS2_PLACEMENT_3D('',#11323,#11324,#11325);
#11323 = CARTESIAN_POINT('',(0.,0.,0.));
#11324 = DIRECTION('',(1.,0.,-2.22044604925E-16));
#11325 = DIRECTION('',(-2.22044604925E-16,0.,-1.));
#11326 = DEFINITIONAL_REPRESENTATION('',(#11327),#11370);
#11327 = B_SPLINE_CURVE_WITH_KNOTS('',9,(#11328,#11329,#11330,#11331,
    #11332,#11333,#11334,#11335,#11336,#11337,#11338,#11339,#11340,
    #11341,#11342,#11343,#11344,#11345,#11346,#11347,#11348,#11349,
    #11350,#11351,#11352,#11353,#11354,#11355,#11356,#11357,#11358,
    #11359,#11360,#11361,#11362,#11363,#11364,#11365,#11366,#11367,
    #11368,#11369),.UNSPECIFIED.,.F.,.F.,(10,8,8,8,8,10),(
    2.608535066791E+03,2.650895483358E+03,2.693255899924E+03,
    2.777976733056E+03,2.862697566189E+03,2.947418399321E+03),
  .UNSPECIFIED.);
#11328 = CARTESIAN_POINT('',(6.28318530718,218.08242029425));
#11329 = CARTESIAN_POINT('',(6.275910247576,214.97894130857));
#11330 = CARTESIAN_POINT('',(6.268626078664,211.87997173337));
#11331 = CARTESIAN_POINT('',(6.261332656161,208.78568291061));
#11332 = CARTESIAN_POINT('',(6.254030551965,205.69655650847));
#11333 = CARTESIAN_POINT('',(6.246718825035,202.61241703618));
#11334 = CARTESIAN_POINT('',(6.239398085727,199.53376437663));
#11335 = CARTESIAN_POINT('',(6.232067937134,196.4606554482));
#11336 = CARTESIAN_POINT('',(6.224728473489,193.39336295274));
#11337 = CARTESIAN_POINT('',(6.210030817994,187.27082587391));
#11338 = CARTESIAN_POINT('',(6.202672628858,184.21558252307));
#11339 = CARTESIAN_POINT('',(6.195305057601,181.16658460939));
#11340 = CARTESIAN_POINT('',(6.187928093032,178.12405527989));
#11341 = CARTESIAN_POINT('',(6.180541732175,175.08821993967));
#11342 = CARTESIAN_POINT('',(6.173145978969,172.05930561253));
#11343 = CARTESIAN_POINT('',(6.165740842935,169.03754030045));
#11344 = CARTESIAN_POINT('',(6.15832633788,166.02315234409));
#11345 = CARTESIAN_POINT('',(6.13605476594,157.00280465956));
#11346 = CARTESIAN_POINT('',(6.1211696398,151.01966006284));
#11347 = CARTESIAN_POINT('',(6.106247249608,145.06876618965));
#11348 = CARTESIAN_POINT('',(6.091287784701,139.15194618099));
#11349 = CARTESIAN_POINT('',(6.07629147286,133.27101304367));
#11350 = CARTESIAN_POINT('',(6.061258576877,127.42776657249));
#11351 = CARTESIAN_POINT('',(6.046189391131,121.62399027231));
#11352 = CARTESIAN_POINT('',(6.031084238148,115.8614482802));
#11353 = CARTESIAN_POINT('',(6.000802692199,104.42231629478));
#11354 = CARTESIAN_POINT('',(5.985626294849,98.745725236833));
#11355 = CARTESIAN_POINT('',(5.970414663494,93.113864130333));
#11356 = CARTESIAN_POINT('',(5.955168075266,87.528422017441));
#11357 = CARTESIAN_POINT('',(5.939887056199,81.991137940997));
#11358 = CARTESIAN_POINT('',(5.924572047993,76.503689143237));
#11359 = CARTESIAN_POINT('',(5.90922342106,71.067694364436));
#11360 = CARTESIAN_POINT('',(5.893841816152,65.684825259122));
#11361 = CARTESIAN_POINT('',(5.863013658976,55.028512918853));
#11362 = CARTESIAN_POINT('',(5.847567109342,49.755070885278));
#11363 = CARTESIAN_POINT('',(5.832088669941,44.537954416264));
#11364 = CARTESIAN_POINT('',(5.81657882642,39.378711376798));
#11365 = CARTESIAN_POINT('',(5.801038418758,34.27895414378));
#11366 = CARTESIAN_POINT('',(5.785467987752,29.240164162789));
#11367 = CARTESIAN_POINT('',(5.769868026197,24.263768003651));
#11368 = CARTESIAN_POINT('',(5.754239739848,19.351362766705));
#11369 = CARTESIAN_POINT('',(5.738583520135,14.50425152891));
#11370 = ( GEOMETRIC_REPRESENTATION_CONTEXT(2) 
PARAMETRIC_REPRESENTATION_CONTEXT() REPRESENTATION_CONTEXT('2D SPACE',''
  ) );
#11371 = ORIENTED_EDGE('',*,*,#11372,.T.);
#11372 = EDGE_CURVE('',#11220,#11156,#11373,.T.);
#11373 = SURFACE_CURVE('',#11374,(#11385,#11399),.PCURVE_S1.);
#11374 = B_SPLINE_CURVE_WITH_KNOTS('',9,(#11375,#11376,#11377,#11378,
    #11379,#11380,#11381,#11382,#11383,#11384),.UNSPECIFIED.,.F.,.F.,(10
    ,10),(0.,1.),.PIECEWISE_BEZIER_KNOTS.);
#11375 = CARTESIAN_POINT('',(14.50425152891,-265.7850233318,
    -438.8047465706));
#11376 = CARTESIAN_POINT('',(14.484122756968,-265.8113801687,
    -438.7838794175));
#11377 = CARTESIAN_POINT('',(14.462170611553,-265.8360430689,
    -438.7635910957));
#11378 = CARTESIAN_POINT('',(14.435814559551,-265.8560800875,
    -438.7450311899));
#11379 = CARTESIAN_POINT('',(14.407862864927,-265.8842540282,
    -438.7211483184));
#11380 = CARTESIAN_POINT('',(14.384318128961,-265.8905309933,
    -438.7116059611));
#11381 = CARTESIAN_POINT('',(14.339507014912,-265.9132277657,
    -438.6869379574));
#11382 = CARTESIAN_POINT('',(14.334805292863,-265.9488438909,
    -438.6641992922));
#11383 = CARTESIAN_POINT('',(14.328823426079,-265.9805169084,
    -438.6435368048));
#11384 = CARTESIAN_POINT('',(14.328823425984,-266.013944395,
    -438.6232638775));
#11385 = PCURVE('',#11167,#11386);
#11386 = DEFINITIONAL_REPRESENTATION('',(#11387),#11398);
#11387 = B_SPLINE_CURVE_WITH_KNOTS('',9,(#11388,#11389,#11390,#11391,
    #11392,#11393,#11394,#11395,#11396,#11397),.UNSPECIFIED.,.F.,.F.,(10
    ,10),(0.,1.),.PIECEWISE_BEZIER_KNOTS.);
#11388 = CARTESIAN_POINT('',(5.738583520135,14.50425152891));
#11389 = CARTESIAN_POINT('',(5.738518503993,14.484122757145));
#11390 = CARTESIAN_POINT('',(5.738456637744,14.462435066354));
#11391 = CARTESIAN_POINT('',(5.738405643539,14.43481051154));
#11392 = CARTESIAN_POINT('',(5.73833220077,14.409674937202));
#11393 = CARTESIAN_POINT('',(5.738314856967,14.382412104305));
#11394 = CARTESIAN_POINT('',(5.73825011099,14.340673048941));
#11395 = CARTESIAN_POINT('',(5.738168583033,14.334469055062));
#11396 = CARTESIAN_POINT('',(5.738094750836,14.328823425984));
#11397 = CARTESIAN_POINT('',(5.738018540818,14.328823425984));
#11398 = ( GEOMETRIC_REPRESENTATION_CONTEXT(2) 
PARAMETRIC_REPRESENTATION_CONTEXT() REPRESENTATION_CONTEXT('2D SPACE',''
  ) );
#11399 = PCURVE('',#11321,#11400);
#11400 = DEFINITIONAL_REPRESENTATION('',(#11401),#11412);
#11401 = B_SPLINE_CURVE_WITH_KNOTS('',9,(#11402,#11403,#11404,#11405,
    #11406,#11407,#11408,#11409,#11410,#11411),.UNSPECIFIED.,.F.,.F.,(10
    ,10),(0.,1.),.PIECEWISE_BEZIER_KNOTS.);
#11402 = CARTESIAN_POINT('',(5.738583520135,14.50425152891));
#11403 = CARTESIAN_POINT('',(5.738518503993,14.484122757145));
#11404 = CARTESIAN_POINT('',(5.738456637744,14.462435066354));
#11405 = CARTESIAN_POINT('',(5.738405643539,14.43481051154));
#11406 = CARTESIAN_POINT('',(5.73833220077,14.409674937202));
#11407 = CARTESIAN_POINT('',(5.738314856967,14.382412104305));
#11408 = CARTESIAN_POINT('',(5.73825011099,14.340673048941));
#11409 = CARTESIAN_POINT('',(5.738168583033,14.334469055062));
#11410 = CARTESIAN_POINT('',(5.738094750836,14.328823425984));
#11411 = CARTESIAN_POINT('',(5.738018540818,14.328823425984));
#11412 = ( GEOMETRIC_REPRESENTATION_CONTEXT(2) 
PARAMETRIC_REPRESENTATION_CONTEXT() REPRESENTATION_CONTEXT('2D SPACE',''
  ) );
#11413 = ADVANCED_FACE('',(#11414),#11179,.T.);
#11414 = FACE_BOUND('',#11415,.F.);
#11415 = EDGE_LOOP('',(#11416,#11452,#11453,#11480));
#11416 = ORIENTED_EDGE('',*,*,#11417,.F.);
#11417 = EDGE_CURVE('',#11156,#11418,#11420,.T.);
#11418 = VERTEX_POINT('',#11419);
#11419 = CARTESIAN_POINT('',(6.661338147751E-16,-256.876050684,
    -423.5560358282));
#11420 = SURFACE_CURVE('',#11421,(#11431,#11441),.PCURVE_S1.);
#11421 = B_SPLINE_CURVE_WITH_KNOTS('',8,(#11422,#11423,#11424,#11425,
    #11426,#11427,#11428,#11429,#11430),.UNSPECIFIED.,.F.,.F.,(9,9),(0.,
    1.),.PIECEWISE_BEZIER_KNOTS.);
#11422 = CARTESIAN_POINT('',(14.328823425984,-266.013944395,
    -438.6232638775));
#11423 = CARTESIAN_POINT('',(11.321246664218,-265.68902542,
    -438.0875136872));
#11424 = CARTESIAN_POINT('',(8.435888313177,-265.0598927914,
    -437.0501537565));
#11425 = CARTESIAN_POINT('',(5.806252688298,-264.1409704877,
    -435.5349673964));
#11426 = CARTESIAN_POINT('',(3.558237366506,-262.9655812406,
    -433.5968995667));
#11427 = CARTESIAN_POINT('',(1.79773565609,-261.5846264327,
    -431.319880193));
#11428 = CARTESIAN_POINT('',(0.599245874947,-260.0622454953,
    -428.8096670643));
#11429 = CARTESIAN_POINT('',(2.22044604925E-16,-258.469148001,
    -426.1828513001));
#11430 = CARTESIAN_POINT('',(6.661338147751E-16,-256.876050684,
    -423.5560358282));
#11431 = PCURVE('',#11179,#11432);
#11432 = DEFINITIONAL_REPRESENTATION('',(#11433),#11440);
#11433 = B_SPLINE_CURVE_WITH_KNOTS('',5,(#11434,#11435,#11436,#11437,
    #11438,#11439),.UNSPECIFIED.,.F.,.F.,(6,6),(0.,1.),
  .PIECEWISE_BEZIER_KNOTS.);
#11434 = CARTESIAN_POINT('',(-5.738018540818,0.20539538919));
#11435 = CARTESIAN_POINT('',(-5.738018540818,0.478475576711));
#11436 = CARTESIAN_POINT('',(-5.738018540818,0.751555765407));
#11437 = CARTESIAN_POINT('',(-5.738018540818,1.024635950577));
#11438 = CARTESIAN_POINT('',(-5.738018540818,1.297716139274));
#11439 = CARTESIAN_POINT('',(-5.738018540818,1.570796326795));
#11440 = ( GEOMETRIC_REPRESENTATION_CONTEXT(2) 
PARAMETRIC_REPRESENTATION_CONTEXT() REPRESENTATION_CONTEXT('2D SPACE',''
  ) );
#11441 = PCURVE('',#11442,#11447);
#11442 = TOROIDAL_SURFACE('',#11443,495.3635239918,18.);
#11443 = AXIS2_PLACEMENT_3D('',#11444,#11445,#11446);
#11444 = CARTESIAN_POINT('',(18.,0.,-3.996802888651E-15));
#11445 = DIRECTION('',(-1.,0.,2.22044604925E-16));
#11446 = DIRECTION('',(1.933886501647E-16,-0.491380417772,0.870945052819
    ));
#11447 = DEFINITIONAL_REPRESENTATION('',(#11448),#11451);
#11448 = B_SPLINE_CURVE_WITH_KNOTS('',1,(#11449,#11450),.UNSPECIFIED.,
  .F.,.F.,(2,2),(0.,1.),.PIECEWISE_BEZIER_KNOTS.);
#11449 = CARTESIAN_POINT('',(-2.08275187626,0.20539538919));
#11450 = CARTESIAN_POINT('',(-2.08275187626,1.570796326795));
#11451 = ( GEOMETRIC_REPRESENTATION_CONTEXT(2) 
PARAMETRIC_REPRESENTATION_CONTEXT() REPRESENTATION_CONTEXT('2D SPACE',''
  ) );
#11452 = ORIENTED_EDGE('',*,*,#11155,.T.);
#11453 = ORIENTED_EDGE('',*,*,#11454,.T.);
#11454 = EDGE_CURVE('',#11158,#11455,#11457,.T.);
#11455 = VERTEX_POINT('',#11456);
#11456 = CARTESIAN_POINT('',(-1.101341240428E-13,-6.066453540709E-14,
    -495.3635239918));
#11457 = SURFACE_CURVE('',#11458,(#11463,#11469),.PCURVE_S1.);
#11458 = CIRCLE('',#11459,18.);
#11459 = AXIS2_PLACEMENT_3D('',#11460,#11461,#11462);
#11460 = CARTESIAN_POINT('',(18.,-6.066453540709E-14,-495.3635239918));
#11461 = DIRECTION('',(-2.719262146894E-32,1.,-1.224646799147E-16));
#11462 = DIRECTION('',(-2.22044604925E-16,-1.224646799147E-16,-1.));
#11463 = PCURVE('',#11179,#11464);
#11464 = DEFINITIONAL_REPRESENTATION('',(#11465),#11468);
#11465 = B_SPLINE_CURVE_WITH_KNOTS('',1,(#11466,#11467),.UNSPECIFIED.,
  .F.,.F.,(2,2),(0.20539538919,1.570796326795),
  .PIECEWISE_BEZIER_KNOTS.);
#11466 = CARTESIAN_POINT('',(-6.28318530718,0.20539538919));
#11467 = CARTESIAN_POINT('',(-6.28318530718,1.570796326795));
#11468 = ( GEOMETRIC_REPRESENTATION_CONTEXT(2) 
PARAMETRIC_REPRESENTATION_CONTEXT() REPRESENTATION_CONTEXT('2D SPACE',''
  ) );
#11469 = PCURVE('',#11470,#11475);
#11470 = TOROIDAL_SURFACE('',#11471,495.3635239918,18.);
#11471 = AXIS2_PLACEMENT_3D('',#11472,#11473,#11474);
#11472 = CARTESIAN_POINT('',(18.,0.,-3.996802888651E-15));
#11473 = DIRECTION('',(-1.,0.,2.22044604925E-16));
#11474 = DIRECTION('',(-2.22044604925E-16,-1.224646799147E-16,-1.));
#11475 = DEFINITIONAL_REPRESENTATION('',(#11476),#11479);
#11476 = B_SPLINE_CURVE_WITH_KNOTS('',1,(#11477,#11478),.UNSPECIFIED.,
  .F.,.F.,(2,2),(0.20539538919,1.570796326795),
  .PIECEWISE_BEZIER_KNOTS.);
#11477 = CARTESIAN_POINT('',(0.,0.20539538919));
#11478 = CARTESIAN_POINT('',(0.,1.570796326795));
#11479 = ( GEOMETRIC_REPRESENTATION_CONTEXT(2) 
PARAMETRIC_REPRESENTATION_CONTEXT() REPRESENTATION_CONTEXT('2D SPACE',''
  ) );
#11480 = ORIENTED_EDGE('',*,*,#11481,.F.);
#11481 = EDGE_CURVE('',#11418,#11455,#11482,.T.);
#11482 = SURFACE_CURVE('',#11483,(#11488,#11495),.PCURVE_S1.);
#11483 = CIRCLE('',#11484,495.3635239918);
#11484 = AXIS2_PLACEMENT_3D('',#11485,#11486,#11487);
#11485 = CARTESIAN_POINT('',(0.,0.,0.));
#11486 = DIRECTION('',(1.,0.,-2.22044604925E-16));
#11487 = DIRECTION('',(-2.22044604925E-16,-1.224646799147E-16,-1.));
#11488 = PCURVE('',#11179,#11489);
#11489 = DEFINITIONAL_REPRESENTATION('',(#11490),#11494);
#11490 = LINE('',#11491,#11492);
#11491 = CARTESIAN_POINT('',(-0.,1.570796326795));
#11492 = VECTOR('',#11493,1.);
#11493 = DIRECTION('',(-1.,0.));
#11494 = ( GEOMETRIC_REPRESENTATION_CONTEXT(2) 
PARAMETRIC_REPRESENTATION_CONTEXT() REPRESENTATION_CONTEXT('2D SPACE',''
  ) );
#11495 = PCURVE('',#11496,#11501);
#11496 = PLANE('',#11497);
#11497 = AXIS2_PLACEMENT_3D('',#11498,#11499,#11500);
#11498 = CARTESIAN_POINT('',(0.,0.,0.));
#11499 = DIRECTION('',(1.,0.,-2.22044604925E-16));
#11500 = DIRECTION('',(-2.22044604925E-16,0.,-1.));
#11501 = DEFINITIONAL_REPRESENTATION('',(#11502),#11506);
#11502 = CIRCLE('',#11503,495.3635239918);
#11503 = AXIS2_PLACEMENT_2D('',#11504,#11505);
#11504 = CARTESIAN_POINT('',(0.,0.));
#11505 = DIRECTION('',(1.,-1.224646799147E-16));
#11506 = ( GEOMETRIC_REPRESENTATION_CONTEXT(2) 
PARAMETRIC_REPRESENTATION_CONTEXT() REPRESENTATION_CONTEXT('2D SPACE',''
  ) );
#11507 = ADVANCED_FACE('',(#11508),#11321,.T.);
#11508 = FACE_BOUND('',#11509,.T.);
#11509 = EDGE_LOOP('',(#11510,#11511,#11534,#11649,#11694,#11723,#11773,
    #11823,#11824,#11944,#11988,#12010));
#11510 = ORIENTED_EDGE('',*,*,#11219,.F.);
#11511 = ORIENTED_EDGE('',*,*,#11512,.T.);
#11512 = EDGE_CURVE('',#11192,#11513,#11515,.T.);
#11513 = VERTEX_POINT('',#11514);
#11514 = CARTESIAN_POINT('',(915.51192986445,-1.716297549501E-13,
    -700.731652055));
#11515 = SEAM_CURVE('',#11516,(#11520,#11527),.PCURVE_S1.);
#11516 = LINE('',#11517,#11518);
#11517 = CARTESIAN_POINT('',(-1.132427485118E-13,-1.24913973513E-13,
    -510.));
#11518 = VECTOR('',#11519,1.);
#11519 = DIRECTION('',(0.978980419738,-4.995438489415E-17,
    -0.203954254112));
#11520 = PCURVE('',#11321,#11521);
#11521 = DEFINITIONAL_REPRESENTATION('',(#11522),#11526);
#11522 = LINE('',#11523,#11524);
#11523 = CARTESIAN_POINT('',(0.,-0.));
#11524 = VECTOR('',#11525,1.);
#11525 = DIRECTION('',(0.,1.));
#11526 = ( GEOMETRIC_REPRESENTATION_CONTEXT(2) 
PARAMETRIC_REPRESENTATION_CONTEXT() REPRESENTATION_CONTEXT('2D SPACE',''
  ) );
#11527 = PCURVE('',#11321,#11528);
#11528 = DEFINITIONAL_REPRESENTATION('',(#11529),#11533);
#11529 = LINE('',#11530,#11531);
#11530 = CARTESIAN_POINT('',(6.28318530718,-0.));
#11531 = VECTOR('',#11532,1.);
#11532 = DIRECTION('',(0.,1.));
#11533 = ( GEOMETRIC_REPRESENTATION_CONTEXT(2) 
PARAMETRIC_REPRESENTATION_CONTEXT() REPRESENTATION_CONTEXT('2D SPACE',''
  ) );
#11534 = ORIENTED_EDGE('',*,*,#11535,.F.);
#11535 = EDGE_CURVE('',#11536,#11513,#11538,.T.);
#11536 = VERTEX_POINT('',#11537);
#11537 = CARTESIAN_POINT('',(1.058119225954E+03,117.16449644701,
    720.98354603708));
#11538 = SURFACE_CURVE('',#11539,(#11578,#11611),.PCURVE_S1.);
#11539 = B_SPLINE_CURVE_WITH_KNOTS('',10,(#11540,#11541,#11542,#11543,
    #11544,#11545,#11546,#11547,#11548,#11549,#11550,#11551,#11552,
    #11553,#11554,#11555,#11556,#11557,#11558,#11559,#11560,#11561,
    #11562,#11563,#11564,#11565,#11566,#11567,#11568,#11569,#11570,
    #11571,#11572,#11573,#11574,#11575,#11576,#11577),.UNSPECIFIED.,.F.,
  .F.,(11,9,9,9,11),(-94.45238762923,-14.40317648428,0.,
    1.32574052869E+03,2.651481057379E+03),.UNSPECIFIED.);
#11540 = CARTESIAN_POINT('',(1.157040349467E+03,198.3340809687,
    726.97897087848));
#11541 = CARTESIAN_POINT('',(1.149319449093E+03,191.9989120786,
    726.52739706766));
#11542 = CARTESIAN_POINT('',(1.141602296592E+03,185.66681840064,
    726.07604245946));
#11543 = CARTESIAN_POINT('',(1.133888891963E+03,179.33779993481,
    725.62490705388));
#11544 = CARTESIAN_POINT('',(1.126179235207E+03,173.01185668113,
    725.17399085092));
#11545 = CARTESIAN_POINT('',(1.118473326324E+03,166.68898863958,
    724.72329385058));
#11546 = CARTESIAN_POINT('',(1.110771165314E+03,160.36919581017,
    724.27281605286));
#11547 = CARTESIAN_POINT('',(1.103072752176E+03,154.0524781929,
    723.82255745777));
#11548 = CARTESIAN_POINT('',(1.095378086911E+03,147.73883578776,
    723.3725180653));
#11549 = CARTESIAN_POINT('',(1.087687169519E+03,141.42826859477,
    722.92269787544));
#11550 = CARTESIAN_POINT('',(1.078616855086E+03,133.98587573389,
    722.3922006211));
#11551 = CARTESIAN_POINT('',(1.0772339138E+03,132.85111879143,
    722.30945734646));
#11552 = CARTESIAN_POINT('',(1.075851180394E+03,131.71650925316,
    722.22486734929));
#11553 = CARTESIAN_POINT('',(1.074468659119E+03,130.58205058514,
    722.1384309118));
#11554 = CARTESIAN_POINT('',(1.073086354231E+03,129.44774625444,
    722.05014832142));
#11555 = CARTESIAN_POINT('',(1.071704269975E+03,128.31359972672,
    721.96001985817));
#11556 = CARTESIAN_POINT('',(1.070322410611E+03,127.17961446919,
    721.86804581024));
#11557 = CARTESIAN_POINT('',(1.068940780385E+03,126.04579394772,
    721.7742264588));
#11558 = CARTESIAN_POINT('',(1.067559383553E+03,124.91214162908,
    721.67856208966));
#11559 = CARTESIAN_POINT('',(939.04941261121,19.44742285697,
    712.60582656337));
#11560 = CARTESIAN_POINT('',(813.93424911745,-83.42917633409,
    688.00181624));
#11561 = CARTESIAN_POINT('',(694.2952682138,-182.0263726027,
    648.017874204));
#11562 = CARTESIAN_POINT('',(583.45940934798,-273.6063071388,
    593.4466479657));
#11563 = CARTESIAN_POINT('',(484.49791787044,-355.6046992996,
    525.5683622224));
#11564 = CARTESIAN_POINT('',(400.08974674909,-425.743531106,
    446.15032291252));
#11565 = CARTESIAN_POINT('',(332.42015069462,-482.1022106356,
    357.34163958253));
#11566 = CARTESIAN_POINT('',(283.0778266334,-523.2530381562,
    261.69687364637));
#11567 = CARTESIAN_POINT('',(252.98233888358,-548.364825905,
    161.94147870009));
#11568 = CARTESIAN_POINT('',(231.83433262113,-566.0129798064,
    -40.24146583378));
#11569 = CARTESIAN_POINT('',(240.78171294292,-558.5494447468,
    -142.6693669409));
#11570 = CARTESIAN_POINT('',(269.52430072994,-534.5504157185,
    -243.6558793349));
#11571 = CARTESIAN_POINT('',(317.68193740537,-494.3589543709,
    -340.3937086231));
#11572 = CARTESIAN_POINT('',(384.24346312784,-438.8972406816,
    -430.1094276134));
#11573 = CARTESIAN_POINT('',(467.47214010262,-369.7320991518,
    -510.3149286603));
#11574 = CARTESIAN_POINT('',(565.12375762172,-288.8137776625,
    -578.9205055218));
#11575 = CARTESIAN_POINT('',(674.44497532907,-198.4781385471,
    -634.2389856637));
#11576 = CARTESIAN_POINT('',(792.34767046923,-101.2964632622,
    -675.0724313477));
#11577 = CARTESIAN_POINT('',(915.51192986445,-1.716297549501E-13,
    -700.731652055));
#11578 = PCURVE('',#11321,#11579);
#11579 = DEFINITIONAL_REPRESENTATION('',(#11580),#11610);
#11580 = B_SPLINE_CURVE_WITH_KNOTS('',10,(#11581,#11582,#11583,#11584,
    #11585,#11586,#11587,#11588,#11589,#11590,#11591,#11592,#11593,
    #11594,#11595,#11596,#11597,#11598,#11599,#11600,#11601,#11602,
    #11603,#11604,#11605,#11606,#11607,#11608,#11609),.UNSPECIFIED.,.F.,
  .F.,(11,9,9,11),(-14.40317648428,0.,1.32574052869E+03,
    2.651481057379E+03),.UNSPECIFIED.);
#11581 = CARTESIAN_POINT('',(2.956703282424,1.08E+03));
#11582 = CARTESIAN_POINT('',(2.958200815094,1.078616855086E+03));
#11583 = CARTESIAN_POINT('',(2.959698997991,1.0772339138E+03));
#11584 = CARTESIAN_POINT('',(2.961197831835,1.075851180395E+03));
#11585 = CARTESIAN_POINT('',(2.962697317336,1.074468659119E+03));
#11586 = CARTESIAN_POINT('',(2.964197455224,1.073086354231E+03));
#11587 = CARTESIAN_POINT('',(2.965698246202,1.071704269975E+03));
#11588 = CARTESIAN_POINT('',(2.967199691001,1.070322410611E+03));
#11589 = CARTESIAN_POINT('',(2.968701790329,1.068940780385E+03));
#11590 = CARTESIAN_POINT('',(2.970204544909,1.067559383553E+03));
#11591 = CARTESIAN_POINT('',(3.110089394911,939.0494126112));
#11592 = CARTESIAN_POINT('',(3.254027874221,813.93424911749));
#11593 = CARTESIAN_POINT('',(3.403916358692,694.29526821371));
#11594 = CARTESIAN_POINT('',(3.560034136567,583.45940934813));
#11595 = CARTESIAN_POINT('',(3.722451386754,484.49791787027));
#11596 = CARTESIAN_POINT('',(3.89088503221,400.08974674923));
#11597 = CARTESIAN_POINT('',(4.064638499576,332.42015069454));
#11598 = CARTESIAN_POINT('',(4.242402808806,283.07782663343));
#11599 = CARTESIAN_POINT('',(4.422609110415,252.98233888357));
#11600 = CARTESIAN_POINT('',(4.784613146854,231.83433262113));
#11601 = CARTESIAN_POINT('',(4.966411468564,240.78171294291));
#11602 = CARTESIAN_POINT('',(5.147354772812,269.52430072995));
#11603 = CARTESIAN_POINT('',(5.325746815711,317.68193740535));
#11604 = CARTESIAN_POINT('',(5.499939006242,384.24346312788));
#11605 = CARTESIAN_POINT('',(5.668751217536,467.47214010257));
#11606 = CARTESIAN_POINT('',(5.831579678952,565.12375762176));
#11607 = CARTESIAN_POINT('',(5.98817795123,674.44497532905));
#11608 = CARTESIAN_POINT('',(6.138627168604,792.34767046924));
#11609 = CARTESIAN_POINT('',(6.28318530718,915.51192986445));
#11610 = ( GEOMETRIC_REPRESENTATION_CONTEXT(2) 
PARAMETRIC_REPRESENTATION_CONTEXT() REPRESENTATION_CONTEXT('2D SPACE',''
  ) );
#11611 = PCURVE('',#11612,#11617);
#11612 = CONICAL_SURFACE('',#11613,510.,0.20539538919);
#11613 = AXIS2_PLACEMENT_3D('',#11614,#11615,#11616);
#11614 = CARTESIAN_POINT('',(0.,0.,0.));
#11615 = DIRECTION('',(1.,0.,-2.22044604925E-16));
#11616 = DIRECTION('',(-2.22044604925E-16,0.,-1.));
#11617 = DEFINITIONAL_REPRESENTATION('',(#11618),#11648);
#11618 = B_SPLINE_CURVE_WITH_KNOTS('',10,(#11619,#11620,#11621,#11622,
    #11623,#11624,#11625,#11626,#11627,#11628,#11629,#11630,#11631,
    #11632,#11633,#11634,#11635,#11636,#11637,#11638,#11639,#11640,
    #11641,#11642,#11643,#11644,#11645,#11646,#11647),.UNSPECIFIED.,.F.,
  .F.,(11,9,9,11),(-14.40317648428,0.,1.32574052869E+03,
    2.651481057379E+03),.UNSPECIFIED.);
#11619 = CARTESIAN_POINT('',(2.956703282424,1.08E+03));
#11620 = CARTESIAN_POINT('',(2.958200815094,1.078616855086E+03));
#11621 = CARTESIAN_POINT('',(2.959698997991,1.0772339138E+03));
#11622 = CARTESIAN_POINT('',(2.961197831835,1.075851180395E+03));
#11623 = CARTESIAN_POINT('',(2.962697317336,1.074468659119E+03));
#11624 = CARTESIAN_POINT('',(2.964197455224,1.073086354231E+03));
#11625 = CARTESIAN_POINT('',(2.965698246202,1.071704269975E+03));
#11626 = CARTESIAN_POINT('',(2.967199691001,1.070322410611E+03));
#11627 = CARTESIAN_POINT('',(2.968701790329,1.068940780385E+03));
#11628 = CARTESIAN_POINT('',(2.970204544909,1.067559383553E+03));
#11629 = CARTESIAN_POINT('',(3.110089394911,939.0494126112));
#11630 = CARTESIAN_POINT('',(3.254027874221,813.93424911749));
#11631 = CARTESIAN_POINT('',(3.403916358692,694.29526821371));
#11632 = CARTESIAN_POINT('',(3.560034136567,583.45940934813));
#11633 = CARTESIAN_POINT('',(3.722451386754,484.49791787027));
#11634 = CARTESIAN_POINT('',(3.89088503221,400.08974674923));
#11635 = CARTESIAN_POINT('',(4.064638499576,332.42015069454));
#11636 = CARTESIAN_POINT('',(4.242402808806,283.07782663343));
#11637 = CARTESIAN_POINT('',(4.422609110415,252.98233888357));
#11638 = CARTESIAN_POINT('',(4.784613146854,231.83433262113));
#11639 = CARTESIAN_POINT('',(4.966411468564,240.78171294291));
#11640 = CARTESIAN_POINT('',(5.147354772812,269.52430072995));
#11641 = CARTESIAN_POINT('',(5.325746815711,317.68193740535));
#11642 = CARTESIAN_POINT('',(5.499939006242,384.24346312788));
#11643 = CARTESIAN_POINT('',(5.668751217536,467.47214010257));
#11644 = CARTESIAN_POINT('',(5.831579678952,565.12375762176));
#11645 = CARTESIAN_POINT('',(5.98817795123,674.44497532905));
#11646 = CARTESIAN_POINT('',(6.138627168604,792.34767046924));
#11647 = CARTESIAN_POINT('',(6.28318530718,915.51192986445));
#11648 = ( GEOMETRIC_REPRESENTATION_CONTEXT(2) 
PARAMETRIC_REPRESENTATION_CONTEXT() REPRESENTATION_CONTEXT('2D SPACE',''
  ) );
#11649 = ORIENTED_EDGE('',*,*,#11650,.F.);
#11650 = EDGE_CURVE('',#11651,#11536,#11653,.T.);
#11651 = VERTEX_POINT('',#11652);
#11652 = CARTESIAN_POINT('',(1.058328823426E+03,117.33586534642,
    720.99991716613));
#11653 = SURFACE_CURVE('',#11654,(#11666,#11680),.PCURVE_S1.);
#11654 = B_SPLINE_CURVE_WITH_KNOTS('',10,(#11655,#11656,#11657,#11658,
    #11659,#11660,#11661,#11662,#11663,#11664,#11665),.UNSPECIFIED.,.F.,
  .F.,(11,11),(0.,1.),.PIECEWISE_BEZIER_KNOTS.);
#11655 = CARTESIAN_POINT('',(1.058328823426E+03,117.33586534642,
    720.99991716613));
#11656 = CARTESIAN_POINT('',(1.058328823427E+03,117.30789751149,
    721.00446866491));
#11657 = CARTESIAN_POINT('',(1.05832155129E+03,117.2799409871,
    721.00748228326));
#11658 = CARTESIAN_POINT('',(1.058287088193E+03,117.24989736163,
    721.00509367712));
#11659 = CARTESIAN_POINT('',(1.058259125287E+03,117.26839431419,
    720.99618242211));
#11660 = CARTESIAN_POINT('',(1.058247029233E+03,117.22301684558,
    721.00101082164));
#11661 = CARTESIAN_POINT('',(1.058206858501E+03,117.235405411,
    720.99051501453));
#11662 = CARTESIAN_POINT('',(1.058191309377E+03,117.21036950566,
    720.99130520551));
#11663 = CARTESIAN_POINT('',(1.05816348291E+03,117.19915300684,
    720.98725466163));
#11664 = CARTESIAN_POINT('',(1.058141124822E+03,117.18247022657,
    720.98524729371));
#11665 = CARTESIAN_POINT('',(1.058119225954E+03,117.16449644701,
    720.98354603708));
#11666 = PCURVE('',#11321,#11667);
#11667 = DEFINITIONAL_REPRESENTATION('',(#11668),#11679);
#11668 = B_SPLINE_CURVE_WITH_KNOTS('',9,(#11669,#11670,#11671,#11672,
    #11673,#11674,#11675,#11676,#11677,#11678),.UNSPECIFIED.,.F.,.F.,(10
    ,10),(0.,1.),.PIECEWISE_BEZIER_KNOTS.);
#11669 = CARTESIAN_POINT('',(2.980266474581,1.058328823426E+03));
#11670 = CARTESIAN_POINT('',(2.980309574964,1.058328823426E+03));
#11671 = CARTESIAN_POINT('',(2.980354313491,1.058320400097E+03));
#11672 = CARTESIAN_POINT('',(2.980384852599,1.058269437251E+03));
#11673 = CARTESIAN_POINT('',(2.980368530086,1.05826050476E+03));
#11674 = CARTESIAN_POINT('',(2.98042187914,1.058221161915E+03));
#11675 = CARTESIAN_POINT('',(2.980415925559,1.058197556314E+03));
#11676 = CARTESIAN_POINT('',(2.980446129035,1.05816911085E+03));
#11677 = CARTESIAN_POINT('',(2.980467866338,1.058143558034E+03));
#11678 = CARTESIAN_POINT('',(2.980494438028,1.058119225954E+03));
#11679 = ( GEOMETRIC_REPRESENTATION_CONTEXT(2) 
PARAMETRIC_REPRESENTATION_CONTEXT() REPRESENTATION_CONTEXT('2D SPACE',''
  ) );
#11680 = PCURVE('',#11612,#11681);
#11681 = DEFINITIONAL_REPRESENTATION('',(#11682),#11693);
#11682 = B_SPLINE_CURVE_WITH_KNOTS('',9,(#11683,#11684,#11685,#11686,
    #11687,#11688,#11689,#11690,#11691,#11692),.UNSPECIFIED.,.F.,.F.,(10
    ,10),(0.,1.),.PIECEWISE_BEZIER_KNOTS.);
#11683 = CARTESIAN_POINT('',(2.980266474581,1.058328823426E+03));
#11684 = CARTESIAN_POINT('',(2.980309574964,1.058328823426E+03));
#11685 = CARTESIAN_POINT('',(2.980354313491,1.058320400097E+03));
#11686 = CARTESIAN_POINT('',(2.980384852599,1.058269437251E+03));
#11687 = CARTESIAN_POINT('',(2.980368530086,1.05826050476E+03));
#11688 = CARTESIAN_POINT('',(2.98042187914,1.058221161915E+03));
#11689 = CARTESIAN_POINT('',(2.980415925559,1.058197556314E+03));
#11690 = CARTESIAN_POINT('',(2.980446129035,1.05816911085E+03));
#11691 = CARTESIAN_POINT('',(2.980467866338,1.058143558034E+03));
#11692 = CARTESIAN_POINT('',(2.980494438028,1.058119225954E+03));
#11693 = ( GEOMETRIC_REPRESENTATION_CONTEXT(2) 
PARAMETRIC_REPRESENTATION_CONTEXT() REPRESENTATION_CONTEXT('2D SPACE',''
  ) );
#11694 = ORIENTED_EDGE('',*,*,#11695,.F.);
#11695 = EDGE_CURVE('',#11696,#11651,#11698,.T.);
#11696 = VERTEX_POINT('',#11697);
#11697 = CARTESIAN_POINT('',(1.058328823426E+03,117.33586534642,
    -720.9999171661));
#11698 = SURFACE_CURVE('',#11699,(#11704,#11711),.PCURVE_S1.);
#11699 = CIRCLE('',#11700,730.48517154708);
#11700 = AXIS2_PLACEMENT_3D('',#11701,#11702,#11703);
#11701 = CARTESIAN_POINT('',(1.058328823426E+03,0.,-2.349962054784E-13)
  );
#11702 = DIRECTION('',(1.,0.,-2.22044604925E-16));
#11703 = DIRECTION('',(-2.22044604925E-16,-1.224646799147E-16,-1.));
#11704 = PCURVE('',#11321,#11705);
#11705 = DEFINITIONAL_REPRESENTATION('',(#11706),#11710);
#11706 = LINE('',#11707,#11708);
#11707 = CARTESIAN_POINT('',(0.,1.058328823426E+03));
#11708 = VECTOR('',#11709,1.);
#11709 = DIRECTION('',(1.,0.));
#11710 = ( GEOMETRIC_REPRESENTATION_CONTEXT(2) 
PARAMETRIC_REPRESENTATION_CONTEXT() REPRESENTATION_CONTEXT('2D SPACE',''
  ) );
#11711 = PCURVE('',#11712,#11717);
#11712 = TOROIDAL_SURFACE('',#11713,712.8635239918,18.);
#11713 = AXIS2_PLACEMENT_3D('',#11714,#11715,#11716);
#11714 = CARTESIAN_POINT('',(1.062E+03,0.,-2.358113704304E-13));
#11715 = DIRECTION('',(1.,0.,-2.22044604925E-16));
#11716 = DIRECTION('',(-2.22044604925E-16,-1.224646799147E-16,-1.));
#11717 = DEFINITIONAL_REPRESENTATION('',(#11718),#11722);
#11718 = LINE('',#11719,#11720);
#11719 = CARTESIAN_POINT('',(0.,6.07778991799));
#11720 = VECTOR('',#11721,1.);
#11721 = DIRECTION('',(1.,0.));
#11722 = ( GEOMETRIC_REPRESENTATION_CONTEXT(2) 
PARAMETRIC_REPRESENTATION_CONTEXT() REPRESENTATION_CONTEXT('2D SPACE',''
  ) );
#11723 = ORIENTED_EDGE('',*,*,#11724,.T.);
#11724 = EDGE_CURVE('',#11696,#11725,#11727,.T.);
#11725 = VERTEX_POINT('',#11726);
#11726 = CARTESIAN_POINT('',(1.058119225215E+03,117.1644957881,
    -720.983545939));
#11727 = SURFACE_CURVE('',#11728,(#11740,#11754),.PCURVE_S1.);
#11728 = B_SPLINE_CURVE_WITH_KNOTS('',10,(#11729,#11730,#11731,#11732,
    #11733,#11734,#11735,#11736,#11737,#11738,#11739),.UNSPECIFIED.,.F.,
  .F.,(11,11),(0.,1.),.PIECEWISE_BEZIER_KNOTS.);
#11729 = CARTESIAN_POINT('',(1.058328823426E+03,117.33586534642,
    -720.9999171661));
#11730 = CARTESIAN_POINT('',(1.058328823426E+03,117.30789741345,
    -721.0044686806));
#11731 = CARTESIAN_POINT('',(1.058321551261E+03,117.27994080409,
    -721.0074822969));
#11732 = CARTESIAN_POINT('',(1.058287088101E+03,117.24989706042,
    -721.0050936919));
#11733 = CARTESIAN_POINT('',(1.058259125028E+03,117.26839400828,
    -720.9961823973));
#11734 = CARTESIAN_POINT('',(1.058247028984E+03,117.2230164484,
    -721.0010108087));
#11735 = CARTESIAN_POINT('',(1.05820685808E+03,117.23540497096,
    -720.9905149677));
#11736 = CARTESIAN_POINT('',(1.058191308909E+03,117.21036900919,
    -720.9913051528));
#11737 = CARTESIAN_POINT('',(1.05816348234E+03,117.19915245334,
    -720.9872545916));
#11738 = CARTESIAN_POINT('',(1.058141124168E+03,117.18246962777,
    -720.9852472036));
#11739 = CARTESIAN_POINT('',(1.058119225215E+03,117.1644957881,
    -720.983545939));
#11740 = PCURVE('',#11321,#11741);
#11741 = DEFINITIONAL_REPRESENTATION('',(#11742),#11753);
#11742 = B_SPLINE_CURVE_WITH_KNOTS('',9,(#11743,#11744,#11745,#11746,
    #11747,#11748,#11749,#11750,#11751,#11752),.UNSPECIFIED.,.F.,.F.,(10
    ,10),(0.,1.),.PIECEWISE_BEZIER_KNOTS.);
#11743 = CARTESIAN_POINT('',(0.161326179008,1.058328823426E+03));
#11744 = CARTESIAN_POINT('',(0.161283078475,1.058328823426E+03));
#11745 = CARTESIAN_POINT('',(0.161238339765,1.058320399991E+03));
#11746 = CARTESIAN_POINT('',(0.161207800755,1.058269437536E+03));
#11747 = CARTESIAN_POINT('',(0.16122412235,1.058260503653E+03));
#11748 = CARTESIAN_POINT('',(0.161170774736,1.058221162626E+03));
#11749 = CARTESIAN_POINT('',(0.161176726602,1.058197555096E+03));
#11750 = CARTESIAN_POINT('',(0.161146524093,1.058169110643E+03));
#11751 = CARTESIAN_POINT('',(0.161124786359,1.058143557384E+03));
#11752 = CARTESIAN_POINT('',(0.161098214572,1.058119225215E+03));
#11753 = ( GEOMETRIC_REPRESENTATION_CONTEXT(2) 
PARAMETRIC_REPRESENTATION_CONTEXT() REPRESENTATION_CONTEXT('2D SPACE',''
  ) );
#11754 = PCURVE('',#11755,#11760);
#11755 = CONICAL_SURFACE('',#11756,510.,0.20539538919);
#11756 = AXIS2_PLACEMENT_3D('',#11757,#11758,#11759);
#11757 = CARTESIAN_POINT('',(0.,0.,0.));
#11758 = DIRECTION('',(1.,0.,-2.22044604925E-16));
#11759 = DIRECTION('',(-2.22044604925E-16,0.,-1.));
#11760 = DEFINITIONAL_REPRESENTATION('',(#11761),#11772);
#11761 = B_SPLINE_CURVE_WITH_KNOTS('',9,(#11762,#11763,#11764,#11765,
    #11766,#11767,#11768,#11769,#11770,#11771),.UNSPECIFIED.,.F.,.F.,(10
    ,10),(0.,1.),.PIECEWISE_BEZIER_KNOTS.);
#11762 = CARTESIAN_POINT('',(0.161326179008,1.058328823426E+03));
#11763 = CARTESIAN_POINT('',(0.161283078475,1.058328823426E+03));
#11764 = CARTESIAN_POINT('',(0.161238339765,1.058320399991E+03));
#11765 = CARTESIAN_POINT('',(0.161207800755,1.058269437536E+03));
#11766 = CARTESIAN_POINT('',(0.16122412235,1.058260503653E+03));
#11767 = CARTESIAN_POINT('',(0.161170774736,1.058221162626E+03));
#11768 = CARTESIAN_POINT('',(0.161176726602,1.058197555096E+03));
#11769 = CARTESIAN_POINT('',(0.161146524093,1.058169110643E+03));
#11770 = CARTESIAN_POINT('',(0.161124786359,1.058143557384E+03));
#11771 = CARTESIAN_POINT('',(0.161098214572,1.058119225215E+03));
#11772 = ( GEOMETRIC_REPRESENTATION_CONTEXT(2) 
PARAMETRIC_REPRESENTATION_CONTEXT() REPRESENTATION_CONTEXT('2D SPACE',''
  ) );
#11773 = ORIENTED_EDGE('',*,*,#11774,.F.);
#11774 = EDGE_CURVE('',#11513,#11725,#11775,.T.);
#11775 = SURFACE_CURVE('',#11776,(#11795,#11809),.PCURVE_S1.);
#11776 = B_SPLINE_CURVE_WITH_KNOTS('',9,(#11777,#11778,#11779,#11780,
    #11781,#11782,#11783,#11784,#11785,#11786,#11787,#11788,#11789,
    #11790,#11791,#11792,#11793,#11794),.UNSPECIFIED.,.F.,.F.,(10,8,10),
  (2.651481057379E+03,2.825122922924E+03,2.905346184997E+03),
  .UNSPECIFIED.);
#11777 = CARTESIAN_POINT('',(915.51192986445,0.,-700.731652055));
#11778 = CARTESIAN_POINT('',(933.43606048928,14.741703869804,
    -704.4658459352));
#11779 = CARTESIAN_POINT('',(951.47316687219,29.571766180021,
    -707.874674808));
#11780 = CARTESIAN_POINT('',(969.61127001227,44.480332996676,
    -710.9556926714));
#11781 = CARTESIAN_POINT('',(987.84429630702,59.462421342642,
    -713.7078415163));
#11782 = CARTESIAN_POINT('',(1.006155632034E+03,74.504394195512,
    -716.12815617));
#11783 = CARTESIAN_POINT('',(1.024539151877E+03,89.60125646813,
    -718.2162474174));
#11784 = CARTESIAN_POINT('',(1.042981356209E+03,104.7419589907,
    -719.9702418373));
#11785 = CARTESIAN_POINT('',(1.061471943783E+03,119.91809820209,
    -721.3894428429));
#11786 = CARTESIAN_POINT('',(1.088560038819E+03,142.14447714882,
    -722.9737495414));
#11787 = CARTESIAN_POINT('',(1.097120077637E+03,149.16817764645,
    -723.4744022017));
#11788 = CARTESIAN_POINT('',(1.105680116456E+03,156.19187814409,
    -723.9750548619));
#11789 = CARTESIAN_POINT('',(1.114240155275E+03,163.21557864173,
    -724.4757075222));
#11790 = CARTESIAN_POINT('',(1.122800194094E+03,170.23927913936,
    -724.9763601824));
#11791 = CARTESIAN_POINT('',(1.131360232912E+03,177.262979637,
    -725.4770128427));
#11792 = CARTESIAN_POINT('',(1.139920271731E+03,184.28668013464,
    -725.9776655029));
#11793 = CARTESIAN_POINT('',(1.14848031055E+03,191.31038063228,
    -726.4783181632));
#11794 = CARTESIAN_POINT('',(1.157040349369E+03,198.33408112991,
    -726.9789708234));
#11795 = PCURVE('',#11321,#11796);
#11796 = DEFINITIONAL_REPRESENTATION('',(#11797),#11808);
#11797 = B_SPLINE_CURVE_WITH_KNOTS('',9,(#11798,#11799,#11800,#11801,
    #11802,#11803,#11804,#11805,#11806,#11807),.UNSPECIFIED.,.F.,.F.,(10
    ,10),(2.651481057379E+03,2.802311751649E+03),
  .PIECEWISE_BEZIER_KNOTS.);
#11798 = CARTESIAN_POINT('',(2.775557561563E-17,915.51192986445));
#11799 = CARTESIAN_POINT('',(1.827389961546E-02,931.08138402713));
#11800 = CARTESIAN_POINT('',(3.645261312924E-02,946.73608094815));
#11801 = CARTESIAN_POINT('',(5.453568433843E-02,962.46816728338));
#11802 = CARTESIAN_POINT('',(7.252668768032E-02,978.27316146402));
#11803 = CARTESIAN_POINT('',(9.042369798144E-02,994.14178939498));
#11804 = CARTESIAN_POINT('',(0.108228710702,1.010068003221E+03));
#11805 = CARTESIAN_POINT('',(0.125942291168,1.02604448446E+03));
#11806 = CARTESIAN_POINT('',(0.143565152728,1.042063947435E+03));
#11807 = CARTESIAN_POINT('',(0.161098214572,1.058119225215E+03));
#11808 = ( GEOMETRIC_REPRESENTATION_CONTEXT(2) 
PARAMETRIC_REPRESENTATION_CONTEXT() REPRESENTATION_CONTEXT('2D SPACE',''
  ) );
#11809 = PCURVE('',#11755,#11810);
#11810 = DEFINITIONAL_REPRESENTATION('',(#11811),#11822);
#11811 = B_SPLINE_CURVE_WITH_KNOTS('',9,(#11812,#11813,#11814,#11815,
    #11816,#11817,#11818,#11819,#11820,#11821),.UNSPECIFIED.,.F.,.F.,(10
    ,10),(2.651481057379E+03,2.802311751649E+03),
  .PIECEWISE_BEZIER_KNOTS.);
#11812 = CARTESIAN_POINT('',(2.775557561563E-17,915.51192986445));
#11813 = CARTESIAN_POINT('',(1.827389961546E-02,931.08138402713));
#11814 = CARTESIAN_POINT('',(3.645261312924E-02,946.73608094815));
#11815 = CARTESIAN_POINT('',(5.453568433843E-02,962.46816728338));
#11816 = CARTESIAN_POINT('',(7.252668768032E-02,978.27316146402));
#11817 = CARTESIAN_POINT('',(9.042369798144E-02,994.14178939498));
#11818 = CARTESIAN_POINT('',(0.108228710702,1.010068003221E+03));
#11819 = CARTESIAN_POINT('',(0.125942291168,1.02604448446E+03));
#11820 = CARTESIAN_POINT('',(0.143565152728,1.042063947435E+03));
#11821 = CARTESIAN_POINT('',(0.161098214572,1.058119225215E+03));
#11822 = ( GEOMETRIC_REPRESENTATION_CONTEXT(2) 
PARAMETRIC_REPRESENTATION_CONTEXT() REPRESENTATION_CONTEXT('2D SPACE',''
  ) );
#11823 = ORIENTED_EDGE('',*,*,#11512,.F.);
#11824 = ORIENTED_EDGE('',*,*,#11825,.F.);
#11825 = EDGE_CURVE('',#11826,#11192,#11828,.T.);
#11826 = VERTEX_POINT('',#11827);
#11827 = CARTESIAN_POINT('',(14.50425132431,-265.7850238164,
    438.80474590045));
#11828 = SURFACE_CURVE('',#11829,(#11872,#11908),.PCURVE_S1.);
#11829 = B_SPLINE_CURVE_WITH_KNOTS('',11,(#11830,#11831,#11832,#11833,
    #11834,#11835,#11836,#11837,#11838,#11839,#11840,#11841,#11842,
    #11843,#11844,#11845,#11846,#11847,#11848,#11849,#11850,#11851,
    #11852,#11853,#11854,#11855,#11856,#11857,#11858,#11859,#11860,
    #11861,#11862,#11863,#11864,#11865,#11866,#11867,#11868,#11869,
    #11870,#11871),.UNSPECIFIED.,.F.,.F.,(12,10,10,10,12),(
    -142.1304441136,-33.90433414425,0.,1.304267533396E+03,
    2.608535066791E+03),.UNSPECIFIED.);
#11830 = CARTESIAN_POINT('',(-54.11559301155,-355.6734629876,
    361.77509267997));
#11831 = CARTESIAN_POINT('',(-49.15245373301,-349.1716915128,
    367.39790160186));
#11832 = CARTESIAN_POINT('',(-44.19802243725,-342.681327599,
    373.01084513001));
#11833 = CARTESIAN_POINT('',(-39.25229912426,-336.2023712461,
    378.61392326441));
#11834 = CARTESIAN_POINT('',(-34.31528379403,-329.7348224543,
    384.20713600507));
#11835 = CARTESIAN_POINT('',(-29.38697644658,-323.2786812234,
    389.79048335198));
#11836 = CARTESIAN_POINT('',(-24.46737708189,-316.8339475536,
    395.36396530515));
#11837 = CARTESIAN_POINT('',(-19.55648569998,-310.4006214446,
    400.92758186458));
#11838 = CARTESIAN_POINT('',(-14.65430230083,-303.9787028967,
    406.48133303026));
#11839 = CARTESIAN_POINT('',(-9.760826884452,-297.5681919098,
    412.02521880219));
#11840 = CARTESIAN_POINT('',(-4.876059450842,-291.1690884838,
    417.55923918038));
#11841 = CARTESIAN_POINT('',(1.527538493024,-282.7802990281,
    424.81396358574));
#11842 = CARTESIAN_POINT('',(3.062196773301,-280.7699859287,
    426.53459333765));
#11843 = CARTESIAN_POINT('',(4.603956146767,-278.750479162,
    428.24525322882));
#11844 = CARTESIAN_POINT('',(6.152794854879,-276.7218085807,
    429.94590982825));
#11845 = CARTESIAN_POINT('',(7.708688072374,-274.6840080505,
    431.63652646474));
#11846 = CARTESIAN_POINT('',(9.271607910914,-272.6371154475,
    433.31706322865));
#11847 = CARTESIAN_POINT('',(10.841523414402,-270.5811726615,
    434.9874769694));
#11848 = CARTESIAN_POINT('',(12.418400563813,-268.5162255929,
    436.64772129822));
#11849 = CARTESIAN_POINT('',(14.002202273162,-266.4423241549,
    438.29774658579));
#11850 = CARTESIAN_POINT('',(15.592888392224,-264.3595222725,
    439.93749996381));
#11851 = CARTESIAN_POINT('',(78.645774155777,-181.8043047648,
    504.24937136816));
#11852 = CARTESIAN_POINT('',(150.22505857703,-88.25515626491,
    551.64921551607));
#11853 = CARTESIAN_POINT('',(229.24398060854,14.787706739822,
    580.41671108127));
#11854 = CARTESIAN_POINT('',(312.23113593591,122.73755253031,
    588.40120184616));
#11855 = CARTESIAN_POINT('',(395.44125683472,230.71807630707,
    574.95580842415));
#11856 = CARTESIAN_POINT('',(475.13373989864,333.92549397685,
    540.50122912763));
#11857 = CARTESIAN_POINT('',(547.73101752788,427.79342310375,
    486.68502071261));
#11858 = CARTESIAN_POINT('',(610.11500261146,508.36247378997,
    416.11627907918));
#11859 = CARTESIAN_POINT('',(659.78952869915,572.46868073038,
    332.26062676284));
#11860 = CARTESIAN_POINT('',(695.0469968584,617.95072065862,
    239.12449451537));
#11861 = CARTESIAN_POINT('',(734.98250099036,669.45802744515,
    42.831625887186));
#11862 = CARTESIAN_POINT('',(739.66066609081,675.48346512371,
    -60.32516528286));
#11863 = CARTESIAN_POINT('',(728.17641005707,660.6762759708,
    -164.2228952957));
#11864 = CARTESIAN_POINT('',(700.49749171022,624.99666393052,
    -264.3301713506));
#11865 = CARTESIAN_POINT('',(657.47939971386,569.52581084049,
    -356.1546084482));
#11866 = CARTESIAN_POINT('',(600.85689342364,496.4562709297,
    -435.5240172559));
#11867 = CARTESIAN_POINT('',(533.13823199221,408.96306261062,
    -498.9070571129));
#11868 = CARTESIAN_POINT('',(457.42973566727,310.98906162931,
    -543.6409783813));
#11869 = CARTESIAN_POINT('',(377.23860496449,207.01034557535,
    -568.0697628598));
#11870 = CARTESIAN_POINT('',(296.26411762297,101.79470201811,
    -571.7216911714));
#11871 = CARTESIAN_POINT('',(218.08242029425,0.,-555.4338375613));
#11872 = PCURVE('',#11321,#11873);
#11873 = DEFINITIONAL_REPRESENTATION('',(#11874),#11907);
#11874 = B_SPLINE_CURVE_WITH_KNOTS('',11,(#11875,#11876,#11877,#11878,
    #11879,#11880,#11881,#11882,#11883,#11884,#11885,#11886,#11887,
    #11888,#11889,#11890,#11891,#11892,#11893,#11894,#11895,#11896,
    #11897,#11898,#11899,#11900,#11901,#11902,#11903,#11904,#11905,
    #11906),.UNSPECIFIED.,.F.,.F.,(12,10,10,12),(-33.90433414425,0.,
    1.304267533396E+03,2.608535066791E+03),.UNSPECIFIED.);
#11875 = CARTESIAN_POINT('',(3.734042330202,3.39252037174E-14));
#11876 = CARTESIAN_POINT('',(3.728892528441,1.527538493033));
#11877 = CARTESIAN_POINT('',(3.723745682086,3.062196773265));
#11878 = CARTESIAN_POINT('',(3.718601731347,4.603956146856));
#11879 = CARTESIAN_POINT('',(3.713460626187,6.152794854731));
#11880 = CARTESIAN_POINT('',(3.708322326343,7.708688072551));
#11881 = CARTESIAN_POINT('',(3.703186801299,9.271607910757));
#11882 = CARTESIAN_POINT('',(3.698054030315,10.841523414509));
#11883 = CARTESIAN_POINT('',(3.692924002401,12.418400563759));
#11884 = CARTESIAN_POINT('',(3.687796716337,14.00220227318));
#11885 = CARTESIAN_POINT('',(3.682672180658,15.592888392222));
#11886 = CARTESIAN_POINT('',(3.480520901904,78.64577415577));
#11887 = CARTESIAN_POINT('',(3.287586500046,150.22505857707));
#11888 = CARTESIAN_POINT('',(3.100402927962,229.24398060845));
#11889 = CARTESIAN_POINT('',(2.91971387936,312.23113593607));
#11890 = CARTESIAN_POINT('',(2.745205916993,395.44125683451));
#11891 = CARTESIAN_POINT('',(2.576361603198,475.13373989885));
#11892 = CARTESIAN_POINT('',(2.412335550458,547.73101752774));
#11893 = CARTESIAN_POINT('',(2.252269776897,610.11500261153));
#11894 = CARTESIAN_POINT('',(2.095224760695,659.78952869913));
#11895 = CARTESIAN_POINT('',(1.940256556914,695.0469968584));
#11896 = CARTESIAN_POINT('',(1.632548805489,734.98250099036));
#11897 = CARTESIAN_POINT('',(1.479809321763,739.66066609077));
#11898 = CARTESIAN_POINT('',(1.327222932495,728.17641005717));
#11899 = CARTESIAN_POINT('',(1.173815204341,700.49749171001));
#11900 = CARTESIAN_POINT('',(1.018606008405,657.47939971416));
#11901 = CARTESIAN_POINT('',(0.860629838829,600.85689342332));
#11902 = CARTESIAN_POINT('',(0.698936235703,533.13823199247));
#11903 = CARTESIAN_POINT('',(0.532612669491,457.42973566712));
#11904 = CARTESIAN_POINT('',(0.360876931159,377.23860496455));
#11905 = CARTESIAN_POINT('',(0.18327061683,296.26411762295));
#11906 = CARTESIAN_POINT('',(-9.992007221626E-16,218.08242029425));
#11907 = ( GEOMETRIC_REPRESENTATION_CONTEXT(2) 
PARAMETRIC_REPRESENTATION_CONTEXT() REPRESENTATION_CONTEXT('2D SPACE',''
  ) );
#11908 = PCURVE('',#11207,#11909);
#11909 = DEFINITIONAL_REPRESENTATION('',(#11910),#11943);
#11910 = B_SPLINE_CURVE_WITH_KNOTS('',11,(#11911,#11912,#11913,#11914,
    #11915,#11916,#11917,#11918,#11919,#11920,#11921,#11922,#11923,
    #11924,#11925,#11926,#11927,#11928,#11929,#11930,#11931,#11932,
    #11933,#11934,#11935,#11936,#11937,#11938,#11939,#11940,#11941,
    #11942),.UNSPECIFIED.,.F.,.F.,(12,10,10,12),(-33.90433414425,0.,
    1.304267533396E+03,2.608535066791E+03),.UNSPECIFIED.);
#11911 = CARTESIAN_POINT('',(3.734042330202,3.39252037174E-14));
#11912 = CARTESIAN_POINT('',(3.728892528441,1.527538493033));
#11913 = CARTESIAN_POINT('',(3.723745682086,3.062196773265));
#11914 = CARTESIAN_POINT('',(3.718601731347,4.603956146856));
#11915 = CARTESIAN_POINT('',(3.713460626187,6.152794854731));
#11916 = CARTESIAN_POINT('',(3.708322326343,7.708688072551));
#11917 = CARTESIAN_POINT('',(3.703186801299,9.271607910757));
#11918 = CARTESIAN_POINT('',(3.698054030315,10.841523414509));
#11919 = CARTESIAN_POINT('',(3.692924002401,12.418400563759));
#11920 = CARTESIAN_POINT('',(3.687796716337,14.00220227318));
#11921 = CARTESIAN_POINT('',(3.682672180658,15.592888392222));
#11922 = CARTESIAN_POINT('',(3.480520901904,78.64577415577));
#11923 = CARTESIAN_POINT('',(3.287586500046,150.22505857707));
#11924 = CARTESIAN_POINT('',(3.100402927962,229.24398060845));
#11925 = CARTESIAN_POINT('',(2.91971387936,312.23113593607));
#11926 = CARTESIAN_POINT('',(2.745205916993,395.44125683451));
#11927 = CARTESIAN_POINT('',(2.576361603198,475.13373989885));
#11928 = CARTESIAN_POINT('',(2.412335550458,547.73101752774));
#11929 = CARTESIAN_POINT('',(2.252269776897,610.11500261153));
#11930 = CARTESIAN_POINT('',(2.095224760695,659.78952869913));
#11931 = CARTESIAN_POINT('',(1.940256556914,695.0469968584));
#11932 = CARTESIAN_POINT('',(1.632548805489,734.98250099036));
#11933 = CARTESIAN_POINT('',(1.479809321763,739.66066609077));
#11934 = CARTESIAN_POINT('',(1.327222932495,728.17641005717));
#11935 = CARTESIAN_POINT('',(1.173815204341,700.49749171001));
#11936 = CARTESIAN_POINT('',(1.018606008405,657.47939971416));
#11937 = CARTESIAN_POINT('',(0.860629838829,600.85689342332));
#11938 = CARTESIAN_POINT('',(0.698936235703,533.13823199247));
#11939 = CARTESIAN_POINT('',(0.532612669491,457.42973566712));
#11940 = CARTESIAN_POINT('',(0.360876931159,377.23860496455));
#11941 = CARTESIAN_POINT('',(0.18327061683,296.26411762295));
#11942 = CARTESIAN_POINT('',(-9.992007221626E-16,218.08242029425));
#11943 = ( GEOMETRIC_REPRESENTATION_CONTEXT(2) 
PARAMETRIC_REPRESENTATION_CONTEXT() REPRESENTATION_CONTEXT('2D SPACE',''
  ) );
#11944 = ORIENTED_EDGE('',*,*,#11945,.T.);
#11945 = EDGE_CURVE('',#11826,#11946,#11948,.T.);
#11946 = VERTEX_POINT('',#11947);
#11947 = CARTESIAN_POINT('',(14.328823425984,-266.013944395,
    438.62326387753));
#11948 = SURFACE_CURVE('',#11949,(#11960,#11974),.PCURVE_S1.);
#11949 = B_SPLINE_CURVE_WITH_KNOTS('',9,(#11950,#11951,#11952,#11953,
    #11954,#11955,#11956,#11957,#11958,#11959),.UNSPECIFIED.,.F.,.F.,(10
    ,10),(0.,1.),.PIECEWISE_BEZIER_KNOTS.);
#11950 = CARTESIAN_POINT('',(14.50425132431,-265.7850238164,
    438.80474590045));
#11951 = CARTESIAN_POINT('',(14.484122609504,-265.8113805974,
    438.78387878865));
#11952 = CARTESIAN_POINT('',(14.462170503901,-265.8360434793,
    438.76359055697));
#11953 = CARTESIAN_POINT('',(14.435814534875,-265.8560804717,
    438.74503072296));
#11954 = CARTESIAN_POINT('',(14.407862760394,-265.8842542925,
    438.72114794203));
#11955 = CARTESIAN_POINT('',(14.384318228269,-265.8905313225,
    438.71160563372));
#11956 = CARTESIAN_POINT('',(14.339507022751,-265.9132278929,
    438.6869377691));
#11957 = CARTESIAN_POINT('',(14.334805286966,-265.948843997,
    438.66419915224));
#11958 = CARTESIAN_POINT('',(14.328823419876,-265.9805169799,
    438.64353676));
#11959 = CARTESIAN_POINT('',(14.328823425984,-266.013944395,
    438.62326387753));
#11960 = PCURVE('',#11321,#11961);
#11961 = DEFINITIONAL_REPRESENTATION('',(#11962),#11973);
#11962 = B_SPLINE_CURVE_WITH_KNOTS('',9,(#11963,#11964,#11965,#11966,
    #11967,#11968,#11969,#11970,#11971,#11972),.UNSPECIFIED.,.F.,.F.,(10
    ,10),(0.,1.),.PIECEWISE_BEZIER_KNOTS.);
#11963 = CARTESIAN_POINT('',(3.686194442269,14.50425132431));
#11964 = CARTESIAN_POINT('',(3.686259458266,14.484122600344));
#11965 = CARTESIAN_POINT('',(3.686321323855,14.462435128397));
#11966 = CARTESIAN_POINT('',(3.686372319524,14.434810076741));
#11967 = CARTESIAN_POINT('',(3.686445759473,14.409675372257));
#11968 = CARTESIAN_POINT('',(3.686463105889,14.382411765982));
#11969 = CARTESIAN_POINT('',(3.686527849695,14.340673288396));
#11970 = CARTESIAN_POINT('',(3.686609378167,14.334469014905));
#11971 = CARTESIAN_POINT('',(3.686683210098,14.328823425984));
#11972 = CARTESIAN_POINT('',(3.686759419951,14.328823425984));
#11973 = ( GEOMETRIC_REPRESENTATION_CONTEXT(2) 
PARAMETRIC_REPRESENTATION_CONTEXT() REPRESENTATION_CONTEXT('2D SPACE',''
  ) );
#11974 = PCURVE('',#11207,#11975);
#11975 = DEFINITIONAL_REPRESENTATION('',(#11976),#11987);
#11976 = B_SPLINE_CURVE_WITH_KNOTS('',9,(#11977,#11978,#11979,#11980,
    #11981,#11982,#11983,#11984,#11985,#11986),.UNSPECIFIED.,.F.,.F.,(10
    ,10),(0.,1.),.PIECEWISE_BEZIER_KNOTS.);
#11977 = CARTESIAN_POINT('',(3.686194442269,14.50425132431));
#11978 = CARTESIAN_POINT('',(3.686259458266,14.484122600344));
#11979 = CARTESIAN_POINT('',(3.686321323855,14.462435128397));
#11980 = CARTESIAN_POINT('',(3.686372319524,14.434810076741));
#11981 = CARTESIAN_POINT('',(3.686445759473,14.409675372257));
#11982 = CARTESIAN_POINT('',(3.686463105889,14.382411765982));
#11983 = CARTESIAN_POINT('',(3.686527849695,14.340673288396));
#11984 = CARTESIAN_POINT('',(3.686609378167,14.334469014905));
#11985 = CARTESIAN_POINT('',(3.686683210098,14.328823425984));
#11986 = CARTESIAN_POINT('',(3.686759419951,14.328823425984));
#11987 = ( GEOMETRIC_REPRESENTATION_CONTEXT(2) 
PARAMETRIC_REPRESENTATION_CONTEXT() REPRESENTATION_CONTEXT('2D SPACE',''
  ) );
#11988 = ORIENTED_EDGE('',*,*,#11989,.T.);
#11989 = EDGE_CURVE('',#11946,#11156,#11990,.T.);
#11990 = SURFACE_CURVE('',#11991,(#11996,#12003),.PCURVE_S1.);
#11991 = CIRCLE('',#11992,512.98517154708);
#11992 = AXIS2_PLACEMENT_3D('',#11993,#11994,#11995);
#11993 = CARTESIAN_POINT('',(14.328823425984,0.,-3.181637936663E-15));
#11994 = DIRECTION('',(1.,-1.232595164408E-32,-2.22044604925E-16));
#11995 = DIRECTION('',(1.933886501647E-16,-0.491380417772,0.870945052819
    ));
#11996 = PCURVE('',#11321,#11997);
#11997 = DEFINITIONAL_REPRESENTATION('',(#11998),#12002);
#11998 = LINE('',#11999,#12000);
#11999 = CARTESIAN_POINT('',(3.655266664559,14.328823425984));
#12000 = VECTOR('',#12001,1.);
#12001 = DIRECTION('',(1.,0.));
#12002 = ( GEOMETRIC_REPRESENTATION_CONTEXT(2) 
PARAMETRIC_REPRESENTATION_CONTEXT() REPRESENTATION_CONTEXT('2D SPACE',''
  ) );
#12003 = PCURVE('',#11442,#12004);
#12004 = DEFINITIONAL_REPRESENTATION('',(#12005),#12009);
#12005 = LINE('',#12006,#12007);
#12006 = CARTESIAN_POINT('',(-0.,0.20539538919));
#12007 = VECTOR('',#12008,1.);
#12008 = DIRECTION('',(-1.,0.));
#12009 = ( GEOMETRIC_REPRESENTATION_CONTEXT(2) 
PARAMETRIC_REPRESENTATION_CONTEXT() REPRESENTATION_CONTEXT('2D SPACE',''
  ) );
#12010 = ORIENTED_EDGE('',*,*,#11372,.F.);
#12011 = ADVANCED_FACE('',(#12012),#11207,.T.);
#12012 = FACE_BOUND('',#12013,.T.);
#12013 = EDGE_LOOP('',(#12014,#12015,#12037,#12038));
#12014 = ORIENTED_EDGE('',*,*,#11191,.F.);
#12015 = ORIENTED_EDGE('',*,*,#12016,.T.);
#12016 = EDGE_CURVE('',#11158,#11946,#12017,.T.);
#12017 = SURFACE_CURVE('',#12018,(#12023,#12030),.PCURVE_S1.);
#12018 = CIRCLE('',#12019,512.98517154708);
#12019 = AXIS2_PLACEMENT_3D('',#12020,#12021,#12022);
#12020 = CARTESIAN_POINT('',(14.328823425984,0.,-3.181637936663E-15));
#12021 = DIRECTION('',(1.,0.,-2.22044604925E-16));
#12022 = DIRECTION('',(-2.22044604925E-16,-1.224646799147E-16,-1.));
#12023 = PCURVE('',#11207,#12024);
#12024 = DEFINITIONAL_REPRESENTATION('',(#12025),#12029);
#12025 = LINE('',#12026,#12027);
#12026 = CARTESIAN_POINT('',(0.,14.328823425984));
#12027 = VECTOR('',#12028,1.);
#12028 = DIRECTION('',(1.,0.));
#12029 = ( GEOMETRIC_REPRESENTATION_CONTEXT(2) 
PARAMETRIC_REPRESENTATION_CONTEXT() REPRESENTATION_CONTEXT('2D SPACE',''
  ) );
#12030 = PCURVE('',#11470,#12031);
#12031 = DEFINITIONAL_REPRESENTATION('',(#12032),#12036);
#12032 = LINE('',#12033,#12034);
#12033 = CARTESIAN_POINT('',(-0.,0.20539538919));
#12034 = VECTOR('',#12035,1.);
#12035 = DIRECTION('',(-1.,0.));
#12036 = ( GEOMETRIC_REPRESENTATION_CONTEXT(2) 
PARAMETRIC_REPRESENTATION_CONTEXT() REPRESENTATION_CONTEXT('2D SPACE',''
  ) );
#12037 = ORIENTED_EDGE('',*,*,#11945,.F.);
#12038 = ORIENTED_EDGE('',*,*,#11825,.T.);
#12039 = ADVANCED_FACE('',(#12040),#11442,.T.);
#12040 = FACE_BOUND('',#12041,.F.);
#12041 = EDGE_LOOP('',(#12042,#12073,#12074,#12075));
#12042 = ORIENTED_EDGE('',*,*,#12043,.F.);
#12043 = EDGE_CURVE('',#11946,#12044,#12046,.T.);
#12044 = VERTEX_POINT('',#12045);
#12045 = CARTESIAN_POINT('',(1.882938249764E-13,-256.876050684,
    423.55603582826));
#12046 = SURFACE_CURVE('',#12047,(#12057,#12063),.PCURVE_S1.);
#12047 = B_SPLINE_CURVE_WITH_KNOTS('',8,(#12048,#12049,#12050,#12051,
    #12052,#12053,#12054,#12055,#12056),.UNSPECIFIED.,.F.,.F.,(9,9),(0.,
    1.),.PIECEWISE_BEZIER_KNOTS.);
#12048 = CARTESIAN_POINT('',(14.328823425984,-266.013944395,
    438.62326387753));
#12049 = CARTESIAN_POINT('',(11.321246664218,-265.68902542,
    438.08751368729));
#12050 = CARTESIAN_POINT('',(8.435888313178,-265.0598927914,
    437.05015375655));
#12051 = CARTESIAN_POINT('',(5.806252688297,-264.1409704877,
    435.53496739649));
#12052 = CARTESIAN_POINT('',(3.558237366507,-262.9655812406,
    433.59689956674));
#12053 = CARTESIAN_POINT('',(1.79773565609,-261.5846264327,
    431.31988019302));
#12054 = CARTESIAN_POINT('',(0.599245874947,-260.0622454953,
    428.8096670643));
#12055 = CARTESIAN_POINT('',(1.889599587912E-13,-258.469148001,
    426.18285130011));
#12056 = CARTESIAN_POINT('',(1.882938249764E-13,-256.876050684,
    423.55603582826));
#12057 = PCURVE('',#11442,#12058);
#12058 = DEFINITIONAL_REPRESENTATION('',(#12059),#12062);
#12059 = B_SPLINE_CURVE_WITH_KNOTS('',1,(#12060,#12061),.UNSPECIFIED.,
  .F.,.F.,(2,2),(0.,1.),.PIECEWISE_BEZIER_KNOTS.);
#12060 = CARTESIAN_POINT('',(-3.149275539266E-02,0.20539538919));
#12061 = CARTESIAN_POINT('',(-3.149275539266E-02,1.570796326795));
#12062 = ( GEOMETRIC_REPRESENTATION_CONTEXT(2) 
PARAMETRIC_REPRESENTATION_CONTEXT() REPRESENTATION_CONTEXT('2D SPACE',''
  ) );
#12063 = PCURVE('',#11470,#12064);
#12064 = DEFINITIONAL_REPRESENTATION('',(#12065),#12072);
#12065 = B_SPLINE_CURVE_WITH_KNOTS('',5,(#12066,#12067,#12068,#12069,
    #12070,#12071),.UNSPECIFIED.,.F.,.F.,(6,6),(0.,1.),
  .PIECEWISE_BEZIER_KNOTS.);
#12066 = CARTESIAN_POINT('',(-3.686759419951,0.20539538919));
#12067 = CARTESIAN_POINT('',(-3.686759419951,0.478475576711));
#12068 = CARTESIAN_POINT('',(-3.686759419951,0.751555765407));
#12069 = CARTESIAN_POINT('',(-3.686759419951,1.024635950577));
#12070 = CARTESIAN_POINT('',(-3.686759419951,1.297716139274));
#12071 = CARTESIAN_POINT('',(-3.686759419951,1.570796326795));
#12072 = ( GEOMETRIC_REPRESENTATION_CONTEXT(2) 
PARAMETRIC_REPRESENTATION_CONTEXT() REPRESENTATION_CONTEXT('2D SPACE',''
  ) );
#12073 = ORIENTED_EDGE('',*,*,#11989,.T.);
#12074 = ORIENTED_EDGE('',*,*,#11417,.T.);
#12075 = ORIENTED_EDGE('',*,*,#12076,.F.);
#12076 = EDGE_CURVE('',#12044,#11418,#12077,.T.);
#12077 = SURFACE_CURVE('',#12078,(#12083,#12090),.PCURVE_S1.);
#12078 = CIRCLE('',#12079,495.3635239918);
#12079 = AXIS2_PLACEMENT_3D('',#12080,#12081,#12082);
#12080 = CARTESIAN_POINT('',(0.,0.,0.));
#12081 = DIRECTION('',(1.,-1.232595164408E-32,-2.22044604925E-16));
#12082 = DIRECTION('',(1.933886501647E-16,-0.491380417772,0.870945052819
    ));
#12083 = PCURVE('',#11442,#12084);
#12084 = DEFINITIONAL_REPRESENTATION('',(#12085),#12089);
#12085 = LINE('',#12086,#12087);
#12086 = CARTESIAN_POINT('',(-0.,1.570796326795));
#12087 = VECTOR('',#12088,1.);
#12088 = DIRECTION('',(-1.,0.));
#12089 = ( GEOMETRIC_REPRESENTATION_CONTEXT(2) 
PARAMETRIC_REPRESENTATION_CONTEXT() REPRESENTATION_CONTEXT('2D SPACE',''
  ) );
#12090 = PCURVE('',#11496,#12091);
#12091 = DEFINITIONAL_REPRESENTATION('',(#12092),#12096);
#12092 = CIRCLE('',#12093,495.3635239918);
#12093 = AXIS2_PLACEMENT_2D('',#12094,#12095);
#12094 = CARTESIAN_POINT('',(0.,0.));
#12095 = DIRECTION('',(-0.870945052819,-0.491380417772));
#12096 = ( GEOMETRIC_REPRESENTATION_CONTEXT(2) 
PARAMETRIC_REPRESENTATION_CONTEXT() REPRESENTATION_CONTEXT('2D SPACE',''
  ) );
#12097 = ADVANCED_FACE('',(#12098),#11496,.F.);
#12098 = FACE_BOUND('',#12099,.T.);
#12099 = EDGE_LOOP('',(#12100,#12101,#12123));
#12100 = ORIENTED_EDGE('',*,*,#12076,.F.);
#12101 = ORIENTED_EDGE('',*,*,#12102,.F.);
#12102 = EDGE_CURVE('',#11455,#12044,#12103,.T.);
#12103 = SURFACE_CURVE('',#12104,(#12109,#12116),.PCURVE_S1.);
#12104 = CIRCLE('',#12105,495.3635239918);
#12105 = AXIS2_PLACEMENT_3D('',#12106,#12107,#12108);
#12106 = CARTESIAN_POINT('',(0.,0.,0.));
#12107 = DIRECTION('',(1.,0.,-2.22044604925E-16));
#12108 = DIRECTION('',(-2.22044604925E-16,-1.224646799147E-16,-1.));
#12109 = PCURVE('',#11496,#12110);
#12110 = DEFINITIONAL_REPRESENTATION('',(#12111),#12115);
#12111 = CIRCLE('',#12112,495.3635239918);
#12112 = AXIS2_PLACEMENT_2D('',#12113,#12114);
#12113 = CARTESIAN_POINT('',(0.,0.));
#12114 = DIRECTION('',(1.,-1.224646799147E-16));
#12115 = ( GEOMETRIC_REPRESENTATION_CONTEXT(2) 
PARAMETRIC_REPRESENTATION_CONTEXT() REPRESENTATION_CONTEXT('2D SPACE',''
  ) );
#12116 = PCURVE('',#11470,#12117);
#12117 = DEFINITIONAL_REPRESENTATION('',(#12118),#12122);
#12118 = LINE('',#12119,#12120);
#12119 = CARTESIAN_POINT('',(-0.,1.570796326795));
#12120 = VECTOR('',#12121,1.);
#12121 = DIRECTION('',(-1.,0.));
#12122 = ( GEOMETRIC_REPRESENTATION_CONTEXT(2) 
PARAMETRIC_REPRESENTATION_CONTEXT() REPRESENTATION_CONTEXT('2D SPACE',''
  ) );
#12123 = ORIENTED_EDGE('',*,*,#11481,.F.);
#12124 = ADVANCED_FACE('',(#12125),#11470,.T.);
#12125 = FACE_BOUND('',#12126,.F.);
#12126 = EDGE_LOOP('',(#12127,#12128,#12129,#12130));
#12127 = ORIENTED_EDGE('',*,*,#11454,.F.);
#12128 = ORIENTED_EDGE('',*,*,#12016,.T.);
#12129 = ORIENTED_EDGE('',*,*,#12043,.T.);
#12130 = ORIENTED_EDGE('',*,*,#12102,.F.);
#12131 = ADVANCED_FACE('',(#12132),#11755,.T.);
#12132 = FACE_BOUND('',#12133,.T.);
#12133 = EDGE_LOOP('',(#12134,#12157,#12158,#12159));
#12134 = ORIENTED_EDGE('',*,*,#12135,.F.);
#12135 = EDGE_CURVE('',#11513,#12136,#12138,.T.);
#12136 = VERTEX_POINT('',#12137);
#12137 = CARTESIAN_POINT('',(1.058328823426E+03,-8.945863271597E-14,
    -730.485171547));
#12138 = SURFACE_CURVE('',#12139,(#12143,#12150),.PCURVE_S1.);
#12139 = LINE('',#12140,#12141);
#12140 = CARTESIAN_POINT('',(-1.132427485118E-13,-1.24913973513E-13,
    -510.));
#12141 = VECTOR('',#12142,1.);
#12142 = DIRECTION('',(0.978980419738,-4.995438489415E-17,
    -0.203954254112));
#12143 = PCURVE('',#11755,#12144);
#12144 = DEFINITIONAL_REPRESENTATION('',(#12145),#12149);
#12145 = LINE('',#12146,#12147);
#12146 = CARTESIAN_POINT('',(0.,-0.));
#12147 = VECTOR('',#12148,1.);
#12148 = DIRECTION('',(0.,1.));
#12149 = ( GEOMETRIC_REPRESENTATION_CONTEXT(2) 
PARAMETRIC_REPRESENTATION_CONTEXT() REPRESENTATION_CONTEXT('2D SPACE',''
  ) );
#12150 = PCURVE('',#11612,#12151);
#12151 = DEFINITIONAL_REPRESENTATION('',(#12152),#12156);
#12152 = LINE('',#12153,#12154);
#12153 = CARTESIAN_POINT('',(6.28318530718,-0.));
#12154 = VECTOR('',#12155,1.);
#12155 = DIRECTION('',(0.,1.));
#12156 = ( GEOMETRIC_REPRESENTATION_CONTEXT(2) 
PARAMETRIC_REPRESENTATION_CONTEXT() REPRESENTATION_CONTEXT('2D SPACE',''
  ) );
#12157 = ORIENTED_EDGE('',*,*,#11774,.T.);
#12158 = ORIENTED_EDGE('',*,*,#11724,.F.);
#12159 = ORIENTED_EDGE('',*,*,#12160,.F.);
#12160 = EDGE_CURVE('',#12136,#11696,#12161,.T.);
#12161 = SURFACE_CURVE('',#12162,(#12167,#12174),.PCURVE_S1.);
#12162 = CIRCLE('',#12163,730.48517154708);
#12163 = AXIS2_PLACEMENT_3D('',#12164,#12165,#12166);
#12164 = CARTESIAN_POINT('',(1.058328823426E+03,0.,-2.349962054784E-13)
  );
#12165 = DIRECTION('',(1.,0.,-2.22044604925E-16));
#12166 = DIRECTION('',(-2.22044604925E-16,-1.224646799147E-16,-1.));
#12167 = PCURVE('',#11755,#12168);
#12168 = DEFINITIONAL_REPRESENTATION('',(#12169),#12173);
#12169 = LINE('',#12170,#12171);
#12170 = CARTESIAN_POINT('',(0.,1.058328823426E+03));
#12171 = VECTOR('',#12172,1.);
#12172 = DIRECTION('',(1.,0.));
#12173 = ( GEOMETRIC_REPRESENTATION_CONTEXT(2) 
PARAMETRIC_REPRESENTATION_CONTEXT() REPRESENTATION_CONTEXT('2D SPACE',''
  ) );
#12174 = PCURVE('',#12175,#12180);
#12175 = TOROIDAL_SURFACE('',#12176,712.8635239918,18.);
#12176 = AXIS2_PLACEMENT_3D('',#12177,#12178,#12179);
#12177 = CARTESIAN_POINT('',(1.062E+03,0.,-2.358113704304E-13));
#12178 = DIRECTION('',(1.,0.,-2.22044604925E-16));
#12179 = DIRECTION('',(-2.22044604925E-16,-1.224646799147E-16,-1.));
#12180 = DEFINITIONAL_REPRESENTATION('',(#12181),#12185);
#12181 = LINE('',#12182,#12183);
#12182 = CARTESIAN_POINT('',(0.,6.07778991799));
#12183 = VECTOR('',#12184,1.);
#12184 = DIRECTION('',(1.,0.));
#12185 = ( GEOMETRIC_REPRESENTATION_CONTEXT(2) 
PARAMETRIC_REPRESENTATION_CONTEXT() REPRESENTATION_CONTEXT('2D SPACE',''
  ) );
#12186 = ADVANCED_FACE('',(#12187),#11712,.T.);
#12187 = FACE_BOUND('',#12188,.T.);
#12188 = EDGE_LOOP('',(#12189,#12235,#12236,#12287));
#12189 = ORIENTED_EDGE('',*,*,#12190,.F.);
#12190 = EDGE_CURVE('',#11696,#12191,#12193,.T.);
#12191 = VERTEX_POINT('',#12192);
#12192 = CARTESIAN_POINT('',(1.08E+03,114.50534756829,-703.6070843988));
#12193 = SURFACE_CURVE('',#12194,(#12215,#12225),.PCURVE_S1.);
#12194 = B_SPLINE_CURVE_WITH_KNOTS('',10,(#12195,#12196,#12197,#12198,
    #12199,#12200,#12201,#12202,#12203,#12204,#12205,#12206,#12207,
    #12208,#12209,#12210,#12211,#12212,#12213,#12214),.UNSPECIFIED.,.F.,
  .F.,(11,9,11),(0.,0.5,1.),.UNSPECIFIED.);
#12195 = CARTESIAN_POINT('',(1.058328823426E+03,117.33586534642,
    -720.9999171661));
#12196 = CARTESIAN_POINT('',(1.059893794646E+03,117.38823557798,
    -721.3217193065));
#12197 = CARTESIAN_POINT('',(1.061490938192E+03,117.41580059048,
    -721.4910995013));
#12198 = CARTESIAN_POINT('',(1.063103110798E+03,117.41798670132,
    -721.5045326125));
#12199 = CARTESIAN_POINT('',(1.064712716078E+03,117.39456958911,
    -721.3606402408));
#12200 = CARTESIAN_POINT('',(1.066302026456E+03,117.34568506691,
    -721.0602569235));
#12201 = CARTESIAN_POINT('',(1.067853517012E+03,117.27183067033,
    -720.6064398946));
#12202 = CARTESIAN_POINT('',(1.069350198547E+03,117.17385763624,
    -720.0044197938));
#12203 = CARTESIAN_POINT('',(1.070775936367E+03,117.05295345035,
    -719.2614934281));
#12204 = CARTESIAN_POINT('',(1.072115742276E+03,116.91061580243,
    -718.386863731));
#12205 = CARTESIAN_POINT('',(1.074596317149E+03,116.58662272085,
    -716.3960062529));
#12206 = CARTESIAN_POINT('',(1.075737086114E+03,116.40496728719,
    -715.2797784717));
#12207 = CARTESIAN_POINT('',(1.076764750046E+03,116.20542752985,
    -714.0536559382));
#12208 = CARTESIAN_POINT('',(1.07766712402E+03,115.99005489744,
    -712.7302442967));
#12209 = CARTESIAN_POINT('',(1.07843367989E+03,115.76114439353,
    -711.3236457787));
#12210 = CARTESIAN_POINT('',(1.079055764575E+03,115.52119397304,
    -709.8492096986));
#12211 = CARTESIAN_POINT('',(1.079526771448E+03,115.27285797273,
    -708.3232463021));
#12212 = CARTESIAN_POINT('',(1.079842257149E+03,115.01889637152,
    -706.7627149768));
#12213 = CARTESIAN_POINT('',(1.08E+03,114.76212196991,-705.1848996879));
#12214 = CARTESIAN_POINT('',(1.08E+03,114.50534756829,-703.6070843988));
#12215 = PCURVE('',#11712,#12216);
#12216 = DEFINITIONAL_REPRESENTATION('',(#12217),#12224);
#12217 = B_SPLINE_CURVE_WITH_KNOTS('',5,(#12218,#12219,#12220,#12221,
    #12222,#12223),.UNSPECIFIED.,.F.,.F.,(6,6),(0.,1.),
  .PIECEWISE_BEZIER_KNOTS.);
#12218 = CARTESIAN_POINT('',(0.161326179008,6.07778991799));
#12219 = CARTESIAN_POINT('',(0.161326179008,6.433028261187));
#12220 = CARTESIAN_POINT('',(0.161326179008,6.788266604374));
#12221 = CARTESIAN_POINT('',(0.161326179009,7.14350494759));
#12222 = CARTESIAN_POINT('',(0.161326179008,7.498743290778));
#12223 = CARTESIAN_POINT('',(0.161326179008,7.853981633974));
#12224 = ( GEOMETRIC_REPRESENTATION_CONTEXT(2) 
PARAMETRIC_REPRESENTATION_CONTEXT() REPRESENTATION_CONTEXT('2D SPACE',''
  ) );
#12225 = PCURVE('',#12175,#12226);
#12226 = DEFINITIONAL_REPRESENTATION('',(#12227),#12234);
#12227 = B_SPLINE_CURVE_WITH_KNOTS('',5,(#12228,#12229,#12230,#12231,
    #12232,#12233),.UNSPECIFIED.,.F.,.F.,(6,6),(0.,1.),
  .PIECEWISE_BEZIER_KNOTS.);
#12228 = CARTESIAN_POINT('',(0.161326179008,6.07778991799));
#12229 = CARTESIAN_POINT('',(0.161326179008,6.433028261187));
#12230 = CARTESIAN_POINT('',(0.161326179008,6.788266604374));
#12231 = CARTESIAN_POINT('',(0.161326179009,7.14350494759));
#12232 = CARTESIAN_POINT('',(0.161326179008,7.498743290778));
#12233 = CARTESIAN_POINT('',(0.161326179008,7.853981633974));
#12234 = ( GEOMETRIC_REPRESENTATION_CONTEXT(2) 
PARAMETRIC_REPRESENTATION_CONTEXT() REPRESENTATION_CONTEXT('2D SPACE',''
  ) );
#12235 = ORIENTED_EDGE('',*,*,#11695,.T.);
#12236 = ORIENTED_EDGE('',*,*,#12237,.T.);
#12237 = EDGE_CURVE('',#11651,#12238,#12240,.T.);
#12238 = VERTEX_POINT('',#12239);
#12239 = CARTESIAN_POINT('',(1.08E+03,114.50534756829,703.60708439886));
#12240 = SURFACE_CURVE('',#12241,(#12262,#12272),.PCURVE_S1.);
#12241 = B_SPLINE_CURVE_WITH_KNOTS('',10,(#12242,#12243,#12244,#12245,
    #12246,#12247,#12248,#12249,#12250,#12251,#12252,#12253,#12254,
    #12255,#12256,#12257,#12258,#12259,#12260,#12261),.UNSPECIFIED.,.F.,
  .F.,(11,9,11),(0.,0.5,1.),.UNSPECIFIED.);
#12242 = CARTESIAN_POINT('',(1.058328823426E+03,117.33586534642,
    720.99991716613));
#12243 = CARTESIAN_POINT('',(1.059893794646E+03,117.38823557798,
    721.32171930653));
#12244 = CARTESIAN_POINT('',(1.061490938192E+03,117.41580059049,
    721.49109950123));
#12245 = CARTESIAN_POINT('',(1.063103110799E+03,117.41798670131,
    721.50453261266));
#12246 = CARTESIAN_POINT('',(1.064712716078E+03,117.39456958914,
    721.36064024058));
#12247 = CARTESIAN_POINT('',(1.066302026457E+03,117.34568506689,
    721.06025692369));
#12248 = CARTESIAN_POINT('',(1.067853517012E+03,117.27183067036,
    720.60643989435));
#12249 = CARTESIAN_POINT('',(1.069350198547E+03,117.17385763623,
    720.0044197939));
#12250 = CARTESIAN_POINT('',(1.070775936367E+03,117.05295345036,
    719.26149342805));
#12251 = CARTESIAN_POINT('',(1.072115742276E+03,116.91061580243,
    718.38686373101));
#12252 = CARTESIAN_POINT('',(1.074596317149E+03,116.58662272085,
    716.39600625287));
#12253 = CARTESIAN_POINT('',(1.075737086114E+03,116.40496728719,
    715.27977847169));
#12254 = CARTESIAN_POINT('',(1.076764750046E+03,116.20542752985,
    714.05365593821));
#12255 = CARTESIAN_POINT('',(1.07766712402E+03,115.99005489744,
    712.7302442966));
#12256 = CARTESIAN_POINT('',(1.07843367989E+03,115.76114439354,
    711.32364577876));
#12257 = CARTESIAN_POINT('',(1.079055764575E+03,115.52119397304,
    709.84920969855));
#12258 = CARTESIAN_POINT('',(1.079526771448E+03,115.27285797273,
    708.32324630221));
#12259 = CARTESIAN_POINT('',(1.079842257149E+03,115.01889637151,
    706.76271497679));
#12260 = CARTESIAN_POINT('',(1.08E+03,114.76212196991,705.18489968791));
#12261 = CARTESIAN_POINT('',(1.08E+03,114.50534756829,703.60708439886));
#12262 = PCURVE('',#11712,#12263);
#12263 = DEFINITIONAL_REPRESENTATION('',(#12264),#12271);
#12264 = B_SPLINE_CURVE_WITH_KNOTS('',5,(#12265,#12266,#12267,#12268,
    #12269,#12270),.UNSPECIFIED.,.F.,.F.,(6,6),(0.,1.),
  .PIECEWISE_BEZIER_KNOTS.);
#12265 = CARTESIAN_POINT('',(2.980266474581,6.07778991799));
#12266 = CARTESIAN_POINT('',(2.980266474581,6.433028261187));
#12267 = CARTESIAN_POINT('',(2.980266474581,6.788266604365));
#12268 = CARTESIAN_POINT('',(2.980266474581,7.143504947601));
#12269 = CARTESIAN_POINT('',(2.980266474581,7.498743290778));
#12270 = CARTESIAN_POINT('',(2.980266474581,7.853981633974));
#12271 = ( GEOMETRIC_REPRESENTATION_CONTEXT(2) 
PARAMETRIC_REPRESENTATION_CONTEXT() REPRESENTATION_CONTEXT('2D SPACE',''
  ) );
#12272 = PCURVE('',#12273,#12278);
#12273 = TOROIDAL_SURFACE('',#12274,712.8635239918,18.);
#12274 = AXIS2_PLACEMENT_3D('',#12275,#12276,#12277);
#12275 = CARTESIAN_POINT('',(1.062E+03,0.,-2.358113704304E-13));
#12276 = DIRECTION('',(1.,0.,-2.22044604925E-16));
#12277 = DIRECTION('',(-2.22044604925E-16,-1.224646799147E-16,-1.));
#12278 = DEFINITIONAL_REPRESENTATION('',(#12279),#12286);
#12279 = B_SPLINE_CURVE_WITH_KNOTS('',5,(#12280,#12281,#12282,#12283,
    #12284,#12285),.UNSPECIFIED.,.F.,.F.,(6,6),(0.,1.),
  .PIECEWISE_BEZIER_KNOTS.);
#12280 = CARTESIAN_POINT('',(2.980266474581,6.07778991799));
#12281 = CARTESIAN_POINT('',(2.980266474581,6.433028261187));
#12282 = CARTESIAN_POINT('',(2.980266474581,6.788266604365));
#12283 = CARTESIAN_POINT('',(2.980266474581,7.143504947601));
#12284 = CARTESIAN_POINT('',(2.980266474581,7.498743290778));
#12285 = CARTESIAN_POINT('',(2.980266474581,7.853981633974));
#12286 = ( GEOMETRIC_REPRESENTATION_CONTEXT(2) 
PARAMETRIC_REPRESENTATION_CONTEXT() REPRESENTATION_CONTEXT('2D SPACE',''
  ) );
#12287 = ORIENTED_EDGE('',*,*,#12288,.F.);
#12288 = EDGE_CURVE('',#12191,#12238,#12289,.T.);
#12289 = SURFACE_CURVE('',#12290,(#12295,#12302),.PCURVE_S1.);
#12290 = CIRCLE('',#12291,712.8635239918);
#12291 = AXIS2_PLACEMENT_3D('',#12292,#12293,#12294);
#12292 = CARTESIAN_POINT('',(1.08E+03,0.,-2.39808173319E-13));
#12293 = DIRECTION('',(1.,0.,-2.22044604925E-16));
#12294 = DIRECTION('',(-2.22044604925E-16,-1.224646799147E-16,-1.));
#12295 = PCURVE('',#11712,#12296);
#12296 = DEFINITIONAL_REPRESENTATION('',(#12297),#12301);
#12297 = LINE('',#12298,#12299);
#12298 = CARTESIAN_POINT('',(0.,7.853981633974));
#12299 = VECTOR('',#12300,1.);
#12300 = DIRECTION('',(1.,0.));
#12301 = ( GEOMETRIC_REPRESENTATION_CONTEXT(2) 
PARAMETRIC_REPRESENTATION_CONTEXT() REPRESENTATION_CONTEXT('2D SPACE',''
  ) );
#12302 = PCURVE('',#12303,#12308);
#12303 = PLANE('',#12304);
#12304 = AXIS2_PLACEMENT_3D('',#12305,#12306,#12307);
#12305 = CARTESIAN_POINT('',(1.08E+03,0.,-2.39808173319E-13));
#12306 = DIRECTION('',(1.,0.,-2.22044604925E-16));
#12307 = DIRECTION('',(-2.22044604925E-16,0.,-1.));
#12308 = DEFINITIONAL_REPRESENTATION('',(#12309),#12313);
#12309 = CIRCLE('',#12310,712.8635239918);
#12310 = AXIS2_PLACEMENT_2D('',#12311,#12312);
#12311 = CARTESIAN_POINT('',(0.,0.));
#12312 = DIRECTION('',(1.,-1.224646799147E-16));
#12313 = ( GEOMETRIC_REPRESENTATION_CONTEXT(2) 
PARAMETRIC_REPRESENTATION_CONTEXT() REPRESENTATION_CONTEXT('2D SPACE',''
  ) );
#12314 = ADVANCED_FACE('',(#12315),#11612,.T.);
#12315 = FACE_BOUND('',#12316,.T.);
#12316 = EDGE_LOOP('',(#12317,#12318,#12319,#12341));
#12317 = ORIENTED_EDGE('',*,*,#11535,.T.);
#12318 = ORIENTED_EDGE('',*,*,#12135,.T.);
#12319 = ORIENTED_EDGE('',*,*,#12320,.F.);
#12320 = EDGE_CURVE('',#11651,#12136,#12321,.T.);
#12321 = SURFACE_CURVE('',#12322,(#12327,#12334),.PCURVE_S1.);
#12322 = CIRCLE('',#12323,730.48517154708);
#12323 = AXIS2_PLACEMENT_3D('',#12324,#12325,#12326);
#12324 = CARTESIAN_POINT('',(1.058328823426E+03,0.,-2.349962054784E-13)
  );
#12325 = DIRECTION('',(1.,0.,-2.22044604925E-16));
#12326 = DIRECTION('',(-2.22044604925E-16,-1.224646799147E-16,-1.));
#12327 = PCURVE('',#11612,#12328);
#12328 = DEFINITIONAL_REPRESENTATION('',(#12329),#12333);
#12329 = LINE('',#12330,#12331);
#12330 = CARTESIAN_POINT('',(0.,1.058328823426E+03));
#12331 = VECTOR('',#12332,1.);
#12332 = DIRECTION('',(1.,0.));
#12333 = ( GEOMETRIC_REPRESENTATION_CONTEXT(2) 
PARAMETRIC_REPRESENTATION_CONTEXT() REPRESENTATION_CONTEXT('2D SPACE',''
  ) );
#12334 = PCURVE('',#12273,#12335);
#12335 = DEFINITIONAL_REPRESENTATION('',(#12336),#12340);
#12336 = LINE('',#12337,#12338);
#12337 = CARTESIAN_POINT('',(0.,6.07778991799));
#12338 = VECTOR('',#12339,1.);
#12339 = DIRECTION('',(1.,0.));
#12340 = ( GEOMETRIC_REPRESENTATION_CONTEXT(2) 
PARAMETRIC_REPRESENTATION_CONTEXT() REPRESENTATION_CONTEXT('2D SPACE',''
  ) );
#12341 = ORIENTED_EDGE('',*,*,#11650,.T.);
#12342 = ADVANCED_FACE('',(#12343),#12175,.T.);
#12343 = FACE_BOUND('',#12344,.T.);
#12344 = EDGE_LOOP('',(#12345,#12367,#12368,#12369));
#12345 = ORIENTED_EDGE('',*,*,#12346,.F.);
#12346 = EDGE_CURVE('',#12136,#12347,#12349,.T.);
#12347 = VERTEX_POINT('',#12348);
#12348 = CARTESIAN_POINT('',(1.08E+03,-8.730060328855E-14,
    -712.8635239918));
#12349 = SURFACE_CURVE('',#12350,(#12355,#12361),.PCURVE_S1.);
#12350 = CIRCLE('',#12351,18.);
#12351 = AXIS2_PLACEMENT_3D('',#12352,#12353,#12354);
#12352 = CARTESIAN_POINT('',(1.062E+03,-8.730060328855E-14,
    -712.8635239918));
#12353 = DIRECTION('',(2.719262146894E-32,-1.,1.224646799147E-16));
#12354 = DIRECTION('',(-2.22044604925E-16,-1.224646799147E-16,-1.));
#12355 = PCURVE('',#12175,#12356);
#12356 = DEFINITIONAL_REPRESENTATION('',(#12357),#12360);
#12357 = B_SPLINE_CURVE_WITH_KNOTS('',1,(#12358,#12359),.UNSPECIFIED.,
  .F.,.F.,(2,2),(6.07778991799,7.853981633974),
  .PIECEWISE_BEZIER_KNOTS.);
#12358 = CARTESIAN_POINT('',(0.,6.07778991799));
#12359 = CARTESIAN_POINT('',(0.,7.853981633974));
#12360 = ( GEOMETRIC_REPRESENTATION_CONTEXT(2) 
PARAMETRIC_REPRESENTATION_CONTEXT() REPRESENTATION_CONTEXT('2D SPACE',''
  ) );
#12361 = PCURVE('',#12273,#12362);
#12362 = DEFINITIONAL_REPRESENTATION('',(#12363),#12366);
#12363 = B_SPLINE_CURVE_WITH_KNOTS('',1,(#12364,#12365),.UNSPECIFIED.,
  .F.,.F.,(2,2),(6.07778991799,7.853981633974),
  .PIECEWISE_BEZIER_KNOTS.);
#12364 = CARTESIAN_POINT('',(6.28318530718,6.07778991799));
#12365 = CARTESIAN_POINT('',(6.28318530718,7.853981633974));
#12366 = ( GEOMETRIC_REPRESENTATION_CONTEXT(2) 
PARAMETRIC_REPRESENTATION_CONTEXT() REPRESENTATION_CONTEXT('2D SPACE',''
  ) );
#12367 = ORIENTED_EDGE('',*,*,#12160,.T.);
#12368 = ORIENTED_EDGE('',*,*,#12190,.T.);
#12369 = ORIENTED_EDGE('',*,*,#12370,.F.);
#12370 = EDGE_CURVE('',#12347,#12191,#12371,.T.);
#12371 = SURFACE_CURVE('',#12372,(#12377,#12384),.PCURVE_S1.);
#12372 = CIRCLE('',#12373,712.8635239918);
#12373 = AXIS2_PLACEMENT_3D('',#12374,#12375,#12376);
#12374 = CARTESIAN_POINT('',(1.08E+03,0.,-2.39808173319E-13));
#12375 = DIRECTION('',(1.,0.,-2.22044604925E-16));
#12376 = DIRECTION('',(-2.22044604925E-16,-1.224646799147E-16,-1.));
#12377 = PCURVE('',#12175,#12378);
#12378 = DEFINITIONAL_REPRESENTATION('',(#12379),#12383);
#12379 = LINE('',#12380,#12381);
#12380 = CARTESIAN_POINT('',(0.,7.853981633974));
#12381 = VECTOR('',#12382,1.);
#12382 = DIRECTION('',(1.,0.));
#12383 = ( GEOMETRIC_REPRESENTATION_CONTEXT(2) 
PARAMETRIC_REPRESENTATION_CONTEXT() REPRESENTATION_CONTEXT('2D SPACE',''
  ) );
#12384 = PCURVE('',#12303,#12385);
#12385 = DEFINITIONAL_REPRESENTATION('',(#12386),#12390);
#12386 = CIRCLE('',#12387,712.8635239918);
#12387 = AXIS2_PLACEMENT_2D('',#12388,#12389);
#12388 = CARTESIAN_POINT('',(0.,0.));
#12389 = DIRECTION('',(1.,-1.224646799147E-16));
#12390 = ( GEOMETRIC_REPRESENTATION_CONTEXT(2) 
PARAMETRIC_REPRESENTATION_CONTEXT() REPRESENTATION_CONTEXT('2D SPACE',''
  ) );
#12391 = ADVANCED_FACE('',(#12392),#12273,.T.);
#12392 = FACE_BOUND('',#12393,.T.);
#12393 = EDGE_LOOP('',(#12394,#12395,#12396,#12418));
#12394 = ORIENTED_EDGE('',*,*,#12320,.T.);
#12395 = ORIENTED_EDGE('',*,*,#12346,.T.);
#12396 = ORIENTED_EDGE('',*,*,#12397,.F.);
#12397 = EDGE_CURVE('',#12238,#12347,#12398,.T.);
#12398 = SURFACE_CURVE('',#12399,(#12404,#12411),.PCURVE_S1.);
#12399 = CIRCLE('',#12400,712.8635239918);
#12400 = AXIS2_PLACEMENT_3D('',#12401,#12402,#12403);
#12401 = CARTESIAN_POINT('',(1.08E+03,0.,-2.39808173319E-13));
#12402 = DIRECTION('',(1.,0.,-2.22044604925E-16));
#12403 = DIRECTION('',(-2.22044604925E-16,-1.224646799147E-16,-1.));
#12404 = PCURVE('',#12273,#12405);
#12405 = DEFINITIONAL_REPRESENTATION('',(#12406),#12410);
#12406 = LINE('',#12407,#12408);
#12407 = CARTESIAN_POINT('',(0.,7.853981633974));
#12408 = VECTOR('',#12409,1.);
#12409 = DIRECTION('',(1.,0.));
#12410 = ( GEOMETRIC_REPRESENTATION_CONTEXT(2) 
PARAMETRIC_REPRESENTATION_CONTEXT() REPRESENTATION_CONTEXT('2D SPACE',''
  ) );
#12411 = PCURVE('',#12303,#12412);
#12412 = DEFINITIONAL_REPRESENTATION('',(#12413),#12417);
#12413 = CIRCLE('',#12414,712.8635239918);
#12414 = AXIS2_PLACEMENT_2D('',#12415,#12416);
#12415 = CARTESIAN_POINT('',(0.,0.));
#12416 = DIRECTION('',(1.,-1.224646799147E-16));
#12417 = ( GEOMETRIC_REPRESENTATION_CONTEXT(2) 
PARAMETRIC_REPRESENTATION_CONTEXT() REPRESENTATION_CONTEXT('2D SPACE',''
  ) );
#12418 = ORIENTED_EDGE('',*,*,#12237,.F.);
#12419 = ADVANCED_FACE('',(#12420),#12303,.T.);
#12420 = FACE_BOUND('',#12421,.T.);
#12421 = EDGE_LOOP('',(#12422,#12423,#12424));
#12422 = ORIENTED_EDGE('',*,*,#12288,.T.);
#12423 = ORIENTED_EDGE('',*,*,#12397,.T.);
#12424 = ORIENTED_EDGE('',*,*,#12370,.T.);
#12425 = ( GEOMETRIC_REPRESENTATION_CONTEXT(3) 
GLOBAL_UNCERTAINTY_ASSIGNED_CONTEXT((#12429)) 
GLOBAL_UNIT_ASSIGNED_CONTEXT((#12426,#12427,#12428)) 
REPRESENTATION_CONTEXT('Context #1',
  '3D Context with UNIT and UNCERTAINTY') );
#12426 = ( LENGTH_UNIT() NAMED_UNIT(*) SI_UNIT(.MILLI.,.METRE.) );
#12427 = ( NAMED_UNIT(*) PLANE_ANGLE_UNIT() SI_UNIT($,.RADIAN.) );
#12428 = ( NAMED_UNIT(*) SI_UNIT($,.STERADIAN.) SOLID_ANGLE_UNIT() );
#12429 = UNCERTAINTY_MEASURE_WITH_UNIT(LENGTH_MEASURE(2.E-04),#12426,
  'distance_accuracy_value','confusion accuracy');
#12430 = PRODUCT_RELATED_PRODUCT_CATEGORY('part',$,(#11145));
#12431 = SHAPE_DEFINITION_REPRESENTATION(#12432,#12438);
#12432 = PRODUCT_DEFINITION_SHAPE('','',#12433);
#12433 = PRODUCT_DEFINITION('design','',#12434,#12437);
#12434 = PRODUCT_DEFINITION_FORMATION('','',#12435);
#12435 = PRODUCT('TPS_Gap','TPS_Gap','',(#12436));
#12436 = PRODUCT_CONTEXT('',#2,'mechanical');
#12437 = PRODUCT_DEFINITION_CONTEXT('part definition',#2,'design');
#12438 = ADVANCED_BREP_SHAPE_REPRESENTATION('',(#11,#12439),#13715);
#12439 = MANIFOLD_SOLID_BREP('',#12440);
#12440 = CLOSED_SHELL('',(#12441,#12703,#12797,#13301,#13329,#13387,
    #13414,#13421,#13476,#13604,#13632,#13681,#13709));
#12441 = ADVANCED_FACE('',(#12442),#12457,.T.);
#12442 = FACE_BOUND('',#12443,.T.);
#12443 = EDGE_LOOP('',(#12444,#12480,#12508,#12661));
#12444 = ORIENTED_EDGE('',*,*,#12445,.T.);
#12445 = EDGE_CURVE('',#12446,#12448,#12450,.T.);
#12446 = VERTEX_POINT('',#12447);
#12447 = CARTESIAN_POINT('',(14.328823425984,-266.013944395,
    -438.6232638775));
#12448 = VERTEX_POINT('',#12449);
#12449 = CARTESIAN_POINT('',(14.328823425984,-6.282256483452E-14,
    -512.985171547));
#12450 = SURFACE_CURVE('',#12451,(#12456,#12468),.PCURVE_S1.);
#12451 = CIRCLE('',#12452,512.98517154708);
#12452 = AXIS2_PLACEMENT_3D('',#12453,#12454,#12455);
#12453 = CARTESIAN_POINT('',(14.328823425984,0.,-3.181637936663E-15));
#12454 = DIRECTION('',(1.,0.,-2.22044604925E-16));
#12455 = DIRECTION('',(-2.22044604925E-16,-1.224646799147E-16,-1.));
#12456 = PCURVE('',#12457,#12462);
#12457 = CONICAL_SURFACE('',#12458,510.,0.20539538919);
#12458 = AXIS2_PLACEMENT_3D('',#12459,#12460,#12461);
#12459 = CARTESIAN_POINT('',(0.,0.,0.));
#12460 = DIRECTION('',(1.,0.,-2.22044604925E-16));
#12461 = DIRECTION('',(-2.22044604925E-16,0.,-1.));
#12462 = DEFINITIONAL_REPRESENTATION('',(#12463),#12467);
#12463 = LINE('',#12464,#12465);
#12464 = CARTESIAN_POINT('',(0.,14.328823425984));
#12465 = VECTOR('',#12466,1.);
#12466 = DIRECTION('',(1.,0.));
#12467 = ( GEOMETRIC_REPRESENTATION_CONTEXT(2) 
PARAMETRIC_REPRESENTATION_CONTEXT() REPRESENTATION_CONTEXT('2D SPACE',''
  ) );
#12468 = PCURVE('',#12469,#12474);
#12469 = TOROIDAL_SURFACE('',#12470,495.3635239918,18.);
#12470 = AXIS2_PLACEMENT_3D('',#12471,#12472,#12473);
#12471 = CARTESIAN_POINT('',(18.,0.,-3.996802888651E-15));
#12472 = DIRECTION('',(-1.,0.,2.22044604925E-16));
#12473 = DIRECTION('',(-2.22044604925E-16,-1.224646799147E-16,-1.));
#12474 = DEFINITIONAL_REPRESENTATION('',(#12475),#12479);
#12475 = LINE('',#12476,#12477);
#12476 = CARTESIAN_POINT('',(-0.,0.20539538919));
#12477 = VECTOR('',#12478,1.);
#12478 = DIRECTION('',(-1.,0.));
#12479 = ( GEOMETRIC_REPRESENTATION_CONTEXT(2) 
PARAMETRIC_REPRESENTATION_CONTEXT() REPRESENTATION_CONTEXT('2D SPACE',''
  ) );
#12480 = ORIENTED_EDGE('',*,*,#12481,.T.);
#12481 = EDGE_CURVE('',#12448,#12482,#12484,.T.);
#12482 = VERTEX_POINT('',#12483);
#12483 = CARTESIAN_POINT('',(218.08242029425,0.,-555.4338375613));
#12484 = SURFACE_CURVE('',#12485,(#12489,#12496),.PCURVE_S1.);
#12485 = LINE('',#12486,#12487);
#12486 = CARTESIAN_POINT('',(-1.132427485118E-13,-1.24913973513E-13,
    -510.));
#12487 = VECTOR('',#12488,1.);
#12488 = DIRECTION('',(0.978980419738,-4.995438489415E-17,
    -0.203954254112));
#12489 = PCURVE('',#12457,#12490);
#12490 = DEFINITIONAL_REPRESENTATION('',(#12491),#12495);
#12491 = LINE('',#12492,#12493);
#12492 = CARTESIAN_POINT('',(6.28318530718,-0.));
#12493 = VECTOR('',#12494,1.);
#12494 = DIRECTION('',(0.,1.));
#12495 = ( GEOMETRIC_REPRESENTATION_CONTEXT(2) 
PARAMETRIC_REPRESENTATION_CONTEXT() REPRESENTATION_CONTEXT('2D SPACE',''
  ) );
#12496 = PCURVE('',#12497,#12502);
#12497 = CONICAL_SURFACE('',#12498,510.,0.20539538919);
#12498 = AXIS2_PLACEMENT_3D('',#12499,#12500,#12501);
#12499 = CARTESIAN_POINT('',(0.,0.,0.));
#12500 = DIRECTION('',(1.,0.,-2.22044604925E-16));
#12501 = DIRECTION('',(-2.22044604925E-16,0.,-1.));
#12502 = DEFINITIONAL_REPRESENTATION('',(#12503),#12507);
#12503 = LINE('',#12504,#12505);
#12504 = CARTESIAN_POINT('',(0.,-0.));
#12505 = VECTOR('',#12506,1.);
#12506 = DIRECTION('',(0.,1.));
#12507 = ( GEOMETRIC_REPRESENTATION_CONTEXT(2) 
PARAMETRIC_REPRESENTATION_CONTEXT() REPRESENTATION_CONTEXT('2D SPACE',''
  ) );
#12508 = ORIENTED_EDGE('',*,*,#12509,.T.);
#12509 = EDGE_CURVE('',#12482,#12510,#12512,.T.);
#12510 = VERTEX_POINT('',#12511);
#12511 = CARTESIAN_POINT('',(14.50425152891,-265.7850233318,
    -438.8047465706));
#12512 = SURFACE_CURVE('',#12513,(#12564,#12610),.PCURVE_S1.);
#12513 = B_SPLINE_CURVE_WITH_KNOTS('',13,(#12514,#12515,#12516,#12517,
    #12518,#12519,#12520,#12521,#12522,#12523,#12524,#12525,#12526,
    #12527,#12528,#12529,#12530,#12531,#12532,#12533,#12534,#12535,
    #12536,#12537,#12538,#12539,#12540,#12541,#12542,#12543,#12544,
    #12545,#12546,#12547,#12548,#12549,#12550,#12551,#12552,#12553,
    #12554,#12555,#12556,#12557,#12558,#12559,#12560,#12561,#12562,
    #12563),.UNSPECIFIED.,.F.,.F.,(14,12,12,12,14),(2.608535066791E+03,
    2.619919703838E+03,2.798018665038E+03,2.976117626239E+03,
    3.084343736208E+03),.UNSPECIFIED.);
#12514 = CARTESIAN_POINT('',(218.08242029425,-1.360420542615E-13,
    -555.4338375613));
#12515 = CARTESIAN_POINT('',(217.50498020301,-0.751842746226,
    -555.3135375423));
#12516 = CARTESIAN_POINT('',(216.92769015729,-1.50350169943,
    -555.1921662363));
#12517 = CARTESIAN_POINT('',(216.35055152817,-2.254975074248,
    -555.0697239842));
#12518 = CARTESIAN_POINT('',(215.77356568439,-3.006261084289,
    -554.9462111191));
#12519 = CARTESIAN_POINT('',(215.19673399965,-3.757357945362,
    -554.8216279915));
#12520 = CARTESIAN_POINT('',(214.62005783951,-4.508263869526,
    -554.6959749223));
#12521 = CARTESIAN_POINT('',(214.04353858016,-5.258977074059,
    -554.5692522723));
#12522 = CARTESIAN_POINT('',(213.46717758658,-6.009495770213,
    -554.4414603586));
#12523 = CARTESIAN_POINT('',(212.89097623334,-6.759818175072,
    -554.3125995379));
#12524 = CARTESIAN_POINT('',(212.31493588837,-7.509942500967,
    -554.182670137));
#12525 = CARTESIAN_POINT('',(211.73905792329,-8.259866963476,
    -554.0516725014));
#12526 = CARTESIAN_POINT('',(211.16334370811,-9.009589776355,
    -553.919606967));
#12527 = CARTESIAN_POINT('',(201.58402088979,-21.48443882762,
    -551.7037666677));
#12528 = CARTESIAN_POINT('',(192.62064281175,-33.16000040843,
    -549.359806023));
#12529 = CARTESIAN_POINT('',(183.70194115521,-44.78021259288,
    -546.7557207393));
#12530 = CARTESIAN_POINT('',(174.83263933344,-56.33891089878,
    -543.8928447081));
#12531 = CARTESIAN_POINT('',(166.01769052906,-67.8296239783,
    -540.7727288079));
#12532 = CARTESIAN_POINT('',(157.2621346377,-79.24575936958,
    -537.3971440831));
#12533 = CARTESIAN_POINT('',(148.57101146975,-90.58071625813,
    -533.7680786388));
#12534 = CARTESIAN_POINT('',(139.94931670171,-101.8279427857,
    -529.8877307859));
#12535 = CARTESIAN_POINT('',(131.40198701443,-112.9809554914,
    -525.7585008586));
#12536 = CARTESIAN_POINT('',(122.9339009093,-124.0333384118,
    -521.3829842222));
#12537 = CARTESIAN_POINT('',(114.54988164951,-134.9787394283,
    -516.7639679277));
#12538 = CARTESIAN_POINT('',(106.25468880301,-145.8108813947,
    -511.904433497));
#12539 = CARTESIAN_POINT('',(89.8512808921,-167.2363298452,
    -501.7107031353));
#12540 = CARTESIAN_POINT('',(81.743089785102,-177.8296048644,
    -496.376523062));
#12541 = CARTESIAN_POINT('',(73.732896003301,-188.2975068222,
    -490.8080432224));
#12542 = CARTESIAN_POINT('',(65.826172200737,-198.6328004975,
    -485.0093805787));
#12543 = CARTESIAN_POINT('',(58.024975002237,-208.8327464732,
    -478.9820888294));
#12544 = CARTESIAN_POINT('',(50.338451221196,-218.8852391596,
    -472.7335270561));
#12545 = CARTESIAN_POINT('',(42.764972917394,-228.7924059578,
    -466.2637644871));
#12546 = CARTESIAN_POINT('',(35.313018043819,-238.5429579348,
    -459.5781308646));
#12547 = CARTESIAN_POINT('',(27.987498150395,-248.1304437902,
    -452.6851728024));
#12548 = CARTESIAN_POINT('',(20.786405785166,-257.557344399,
    -445.5803779331));
#12549 = CARTESIAN_POINT('',(13.721435117124,-266.8082424551,
    -438.2780074299));
#12550 = CARTESIAN_POINT('',(6.791807846822,-275.884043614,
    -430.7779268997));
#12551 = CARTESIAN_POINT('',(-4.127205110954,-290.1880806022,
    -418.407626444));
#12552 = CARTESIAN_POINT('',(-8.260332351723,-295.6025265011,
    -413.7251495583));
#12553 = CARTESIAN_POINT('',(-12.3993817223,-301.0247304605,
    -409.0359634099));
#12554 = CARTESIAN_POINT('',(-16.5443532227,-306.4546924805,
    -404.340067999));
#12555 = CARTESIAN_POINT('',(-20.69524685292,-311.8924125611,
    -399.6374633255));
#12556 = CARTESIAN_POINT('',(-24.85206261295,-317.3378907023,
    -394.9281493894));
#12557 = CARTESIAN_POINT('',(-29.0148005028,-322.791126904,
    -390.2121261908));
#12558 = CARTESIAN_POINT('',(-33.18346052246,-328.2521211663,
    -385.4893937295));
#12559 = CARTESIAN_POINT('',(-37.35804267194,-333.7208734892,
    -380.7599520056));
#12560 = CARTESIAN_POINT('',(-41.53854695124,-339.1973838727,
    -376.0238010192));
#12561 = CARTESIAN_POINT('',(-45.72497336035,-344.6816523167,
    -371.2809407702));
#12562 = CARTESIAN_POINT('',(-49.91732189928,-350.1736788213,
    -366.5313712585));
#12563 = CARTESIAN_POINT('',(-54.11559256802,-355.6734633865,
    -361.7750924843));
#12564 = PCURVE('',#12457,#12565);
#12565 = DEFINITIONAL_REPRESENTATION('',(#12566),#12609);
#12566 = B_SPLINE_CURVE_WITH_KNOTS('',9,(#12567,#12568,#12569,#12570,
    #12571,#12572,#12573,#12574,#12575,#12576,#12577,#12578,#12579,
    #12580,#12581,#12582,#12583,#12584,#12585,#12586,#12587,#12588,
    #12589,#12590,#12591,#12592,#12593,#12594,#12595,#12596,#12597,
    #12598,#12599,#12600,#12601,#12602,#12603,#12604,#12605,#12606,
    #12607,#12608),.UNSPECIFIED.,.F.,.F.,(10,8,8,8,8,10),(
    2.608535066791E+03,2.650895483358E+03,2.693255899924E+03,
    2.777976733056E+03,2.862697566189E+03,2.947418399321E+03),
  .UNSPECIFIED.);
#12567 = CARTESIAN_POINT('',(6.28318530718,218.08242029425));
#12568 = CARTESIAN_POINT('',(6.275910247576,214.97894130857));
#12569 = CARTESIAN_POINT('',(6.268626078664,211.87997173337));
#12570 = CARTESIAN_POINT('',(6.261332656161,208.78568291061));
#12571 = CARTESIAN_POINT('',(6.254030551965,205.69655650847));
#12572 = CARTESIAN_POINT('',(6.246718825035,202.61241703618));
#12573 = CARTESIAN_POINT('',(6.239398085727,199.53376437663));
#12574 = CARTESIAN_POINT('',(6.232067937134,196.4606554482));
#12575 = CARTESIAN_POINT('',(6.224728473489,193.39336295274));
#12576 = CARTESIAN_POINT('',(6.210030817994,187.27082587391));
#12577 = CARTESIAN_POINT('',(6.202672628858,184.21558252307));
#12578 = CARTESIAN_POINT('',(6.195305057601,181.16658460939));
#12579 = CARTESIAN_POINT('',(6.187928093032,178.12405527989));
#12580 = CARTESIAN_POINT('',(6.180541732175,175.08821993967));
#12581 = CARTESIAN_POINT('',(6.173145978969,172.05930561253));
#12582 = CARTESIAN_POINT('',(6.165740842935,169.03754030045));
#12583 = CARTESIAN_POINT('',(6.15832633788,166.02315234409));
#12584 = CARTESIAN_POINT('',(6.13605476594,157.00280465956));
#12585 = CARTESIAN_POINT('',(6.1211696398,151.01966006284));
#12586 = CARTESIAN_POINT('',(6.106247249608,145.06876618965));
#12587 = CARTESIAN_POINT('',(6.091287784701,139.15194618099));
#12588 = CARTESIAN_POINT('',(6.07629147286,133.27101304367));
#12589 = CARTESIAN_POINT('',(6.061258576877,127.42776657249));
#12590 = CARTESIAN_POINT('',(6.046189391131,121.62399027231));
#12591 = CARTESIAN_POINT('',(6.031084238148,115.8614482802));
#12592 = CARTESIAN_POINT('',(6.000802692199,104.42231629478));
#12593 = CARTESIAN_POINT('',(5.985626294849,98.745725236833));
#12594 = CARTESIAN_POINT('',(5.970414663494,93.113864130333));
#12595 = CARTESIAN_POINT('',(5.955168075266,87.528422017441));
#12596 = CARTESIAN_POINT('',(5.939887056199,81.991137940997));
#12597 = CARTESIAN_POINT('',(5.924572047993,76.503689143237));
#12598 = CARTESIAN_POINT('',(5.90922342106,71.067694364436));
#12599 = CARTESIAN_POINT('',(5.893841816152,65.684825259122));
#12600 = CARTESIAN_POINT('',(5.863013658976,55.028512918853));
#12601 = CARTESIAN_POINT('',(5.847567109342,49.755070885278));
#12602 = CARTESIAN_POINT('',(5.832088669941,44.537954416264));
#12603 = CARTESIAN_POINT('',(5.81657882642,39.378711376798));
#12604 = CARTESIAN_POINT('',(5.801038418758,34.27895414378));
#12605 = CARTESIAN_POINT('',(5.785467987752,29.240164162789));
#12606 = CARTESIAN_POINT('',(5.769868026197,24.263768003651));
#12607 = CARTESIAN_POINT('',(5.754239739848,19.351362766705));
#12608 = CARTESIAN_POINT('',(5.738583520135,14.50425152891));
#12609 = ( GEOMETRIC_REPRESENTATION_CONTEXT(2) 
PARAMETRIC_REPRESENTATION_CONTEXT() REPRESENTATION_CONTEXT('2D SPACE',''
  ) );
#12610 = PCURVE('',#12611,#12616);
#12611 = CONICAL_SURFACE('',#12612,510.,0.20539538919);
#12612 = AXIS2_PLACEMENT_3D('',#12613,#12614,#12615);
#12613 = CARTESIAN_POINT('',(0.,0.,0.));
#12614 = DIRECTION('',(1.,0.,-2.22044604925E-16));
#12615 = DIRECTION('',(-2.22044604925E-16,0.,-1.));
#12616 = DEFINITIONAL_REPRESENTATION('',(#12617),#12660);
#12617 = B_SPLINE_CURVE_WITH_KNOTS('',9,(#12618,#12619,#12620,#12621,
    #12622,#12623,#12624,#12625,#12626,#12627,#12628,#12629,#12630,
    #12631,#12632,#12633,#12634,#12635,#12636,#12637,#12638,#12639,
    #12640,#12641,#12642,#12643,#12644,#12645,#12646,#12647,#12648,
    #12649,#12650,#12651,#12652,#12653,#12654,#12655,#12656,#12657,
    #12658,#12659),.UNSPECIFIED.,.F.,.F.,(10,8,8,8,8,10),(
    2.608535066791E+03,2.650895483358E+03,2.693255899924E+03,
    2.777976733056E+03,2.862697566189E+03,2.947418399321E+03),
  .UNSPECIFIED.);
#12618 = CARTESIAN_POINT('',(6.28318530718,218.08242029425));
#12619 = CARTESIAN_POINT('',(6.275910247576,214.97894130857));
#12620 = CARTESIAN_POINT('',(6.268626078664,211.87997173337));
#12621 = CARTESIAN_POINT('',(6.261332656161,208.78568291061));
#12622 = CARTESIAN_POINT('',(6.254030551965,205.69655650847));
#12623 = CARTESIAN_POINT('',(6.246718825035,202.61241703618));
#12624 = CARTESIAN_POINT('',(6.239398085727,199.53376437663));
#12625 = CARTESIAN_POINT('',(6.232067937134,196.4606554482));
#12626 = CARTESIAN_POINT('',(6.224728473489,193.39336295274));
#12627 = CARTESIAN_POINT('',(6.210030817994,187.27082587391));
#12628 = CARTESIAN_POINT('',(6.202672628858,184.21558252307));
#12629 = CARTESIAN_POINT('',(6.195305057601,181.16658460939));
#12630 = CARTESIAN_POINT('',(6.187928093032,178.12405527989));
#12631 = CARTESIAN_POINT('',(6.180541732175,175.08821993967));
#12632 = CARTESIAN_POINT('',(6.173145978969,172.05930561253));
#12633 = CARTESIAN_POINT('',(6.165740842935,169.03754030045));
#12634 = CARTESIAN_POINT('',(6.15832633788,166.02315234409));
#12635 = CARTESIAN_POINT('',(6.13605476594,157.00280465956));
#12636 = CARTESIAN_POINT('',(6.1211696398,151.01966006284));
#12637 = CARTESIAN_POINT('',(6.106247249608,145.06876618965));
#12638 = CARTESIAN_POINT('',(6.091287784701,139.15194618099));
#12639 = CARTESIAN_POINT('',(6.07629147286,133.27101304367));
#12640 = CARTESIAN_POINT('',(6.061258576877,127.42776657249));
#12641 = CARTESIAN_POINT('',(6.046189391131,121.62399027231));
#12642 = CARTESIAN_POINT('',(6.031084238148,115.8614482802));
#12643 = CARTESIAN_POINT('',(6.000802692199,104.42231629478));
#12644 = CARTESIAN_POINT('',(5.985626294849,98.745725236833));
#12645 = CARTESIAN_POINT('',(5.970414663494,93.113864130333));
#12646 = CARTESIAN_POINT('',(5.955168075266,87.528422017441));
#12647 = CARTESIAN_POINT('',(5.939887056199,81.991137940997));
#12648 = CARTESIAN_POINT('',(5.924572047993,76.503689143237));
#12649 = CARTESIAN_POINT('',(5.90922342106,71.067694364436));
#12650 = CARTESIAN_POINT('',(5.893841816152,65.684825259122));
#12651 = CARTESIAN_POINT('',(5.863013658976,55.028512918853));
#12652 = CARTESIAN_POINT('',(5.847567109342,49.755070885278));
#12653 = CARTESIAN_POINT('',(5.832088669941,44.537954416264));
#12654 = CARTESIAN_POINT('',(5.81657882642,39.378711376798));
#12655 = CARTESIAN_POINT('',(5.801038418758,34.27895414378));
#12656 = CARTESIAN_POINT('',(5.785467987752,29.240164162789));
#12657 = CARTESIAN_POINT('',(5.769868026197,24.263768003651));
#12658 = CARTESIAN_POINT('',(5.754239739848,19.351362766705));
#12659 = CARTESIAN_POINT('',(5.738583520135,14.50425152891));
#12660 = ( GEOMETRIC_REPRESENTATION_CONTEXT(2) 
PARAMETRIC_REPRESENTATION_CONTEXT() REPRESENTATION_CONTEXT('2D SPACE',''
  ) );
#12661 = ORIENTED_EDGE('',*,*,#12662,.T.);
#12662 = EDGE_CURVE('',#12510,#12446,#12663,.T.);
#12663 = SURFACE_CURVE('',#12664,(#12675,#12689),.PCURVE_S1.);
#12664 = B_SPLINE_CURVE_WITH_KNOTS('',9,(#12665,#12666,#12667,#12668,
    #12669,#12670,#12671,#12672,#12673,#12674),.UNSPECIFIED.,.F.,.F.,(10
    ,10),(0.,1.),.PIECEWISE_BEZIER_KNOTS.);
#12665 = CARTESIAN_POINT('',(14.50425152891,-265.7850233318,
    -438.8047465706));
#12666 = CARTESIAN_POINT('',(14.484122756968,-265.8113801687,
    -438.7838794175));
#12667 = CARTESIAN_POINT('',(14.462170611553,-265.8360430689,
    -438.7635910957));
#12668 = CARTESIAN_POINT('',(14.435814559551,-265.8560800875,
    -438.7450311899));
#12669 = CARTESIAN_POINT('',(14.407862864927,-265.8842540282,
    -438.7211483184));
#12670 = CARTESIAN_POINT('',(14.384318128961,-265.8905309933,
    -438.7116059611));
#12671 = CARTESIAN_POINT('',(14.339507014912,-265.9132277657,
    -438.6869379574));
#12672 = CARTESIAN_POINT('',(14.334805292863,-265.9488438909,
    -438.6641992922));
#12673 = CARTESIAN_POINT('',(14.328823426079,-265.9805169084,
    -438.6435368048));
#12674 = CARTESIAN_POINT('',(14.328823425984,-266.013944395,
    -438.6232638775));
#12675 = PCURVE('',#12457,#12676);
#12676 = DEFINITIONAL_REPRESENTATION('',(#12677),#12688);
#12677 = B_SPLINE_CURVE_WITH_KNOTS('',9,(#12678,#12679,#12680,#12681,
    #12682,#12683,#12684,#12685,#12686,#12687),.UNSPECIFIED.,.F.,.F.,(10
    ,10),(0.,1.),.PIECEWISE_BEZIER_KNOTS.);
#12678 = CARTESIAN_POINT('',(5.738583520135,14.50425152891));
#12679 = CARTESIAN_POINT('',(5.738518503993,14.484122757145));
#12680 = CARTESIAN_POINT('',(5.738456637744,14.462435066354));
#12681 = CARTESIAN_POINT('',(5.738405643539,14.43481051154));
#12682 = CARTESIAN_POINT('',(5.73833220077,14.409674937202));
#12683 = CARTESIAN_POINT('',(5.738314856967,14.382412104305));
#12684 = CARTESIAN_POINT('',(5.73825011099,14.340673048941));
#12685 = CARTESIAN_POINT('',(5.738168583033,14.334469055062));
#12686 = CARTESIAN_POINT('',(5.738094750836,14.328823425984));
#12687 = CARTESIAN_POINT('',(5.738018540818,14.328823425984));
#12688 = ( GEOMETRIC_REPRESENTATION_CONTEXT(2) 
PARAMETRIC_REPRESENTATION_CONTEXT() REPRESENTATION_CONTEXT('2D SPACE',''
  ) );
#12689 = PCURVE('',#12611,#12690);
#12690 = DEFINITIONAL_REPRESENTATION('',(#12691),#12702);
#12691 = B_SPLINE_CURVE_WITH_KNOTS('',9,(#12692,#12693,#12694,#12695,
    #12696,#12697,#12698,#12699,#12700,#12701),.UNSPECIFIED.,.F.,.F.,(10
    ,10),(0.,1.),.PIECEWISE_BEZIER_KNOTS.);
#12692 = CARTESIAN_POINT('',(5.738583520135,14.50425152891));
#12693 = CARTESIAN_POINT('',(5.738518503993,14.484122757145));
#12694 = CARTESIAN_POINT('',(5.738456637744,14.462435066354));
#12695 = CARTESIAN_POINT('',(5.738405643539,14.43481051154));
#12696 = CARTESIAN_POINT('',(5.73833220077,14.409674937202));
#12697 = CARTESIAN_POINT('',(5.738314856967,14.382412104305));
#12698 = CARTESIAN_POINT('',(5.73825011099,14.340673048941));
#12699 = CARTESIAN_POINT('',(5.738168583033,14.334469055062));
#12700 = CARTESIAN_POINT('',(5.738094750836,14.328823425984));
#12701 = CARTESIAN_POINT('',(5.738018540818,14.328823425984));
#12702 = ( GEOMETRIC_REPRESENTATION_CONTEXT(2) 
PARAMETRIC_REPRESENTATION_CONTEXT() REPRESENTATION_CONTEXT('2D SPACE',''
  ) );
#12703 = ADVANCED_FACE('',(#12704),#12469,.T.);
#12704 = FACE_BOUND('',#12705,.F.);
#12705 = EDGE_LOOP('',(#12706,#12742,#12743,#12770));
#12706 = ORIENTED_EDGE('',*,*,#12707,.F.);
#12707 = EDGE_CURVE('',#12446,#12708,#12710,.T.);
#12708 = VERTEX_POINT('',#12709);
#12709 = CARTESIAN_POINT('',(6.661338147751E-16,-256.876050684,
    -423.5560358282));
#12710 = SURFACE_CURVE('',#12711,(#12721,#12731),.PCURVE_S1.);
#12711 = B_SPLINE_CURVE_WITH_KNOTS('',8,(#12712,#12713,#12714,#12715,
    #12716,#12717,#12718,#12719,#12720),.UNSPECIFIED.,.F.,.F.,(9,9),(0.,
    1.),.PIECEWISE_BEZIER_KNOTS.);
#12712 = CARTESIAN_POINT('',(14.328823425984,-266.013944395,
    -438.6232638775));
#12713 = CARTESIAN_POINT('',(11.321246664218,-265.68902542,
    -438.0875136872));
#12714 = CARTESIAN_POINT('',(8.435888313177,-265.0598927914,
    -437.0501537565));
#12715 = CARTESIAN_POINT('',(5.806252688298,-264.1409704877,
    -435.5349673964));
#12716 = CARTESIAN_POINT('',(3.558237366506,-262.9655812406,
    -433.5968995667));
#12717 = CARTESIAN_POINT('',(1.79773565609,-261.5846264327,
    -431.319880193));
#12718 = CARTESIAN_POINT('',(0.599245874947,-260.0622454953,
    -428.8096670643));
#12719 = CARTESIAN_POINT('',(2.22044604925E-16,-258.469148001,
    -426.1828513001));
#12720 = CARTESIAN_POINT('',(6.661338147751E-16,-256.876050684,
    -423.5560358282));
#12721 = PCURVE('',#12469,#12722);
#12722 = DEFINITIONAL_REPRESENTATION('',(#12723),#12730);
#12723 = B_SPLINE_CURVE_WITH_KNOTS('',5,(#12724,#12725,#12726,#12727,
    #12728,#12729),.UNSPECIFIED.,.F.,.F.,(6,6),(0.,1.),
  .PIECEWISE_BEZIER_KNOTS.);
#12724 = CARTESIAN_POINT('',(-5.738018540818,0.20539538919));
#12725 = CARTESIAN_POINT('',(-5.738018540818,0.478475576711));
#12726 = CARTESIAN_POINT('',(-5.738018540818,0.751555765407));
#12727 = CARTESIAN_POINT('',(-5.738018540818,1.024635950577));
#12728 = CARTESIAN_POINT('',(-5.738018540818,1.297716139274));
#12729 = CARTESIAN_POINT('',(-5.738018540818,1.570796326795));
#12730 = ( GEOMETRIC_REPRESENTATION_CONTEXT(2) 
PARAMETRIC_REPRESENTATION_CONTEXT() REPRESENTATION_CONTEXT('2D SPACE',''
  ) );
#12731 = PCURVE('',#12732,#12737);
#12732 = TOROIDAL_SURFACE('',#12733,495.3635239918,18.);
#12733 = AXIS2_PLACEMENT_3D('',#12734,#12735,#12736);
#12734 = CARTESIAN_POINT('',(18.,0.,-3.996802888651E-15));
#12735 = DIRECTION('',(-1.,0.,2.22044604925E-16));
#12736 = DIRECTION('',(1.933886501647E-16,-0.491380417772,0.870945052819
    ));
#12737 = DEFINITIONAL_REPRESENTATION('',(#12738),#12741);
#12738 = B_SPLINE_CURVE_WITH_KNOTS('',1,(#12739,#12740),.UNSPECIFIED.,
  .F.,.F.,(2,2),(0.,1.),.PIECEWISE_BEZIER_KNOTS.);
#12739 = CARTESIAN_POINT('',(-2.08275187626,0.20539538919));
#12740 = CARTESIAN_POINT('',(-2.08275187626,1.570796326795));
#12741 = ( GEOMETRIC_REPRESENTATION_CONTEXT(2) 
PARAMETRIC_REPRESENTATION_CONTEXT() REPRESENTATION_CONTEXT('2D SPACE',''
  ) );
#12742 = ORIENTED_EDGE('',*,*,#12445,.T.);
#12743 = ORIENTED_EDGE('',*,*,#12744,.T.);
#12744 = EDGE_CURVE('',#12448,#12745,#12747,.T.);
#12745 = VERTEX_POINT('',#12746);
#12746 = CARTESIAN_POINT('',(-1.101341240428E-13,-6.066453540709E-14,
    -495.3635239918));
#12747 = SURFACE_CURVE('',#12748,(#12753,#12759),.PCURVE_S1.);
#12748 = CIRCLE('',#12749,18.);
#12749 = AXIS2_PLACEMENT_3D('',#12750,#12751,#12752);
#12750 = CARTESIAN_POINT('',(18.,-6.066453540709E-14,-495.3635239918));
#12751 = DIRECTION('',(-2.719262146894E-32,1.,-1.224646799147E-16));
#12752 = DIRECTION('',(-2.22044604925E-16,-1.224646799147E-16,-1.));
#12753 = PCURVE('',#12469,#12754);
#12754 = DEFINITIONAL_REPRESENTATION('',(#12755),#12758);
#12755 = B_SPLINE_CURVE_WITH_KNOTS('',1,(#12756,#12757),.UNSPECIFIED.,
  .F.,.F.,(2,2),(0.20539538919,1.570796326795),
  .PIECEWISE_BEZIER_KNOTS.);
#12756 = CARTESIAN_POINT('',(-6.28318530718,0.20539538919));
#12757 = CARTESIAN_POINT('',(-6.28318530718,1.570796326795));
#12758 = ( GEOMETRIC_REPRESENTATION_CONTEXT(2) 
PARAMETRIC_REPRESENTATION_CONTEXT() REPRESENTATION_CONTEXT('2D SPACE',''
  ) );
#12759 = PCURVE('',#12760,#12765);
#12760 = TOROIDAL_SURFACE('',#12761,495.3635239918,18.);
#12761 = AXIS2_PLACEMENT_3D('',#12762,#12763,#12764);
#12762 = CARTESIAN_POINT('',(18.,0.,-3.996802888651E-15));
#12763 = DIRECTION('',(-1.,0.,2.22044604925E-16));
#12764 = DIRECTION('',(-2.22044604925E-16,-1.224646799147E-16,-1.));
#12765 = DEFINITIONAL_REPRESENTATION('',(#12766),#12769);
#12766 = B_SPLINE_CURVE_WITH_KNOTS('',1,(#12767,#12768),.UNSPECIFIED.,
  .F.,.F.,(2,2),(0.20539538919,1.570796326795),
  .PIECEWISE_BEZIER_KNOTS.);
#12767 = CARTESIAN_POINT('',(0.,0.20539538919));
#12768 = CARTESIAN_POINT('',(0.,1.570796326795));
#12769 = ( GEOMETRIC_REPRESENTATION_CONTEXT(2) 
PARAMETRIC_REPRESENTATION_CONTEXT() REPRESENTATION_CONTEXT('2D SPACE',''
  ) );
#12770 = ORIENTED_EDGE('',*,*,#12771,.F.);
#12771 = EDGE_CURVE('',#12708,#12745,#12772,.T.);
#12772 = SURFACE_CURVE('',#12773,(#12778,#12785),.PCURVE_S1.);
#12773 = CIRCLE('',#12774,495.3635239918);
#12774 = AXIS2_PLACEMENT_3D('',#12775,#12776,#12777);
#12775 = CARTESIAN_POINT('',(0.,0.,0.));
#12776 = DIRECTION('',(1.,0.,-2.22044604925E-16));
#12777 = DIRECTION('',(-2.22044604925E-16,-1.224646799147E-16,-1.));
#12778 = PCURVE('',#12469,#12779);
#12779 = DEFINITIONAL_REPRESENTATION('',(#12780),#12784);
#12780 = LINE('',#12781,#12782);
#12781 = CARTESIAN_POINT('',(-0.,1.570796326795));
#12782 = VECTOR('',#12783,1.);
#12783 = DIRECTION('',(-1.,0.));
#12784 = ( GEOMETRIC_REPRESENTATION_CONTEXT(2) 
PARAMETRIC_REPRESENTATION_CONTEXT() REPRESENTATION_CONTEXT('2D SPACE',''
  ) );
#12785 = PCURVE('',#12786,#12791);
#12786 = PLANE('',#12787);
#12787 = AXIS2_PLACEMENT_3D('',#12788,#12789,#12790);
#12788 = CARTESIAN_POINT('',(0.,0.,0.));
#12789 = DIRECTION('',(1.,0.,-2.22044604925E-16));
#12790 = DIRECTION('',(-2.22044604925E-16,0.,-1.));
#12791 = DEFINITIONAL_REPRESENTATION('',(#12792),#12796);
#12792 = CIRCLE('',#12793,495.3635239918);
#12793 = AXIS2_PLACEMENT_2D('',#12794,#12795);
#12794 = CARTESIAN_POINT('',(0.,0.));
#12795 = DIRECTION('',(1.,-1.224646799147E-16));
#12796 = ( GEOMETRIC_REPRESENTATION_CONTEXT(2) 
PARAMETRIC_REPRESENTATION_CONTEXT() REPRESENTATION_CONTEXT('2D SPACE',''
  ) );
#12797 = ADVANCED_FACE('',(#12798),#12611,.T.);
#12798 = FACE_BOUND('',#12799,.T.);
#12799 = EDGE_LOOP('',(#12800,#12801,#12824,#12939,#12984,#13013,#13063,
    #13113,#13114,#13234,#13278,#13300));
#12800 = ORIENTED_EDGE('',*,*,#12509,.F.);
#12801 = ORIENTED_EDGE('',*,*,#12802,.T.);
#12802 = EDGE_CURVE('',#12482,#12803,#12805,.T.);
#12803 = VERTEX_POINT('',#12804);
#12804 = CARTESIAN_POINT('',(915.51192986445,-1.716297549501E-13,
    -700.731652055));
#12805 = SEAM_CURVE('',#12806,(#12810,#12817),.PCURVE_S1.);
#12806 = LINE('',#12807,#12808);
#12807 = CARTESIAN_POINT('',(-1.132427485118E-13,-1.24913973513E-13,
    -510.));
#12808 = VECTOR('',#12809,1.);
#12809 = DIRECTION('',(0.978980419738,-4.995438489415E-17,
    -0.203954254112));
#12810 = PCURVE('',#12611,#12811);
#12811 = DEFINITIONAL_REPRESENTATION('',(#12812),#12816);
#12812 = LINE('',#12813,#12814);
#12813 = CARTESIAN_POINT('',(0.,-0.));
#12814 = VECTOR('',#12815,1.);
#12815 = DIRECTION('',(0.,1.));
#12816 = ( GEOMETRIC_REPRESENTATION_CONTEXT(2) 
PARAMETRIC_REPRESENTATION_CONTEXT() REPRESENTATION_CONTEXT('2D SPACE',''
  ) );
#12817 = PCURVE('',#12611,#12818);
#12818 = DEFINITIONAL_REPRESENTATION('',(#12819),#12823);
#12819 = LINE('',#12820,#12821);
#12820 = CARTESIAN_POINT('',(6.28318530718,-0.));
#12821 = VECTOR('',#12822,1.);
#12822 = DIRECTION('',(0.,1.));
#12823 = ( GEOMETRIC_REPRESENTATION_CONTEXT(2) 
PARAMETRIC_REPRESENTATION_CONTEXT() REPRESENTATION_CONTEXT('2D SPACE',''
  ) );
#12824 = ORIENTED_EDGE('',*,*,#12825,.F.);
#12825 = EDGE_CURVE('',#12826,#12803,#12828,.T.);
#12826 = VERTEX_POINT('',#12827);
#12827 = CARTESIAN_POINT('',(1.058119225954E+03,117.16449644701,
    720.98354603708));
#12828 = SURFACE_CURVE('',#12829,(#12868,#12901),.PCURVE_S1.);
#12829 = B_SPLINE_CURVE_WITH_KNOTS('',10,(#12830,#12831,#12832,#12833,
    #12834,#12835,#12836,#12837,#12838,#12839,#12840,#12841,#12842,
    #12843,#12844,#12845,#12846,#12847,#12848,#12849,#12850,#12851,
    #12852,#12853,#12854,#12855,#12856,#12857,#12858,#12859,#12860,
    #12861,#12862,#12863,#12864,#12865,#12866,#12867),.UNSPECIFIED.,.F.,
  .F.,(11,9,9,9,11),(-94.45238762923,-14.40317648428,0.,
    1.32574052869E+03,2.651481057379E+03),.UNSPECIFIED.);
#12830 = CARTESIAN_POINT('',(1.157040349467E+03,198.3340809687,
    726.97897087848));
#12831 = CARTESIAN_POINT('',(1.149319449093E+03,191.9989120786,
    726.52739706766));
#12832 = CARTESIAN_POINT('',(1.141602296592E+03,185.66681840064,
    726.07604245946));
#12833 = CARTESIAN_POINT('',(1.133888891963E+03,179.33779993481,
    725.62490705388));
#12834 = CARTESIAN_POINT('',(1.126179235207E+03,173.01185668113,
    725.17399085092));
#12835 = CARTESIAN_POINT('',(1.118473326324E+03,166.68898863958,
    724.72329385058));
#12836 = CARTESIAN_POINT('',(1.110771165314E+03,160.36919581017,
    724.27281605286));
#12837 = CARTESIAN_POINT('',(1.103072752176E+03,154.0524781929,
    723.82255745777));
#12838 = CARTESIAN_POINT('',(1.095378086911E+03,147.73883578776,
    723.3725180653));
#12839 = CARTESIAN_POINT('',(1.087687169519E+03,141.42826859477,
    722.92269787544));
#12840 = CARTESIAN_POINT('',(1.078616855086E+03,133.98587573389,
    722.3922006211));
#12841 = CARTESIAN_POINT('',(1.0772339138E+03,132.85111879143,
    722.30945734646));
#12842 = CARTESIAN_POINT('',(1.075851180394E+03,131.71650925316,
    722.22486734929));
#12843 = CARTESIAN_POINT('',(1.074468659119E+03,130.58205058514,
    722.1384309118));
#12844 = CARTESIAN_POINT('',(1.073086354231E+03,129.44774625444,
    722.05014832142));
#12845 = CARTESIAN_POINT('',(1.071704269975E+03,128.31359972672,
    721.96001985817));
#12846 = CARTESIAN_POINT('',(1.070322410611E+03,127.17961446919,
    721.86804581024));
#12847 = CARTESIAN_POINT('',(1.068940780385E+03,126.04579394772,
    721.7742264588));
#12848 = CARTESIAN_POINT('',(1.067559383553E+03,124.91214162908,
    721.67856208966));
#12849 = CARTESIAN_POINT('',(939.04941261121,19.44742285697,
    712.60582656337));
#12850 = CARTESIAN_POINT('',(813.93424911745,-83.42917633409,
    688.00181624));
#12851 = CARTESIAN_POINT('',(694.2952682138,-182.0263726027,
    648.017874204));
#12852 = CARTESIAN_POINT('',(583.45940934798,-273.6063071388,
    593.4466479657));
#12853 = CARTESIAN_POINT('',(484.49791787044,-355.6046992996,
    525.5683622224));
#12854 = CARTESIAN_POINT('',(400.08974674909,-425.743531106,
    446.15032291252));
#12855 = CARTESIAN_POINT('',(332.42015069462,-482.1022106356,
    357.34163958253));
#12856 = CARTESIAN_POINT('',(283.0778266334,-523.2530381562,
    261.69687364637));
#12857 = CARTESIAN_POINT('',(252.98233888358,-548.364825905,
    161.94147870009));
#12858 = CARTESIAN_POINT('',(231.83433262113,-566.0129798064,
    -40.24146583378));
#12859 = CARTESIAN_POINT('',(240.78171294292,-558.5494447468,
    -142.6693669409));
#12860 = CARTESIAN_POINT('',(269.52430072994,-534.5504157185,
    -243.6558793349));
#12861 = CARTESIAN_POINT('',(317.68193740537,-494.3589543709,
    -340.3937086231));
#12862 = CARTESIAN_POINT('',(384.24346312784,-438.8972406816,
    -430.1094276134));
#12863 = CARTESIAN_POINT('',(467.47214010262,-369.7320991518,
    -510.3149286603));
#12864 = CARTESIAN_POINT('',(565.12375762172,-288.8137776625,
    -578.9205055218));
#12865 = CARTESIAN_POINT('',(674.44497532907,-198.4781385471,
    -634.2389856637));
#12866 = CARTESIAN_POINT('',(792.34767046923,-101.2964632622,
    -675.0724313477));
#12867 = CARTESIAN_POINT('',(915.51192986445,-1.716297549501E-13,
    -700.731652055));
#12868 = PCURVE('',#12611,#12869);
#12869 = DEFINITIONAL_REPRESENTATION('',(#12870),#12900);
#12870 = B_SPLINE_CURVE_WITH_KNOTS('',10,(#12871,#12872,#12873,#12874,
    #12875,#12876,#12877,#12878,#12879,#12880,#12881,#12882,#12883,
    #12884,#12885,#12886,#12887,#12888,#12889,#12890,#12891,#12892,
    #12893,#12894,#12895,#12896,#12897,#12898,#12899),.UNSPECIFIED.,.F.,
  .F.,(11,9,9,11),(-14.40317648428,0.,1.32574052869E+03,
    2.651481057379E+03),.UNSPECIFIED.);
#12871 = CARTESIAN_POINT('',(2.956703282424,1.08E+03));
#12872 = CARTESIAN_POINT('',(2.958200815094,1.078616855086E+03));
#12873 = CARTESIAN_POINT('',(2.959698997991,1.0772339138E+03));
#12874 = CARTESIAN_POINT('',(2.961197831835,1.075851180395E+03));
#12875 = CARTESIAN_POINT('',(2.962697317336,1.074468659119E+03));
#12876 = CARTESIAN_POINT('',(2.964197455224,1.073086354231E+03));
#12877 = CARTESIAN_POINT('',(2.965698246202,1.071704269975E+03));
#12878 = CARTESIAN_POINT('',(2.967199691001,1.070322410611E+03));
#12879 = CARTESIAN_POINT('',(2.968701790329,1.068940780385E+03));
#12880 = CARTESIAN_POINT('',(2.970204544909,1.067559383553E+03));
#12881 = CARTESIAN_POINT('',(3.110089394911,939.0494126112));
#12882 = CARTESIAN_POINT('',(3.254027874221,813.93424911749));
#12883 = CARTESIAN_POINT('',(3.403916358692,694.29526821371));
#12884 = CARTESIAN_POINT('',(3.560034136567,583.45940934813));
#12885 = CARTESIAN_POINT('',(3.722451386754,484.49791787027));
#12886 = CARTESIAN_POINT('',(3.89088503221,400.08974674923));
#12887 = CARTESIAN_POINT('',(4.064638499576,332.42015069454));
#12888 = CARTESIAN_POINT('',(4.242402808806,283.07782663343));
#12889 = CARTESIAN_POINT('',(4.422609110415,252.98233888357));
#12890 = CARTESIAN_POINT('',(4.784613146854,231.83433262113));
#12891 = CARTESIAN_POINT('',(4.966411468564,240.78171294291));
#12892 = CARTESIAN_POINT('',(5.147354772812,269.52430072995));
#12893 = CARTESIAN_POINT('',(5.325746815711,317.68193740535));
#12894 = CARTESIAN_POINT('',(5.499939006242,384.24346312788));
#12895 = CARTESIAN_POINT('',(5.668751217536,467.47214010257));
#12896 = CARTESIAN_POINT('',(5.831579678952,565.12375762176));
#12897 = CARTESIAN_POINT('',(5.98817795123,674.44497532905));
#12898 = CARTESIAN_POINT('',(6.138627168604,792.34767046924));
#12899 = CARTESIAN_POINT('',(6.28318530718,915.51192986445));
#12900 = ( GEOMETRIC_REPRESENTATION_CONTEXT(2) 
PARAMETRIC_REPRESENTATION_CONTEXT() REPRESENTATION_CONTEXT('2D SPACE',''
  ) );
#12901 = PCURVE('',#12902,#12907);
#12902 = CONICAL_SURFACE('',#12903,510.,0.20539538919);
#12903 = AXIS2_PLACEMENT_3D('',#12904,#12905,#12906);
#12904 = CARTESIAN_POINT('',(0.,0.,0.));
#12905 = DIRECTION('',(1.,0.,-2.22044604925E-16));
#12906 = DIRECTION('',(-2.22044604925E-16,0.,-1.));
#12907 = DEFINITIONAL_REPRESENTATION('',(#12908),#12938);
#12908 = B_SPLINE_CURVE_WITH_KNOTS('',10,(#12909,#12910,#12911,#12912,
    #12913,#12914,#12915,#12916,#12917,#12918,#12919,#12920,#12921,
    #12922,#12923,#12924,#12925,#12926,#12927,#12928,#12929,#12930,
    #12931,#12932,#12933,#12934,#12935,#12936,#12937),.UNSPECIFIED.,.F.,
  .F.,(11,9,9,11),(-14.40317648428,0.,1.32574052869E+03,
    2.651481057379E+03),.UNSPECIFIED.);
#12909 = CARTESIAN_POINT('',(2.956703282424,1.08E+03));
#12910 = CARTESIAN_POINT('',(2.958200815094,1.078616855086E+03));
#12911 = CARTESIAN_POINT('',(2.959698997991,1.0772339138E+03));
#12912 = CARTESIAN_POINT('',(2.961197831835,1.075851180395E+03));
#12913 = CARTESIAN_POINT('',(2.962697317336,1.074468659119E+03));
#12914 = CARTESIAN_POINT('',(2.964197455224,1.073086354231E+03));
#12915 = CARTESIAN_POINT('',(2.965698246202,1.071704269975E+03));
#12916 = CARTESIAN_POINT('',(2.967199691001,1.070322410611E+03));
#12917 = CARTESIAN_POINT('',(2.968701790329,1.068940780385E+03));
#12918 = CARTESIAN_POINT('',(2.970204544909,1.067559383553E+03));
#12919 = CARTESIAN_POINT('',(3.110089394911,939.0494126112));
#12920 = CARTESIAN_POINT('',(3.254027874221,813.93424911749));
#12921 = CARTESIAN_POINT('',(3.403916358692,694.29526821371));
#12922 = CARTESIAN_POINT('',(3.560034136567,583.45940934813));
#12923 = CARTESIAN_POINT('',(3.722451386754,484.49791787027));
#12924 = CARTESIAN_POINT('',(3.89088503221,400.08974674923));
#12925 = CARTESIAN_POINT('',(4.064638499576,332.42015069454));
#12926 = CARTESIAN_POINT('',(4.242402808806,283.07782663343));
#12927 = CARTESIAN_POINT('',(4.422609110415,252.98233888357));
#12928 = CARTESIAN_POINT('',(4.784613146854,231.83433262113));
#12929 = CARTESIAN_POINT('',(4.966411468564,240.78171294291));
#12930 = CARTESIAN_POINT('',(5.147354772812,269.52430072995));
#12931 = CARTESIAN_POINT('',(5.325746815711,317.68193740535));
#12932 = CARTESIAN_POINT('',(5.499939006242,384.24346312788));
#12933 = CARTESIAN_POINT('',(5.668751217536,467.47214010257));
#12934 = CARTESIAN_POINT('',(5.831579678952,565.12375762176));
#12935 = CARTESIAN_POINT('',(5.98817795123,674.44497532905));
#12936 = CARTESIAN_POINT('',(6.138627168604,792.34767046924));
#12937 = CARTESIAN_POINT('',(6.28318530718,915.51192986445));
#12938 = ( GEOMETRIC_REPRESENTATION_CONTEXT(2) 
PARAMETRIC_REPRESENTATION_CONTEXT() REPRESENTATION_CONTEXT('2D SPACE',''
  ) );
#12939 = ORIENTED_EDGE('',*,*,#12940,.F.);
#12940 = EDGE_CURVE('',#12941,#12826,#12943,.T.);
#12941 = VERTEX_POINT('',#12942);
#12942 = CARTESIAN_POINT('',(1.058328823426E+03,117.33586534642,
    720.99991716613));
#12943 = SURFACE_CURVE('',#12944,(#12956,#12970),.PCURVE_S1.);
#12944 = B_SPLINE_CURVE_WITH_KNOTS('',10,(#12945,#12946,#12947,#12948,
    #12949,#12950,#12951,#12952,#12953,#12954,#12955),.UNSPECIFIED.,.F.,
  .F.,(11,11),(0.,1.),.PIECEWISE_BEZIER_KNOTS.);
#12945 = CARTESIAN_POINT('',(1.058328823426E+03,117.33586534642,
    720.99991716613));
#12946 = CARTESIAN_POINT('',(1.058328823427E+03,117.30789751149,
    721.00446866491));
#12947 = CARTESIAN_POINT('',(1.05832155129E+03,117.2799409871,
    721.00748228326));
#12948 = CARTESIAN_POINT('',(1.058287088193E+03,117.24989736163,
    721.00509367712));
#12949 = CARTESIAN_POINT('',(1.058259125287E+03,117.26839431419,
    720.99618242211));
#12950 = CARTESIAN_POINT('',(1.058247029233E+03,117.22301684558,
    721.00101082164));
#12951 = CARTESIAN_POINT('',(1.058206858501E+03,117.235405411,
    720.99051501453));
#12952 = CARTESIAN_POINT('',(1.058191309377E+03,117.21036950566,
    720.99130520551));
#12953 = CARTESIAN_POINT('',(1.05816348291E+03,117.19915300684,
    720.98725466163));
#12954 = CARTESIAN_POINT('',(1.058141124822E+03,117.18247022657,
    720.98524729371));
#12955 = CARTESIAN_POINT('',(1.058119225954E+03,117.16449644701,
    720.98354603708));
#12956 = PCURVE('',#12611,#12957);
#12957 = DEFINITIONAL_REPRESENTATION('',(#12958),#12969);
#12958 = B_SPLINE_CURVE_WITH_KNOTS('',9,(#12959,#12960,#12961,#12962,
    #12963,#12964,#12965,#12966,#12967,#12968),.UNSPECIFIED.,.F.,.F.,(10
    ,10),(0.,1.),.PIECEWISE_BEZIER_KNOTS.);
#12959 = CARTESIAN_POINT('',(2.980266474581,1.058328823426E+03));
#12960 = CARTESIAN_POINT('',(2.980309574964,1.058328823426E+03));
#12961 = CARTESIAN_POINT('',(2.980354313491,1.058320400097E+03));
#12962 = CARTESIAN_POINT('',(2.980384852599,1.058269437251E+03));
#12963 = CARTESIAN_POINT('',(2.980368530086,1.05826050476E+03));
#12964 = CARTESIAN_POINT('',(2.98042187914,1.058221161915E+03));
#12965 = CARTESIAN_POINT('',(2.980415925559,1.058197556314E+03));
#12966 = CARTESIAN_POINT('',(2.980446129035,1.05816911085E+03));
#12967 = CARTESIAN_POINT('',(2.980467866338,1.058143558034E+03));
#12968 = CARTESIAN_POINT('',(2.980494438028,1.058119225954E+03));
#12969 = ( GEOMETRIC_REPRESENTATION_CONTEXT(2) 
PARAMETRIC_REPRESENTATION_CONTEXT() REPRESENTATION_CONTEXT('2D SPACE',''
  ) );
#12970 = PCURVE('',#12902,#12971);
#12971 = DEFINITIONAL_REPRESENTATION('',(#12972),#12983);
#12972 = B_SPLINE_CURVE_WITH_KNOTS('',9,(#12973,#12974,#12975,#12976,
    #12977,#12978,#12979,#12980,#12981,#12982),.UNSPECIFIED.,.F.,.F.,(10
    ,10),(0.,1.),.PIECEWISE_BEZIER_KNOTS.);
#12973 = CARTESIAN_POINT('',(2.980266474581,1.058328823426E+03));
#12974 = CARTESIAN_POINT('',(2.980309574964,1.058328823426E+03));
#12975 = CARTESIAN_POINT('',(2.980354313491,1.058320400097E+03));
#12976 = CARTESIAN_POINT('',(2.980384852599,1.058269437251E+03));
#12977 = CARTESIAN_POINT('',(2.980368530086,1.05826050476E+03));
#12978 = CARTESIAN_POINT('',(2.98042187914,1.058221161915E+03));
#12979 = CARTESIAN_POINT('',(2.980415925559,1.058197556314E+03));
#12980 = CARTESIAN_POINT('',(2.980446129035,1.05816911085E+03));
#12981 = CARTESIAN_POINT('',(2.980467866338,1.058143558034E+03));
#12982 = CARTESIAN_POINT('',(2.980494438028,1.058119225954E+03));
#12983 = ( GEOMETRIC_REPRESENTATION_CONTEXT(2) 
PARAMETRIC_REPRESENTATION_CONTEXT() REPRESENTATION_CONTEXT('2D SPACE',''
  ) );
#12984 = ORIENTED_EDGE('',*,*,#12985,.F.);
#12985 = EDGE_CURVE('',#12986,#12941,#12988,.T.);
#12986 = VERTEX_POINT('',#12987);
#12987 = CARTESIAN_POINT('',(1.058328823426E+03,117.33586534642,
    -720.9999171661));
#12988 = SURFACE_CURVE('',#12989,(#12994,#13001),.PCURVE_S1.);
#12989 = CIRCLE('',#12990,730.48517154708);
#12990 = AXIS2_PLACEMENT_3D('',#12991,#12992,#12993);
#12991 = CARTESIAN_POINT('',(1.058328823426E+03,0.,-2.349962054784E-13)
  );
#12992 = DIRECTION('',(1.,0.,-2.22044604925E-16));
#12993 = DIRECTION('',(-2.22044604925E-16,-1.224646799147E-16,-1.));
#12994 = PCURVE('',#12611,#12995);
#12995 = DEFINITIONAL_REPRESENTATION('',(#12996),#13000);
#12996 = LINE('',#12997,#12998);
#12997 = CARTESIAN_POINT('',(0.,1.058328823426E+03));
#12998 = VECTOR('',#12999,1.);
#12999 = DIRECTION('',(1.,0.));
#13000 = ( GEOMETRIC_REPRESENTATION_CONTEXT(2) 
PARAMETRIC_REPRESENTATION_CONTEXT() REPRESENTATION_CONTEXT('2D SPACE',''
  ) );
#13001 = PCURVE('',#13002,#13007);
#13002 = TOROIDAL_SURFACE('',#13003,712.8635239918,18.);
#13003 = AXIS2_PLACEMENT_3D('',#13004,#13005,#13006);
#13004 = CARTESIAN_POINT('',(1.062E+03,0.,-2.358113704304E-13));
#13005 = DIRECTION('',(1.,0.,-2.22044604925E-16));
#13006 = DIRECTION('',(-2.22044604925E-16,-1.224646799147E-16,-1.));
#13007 = DEFINITIONAL_REPRESENTATION('',(#13008),#13012);
#13008 = LINE('',#13009,#13010);
#13009 = CARTESIAN_POINT('',(0.,6.07778991799));
#13010 = VECTOR('',#13011,1.);
#13011 = DIRECTION('',(1.,0.));
#13012 = ( GEOMETRIC_REPRESENTATION_CONTEXT(2) 
PARAMETRIC_REPRESENTATION_CONTEXT() REPRESENTATION_CONTEXT('2D SPACE',''
  ) );
#13013 = ORIENTED_EDGE('',*,*,#13014,.T.);
#13014 = EDGE_CURVE('',#12986,#13015,#13017,.T.);
#13015 = VERTEX_POINT('',#13016);
#13016 = CARTESIAN_POINT('',(1.058119225215E+03,117.1644957881,
    -720.983545939));
#13017 = SURFACE_CURVE('',#13018,(#13030,#13044),.PCURVE_S1.);
#13018 = B_SPLINE_CURVE_WITH_KNOTS('',10,(#13019,#13020,#13021,#13022,
    #13023,#13024,#13025,#13026,#13027,#13028,#13029),.UNSPECIFIED.,.F.,
  .F.,(11,11),(0.,1.),.PIECEWISE_BEZIER_KNOTS.);
#13019 = CARTESIAN_POINT('',(1.058328823426E+03,117.33586534642,
    -720.9999171661));
#13020 = CARTESIAN_POINT('',(1.058328823426E+03,117.30789741345,
    -721.0044686806));
#13021 = CARTESIAN_POINT('',(1.058321551261E+03,117.27994080409,
    -721.0074822969));
#13022 = CARTESIAN_POINT('',(1.058287088101E+03,117.24989706042,
    -721.0050936919));
#13023 = CARTESIAN_POINT('',(1.058259125028E+03,117.26839400828,
    -720.9961823973));
#13024 = CARTESIAN_POINT('',(1.058247028984E+03,117.2230164484,
    -721.0010108087));
#13025 = CARTESIAN_POINT('',(1.05820685808E+03,117.23540497096,
    -720.9905149677));
#13026 = CARTESIAN_POINT('',(1.058191308909E+03,117.21036900919,
    -720.9913051528));
#13027 = CARTESIAN_POINT('',(1.05816348234E+03,117.19915245334,
    -720.9872545916));
#13028 = CARTESIAN_POINT('',(1.058141124168E+03,117.18246962777,
    -720.9852472036));
#13029 = CARTESIAN_POINT('',(1.058119225215E+03,117.1644957881,
    -720.983545939));
#13030 = PCURVE('',#12611,#13031);
#13031 = DEFINITIONAL_REPRESENTATION('',(#13032),#13043);
#13032 = B_SPLINE_CURVE_WITH_KNOTS('',9,(#13033,#13034,#13035,#13036,
    #13037,#13038,#13039,#13040,#13041,#13042),.UNSPECIFIED.,.F.,.F.,(10
    ,10),(0.,1.),.PIECEWISE_BEZIER_KNOTS.);
#13033 = CARTESIAN_POINT('',(0.161326179008,1.058328823426E+03));
#13034 = CARTESIAN_POINT('',(0.161283078475,1.058328823426E+03));
#13035 = CARTESIAN_POINT('',(0.161238339765,1.058320399991E+03));
#13036 = CARTESIAN_POINT('',(0.161207800755,1.058269437536E+03));
#13037 = CARTESIAN_POINT('',(0.16122412235,1.058260503653E+03));
#13038 = CARTESIAN_POINT('',(0.161170774736,1.058221162626E+03));
#13039 = CARTESIAN_POINT('',(0.161176726602,1.058197555096E+03));
#13040 = CARTESIAN_POINT('',(0.161146524093,1.058169110643E+03));
#13041 = CARTESIAN_POINT('',(0.161124786359,1.058143557384E+03));
#13042 = CARTESIAN_POINT('',(0.161098214572,1.058119225215E+03));
#13043 = ( GEOMETRIC_REPRESENTATION_CONTEXT(2) 
PARAMETRIC_REPRESENTATION_CONTEXT() REPRESENTATION_CONTEXT('2D SPACE',''
  ) );
#13044 = PCURVE('',#13045,#13050);
#13045 = CONICAL_SURFACE('',#13046,510.,0.20539538919);
#13046 = AXIS2_PLACEMENT_3D('',#13047,#13048,#13049);
#13047 = CARTESIAN_POINT('',(0.,0.,0.));
#13048 = DIRECTION('',(1.,0.,-2.22044604925E-16));
#13049 = DIRECTION('',(-2.22044604925E-16,0.,-1.));
#13050 = DEFINITIONAL_REPRESENTATION('',(#13051),#13062);
#13051 = B_SPLINE_CURVE_WITH_KNOTS('',9,(#13052,#13053,#13054,#13055,
    #13056,#13057,#13058,#13059,#13060,#13061),.UNSPECIFIED.,.F.,.F.,(10
    ,10),(0.,1.),.PIECEWISE_BEZIER_KNOTS.);
#13052 = CARTESIAN_POINT('',(0.161326179008,1.058328823426E+03));
#13053 = CARTESIAN_POINT('',(0.161283078475,1.058328823426E+03));
#13054 = CARTESIAN_POINT('',(0.161238339765,1.058320399991E+03));
#13055 = CARTESIAN_POINT('',(0.161207800755,1.058269437536E+03));
#13056 = CARTESIAN_POINT('',(0.16122412235,1.058260503653E+03));
#13057 = CARTESIAN_POINT('',(0.161170774736,1.058221162626E+03));
#13058 = CARTESIAN_POINT('',(0.161176726602,1.058197555096E+03));
#13059 = CARTESIAN_POINT('',(0.161146524093,1.058169110643E+03));
#13060 = CARTESIAN_POINT('',(0.161124786359,1.058143557384E+03));
#13061 = CARTESIAN_POINT('',(0.161098214572,1.058119225215E+03));
#13062 = ( GEOMETRIC_REPRESENTATION_CONTEXT(2) 
PARAMETRIC_REPRESENTATION_CONTEXT() REPRESENTATION_CONTEXT('2D SPACE',''
  ) );
#13063 = ORIENTED_EDGE('',*,*,#13064,.F.);
#13064 = EDGE_CURVE('',#12803,#13015,#13065,.T.);
#13065 = SURFACE_CURVE('',#13066,(#13085,#13099),.PCURVE_S1.);
#13066 = B_SPLINE_CURVE_WITH_KNOTS('',9,(#13067,#13068,#13069,#13070,
    #13071,#13072,#13073,#13074,#13075,#13076,#13077,#13078,#13079,
    #13080,#13081,#13082,#13083,#13084),.UNSPECIFIED.,.F.,.F.,(10,8,10),
  (2.651481057379E+03,2.825122922924E+03,2.905346184997E+03),
  .UNSPECIFIED.);
#13067 = CARTESIAN_POINT('',(915.51192986445,0.,-700.731652055));
#13068 = CARTESIAN_POINT('',(933.43606048928,14.741703869804,
    -704.4658459352));
#13069 = CARTESIAN_POINT('',(951.47316687219,29.571766180021,
    -707.874674808));
#13070 = CARTESIAN_POINT('',(969.61127001227,44.480332996676,
    -710.9556926714));
#13071 = CARTESIAN_POINT('',(987.84429630702,59.462421342642,
    -713.7078415163));
#13072 = CARTESIAN_POINT('',(1.006155632034E+03,74.504394195512,
    -716.12815617));
#13073 = CARTESIAN_POINT('',(1.024539151877E+03,89.60125646813,
    -718.2162474174));
#13074 = CARTESIAN_POINT('',(1.042981356209E+03,104.7419589907,
    -719.9702418373));
#13075 = CARTESIAN_POINT('',(1.061471943783E+03,119.91809820209,
    -721.3894428429));
#13076 = CARTESIAN_POINT('',(1.088560038819E+03,142.14447714882,
    -722.9737495414));
#13077 = CARTESIAN_POINT('',(1.097120077637E+03,149.16817764645,
    -723.4744022017));
#13078 = CARTESIAN_POINT('',(1.105680116456E+03,156.19187814409,
    -723.9750548619));
#13079 = CARTESIAN_POINT('',(1.114240155275E+03,163.21557864173,
    -724.4757075222));
#13080 = CARTESIAN_POINT('',(1.122800194094E+03,170.23927913936,
    -724.9763601824));
#13081 = CARTESIAN_POINT('',(1.131360232912E+03,177.262979637,
    -725.4770128427));
#13082 = CARTESIAN_POINT('',(1.139920271731E+03,184.28668013464,
    -725.9776655029));
#13083 = CARTESIAN_POINT('',(1.14848031055E+03,191.31038063228,
    -726.4783181632));
#13084 = CARTESIAN_POINT('',(1.157040349369E+03,198.33408112991,
    -726.9789708234));
#13085 = PCURVE('',#12611,#13086);
#13086 = DEFINITIONAL_REPRESENTATION('',(#13087),#13098);
#13087 = B_SPLINE_CURVE_WITH_KNOTS('',9,(#13088,#13089,#13090,#13091,
    #13092,#13093,#13094,#13095,#13096,#13097),.UNSPECIFIED.,.F.,.F.,(10
    ,10),(2.651481057379E+03,2.802311751649E+03),
  .PIECEWISE_BEZIER_KNOTS.);
#13088 = CARTESIAN_POINT('',(2.775557561563E-17,915.51192986445));
#13089 = CARTESIAN_POINT('',(1.827389961546E-02,931.08138402713));
#13090 = CARTESIAN_POINT('',(3.645261312924E-02,946.73608094815));
#13091 = CARTESIAN_POINT('',(5.453568433843E-02,962.46816728338));
#13092 = CARTESIAN_POINT('',(7.252668768032E-02,978.27316146402));
#13093 = CARTESIAN_POINT('',(9.042369798144E-02,994.14178939498));
#13094 = CARTESIAN_POINT('',(0.108228710702,1.010068003221E+03));
#13095 = CARTESIAN_POINT('',(0.125942291168,1.02604448446E+03));
#13096 = CARTESIAN_POINT('',(0.143565152728,1.042063947435E+03));
#13097 = CARTESIAN_POINT('',(0.161098214572,1.058119225215E+03));
#13098 = ( GEOMETRIC_REPRESENTATION_CONTEXT(2) 
PARAMETRIC_REPRESENTATION_CONTEXT() REPRESENTATION_CONTEXT('2D SPACE',''
  ) );
#13099 = PCURVE('',#13045,#13100);
#13100 = DEFINITIONAL_REPRESENTATION('',(#13101),#13112);
#13101 = B_SPLINE_CURVE_WITH_KNOTS('',9,(#13102,#13103,#13104,#13105,
    #13106,#13107,#13108,#13109,#13110,#13111),.UNSPECIFIED.,.F.,.F.,(10
    ,10),(2.651481057379E+03,2.802311751649E+03),
  .PIECEWISE_BEZIER_KNOTS.);
#13102 = CARTESIAN_POINT('',(2.775557561563E-17,915.51192986445));
#13103 = CARTESIAN_POINT('',(1.827389961546E-02,931.08138402713));
#13104 = CARTESIAN_POINT('',(3.645261312924E-02,946.73608094815));
#13105 = CARTESIAN_POINT('',(5.453568433843E-02,962.46816728338));
#13106 = CARTESIAN_POINT('',(7.252668768032E-02,978.27316146402));
#13107 = CARTESIAN_POINT('',(9.042369798144E-02,994.14178939498));
#13108 = CARTESIAN_POINT('',(0.108228710702,1.010068003221E+03));
#13109 = CARTESIAN_POINT('',(0.125942291168,1.02604448446E+03));
#13110 = CARTESIAN_POINT('',(0.143565152728,1.042063947435E+03));
#13111 = CARTESIAN_POINT('',(0.161098214572,1.058119225215E+03));
#13112 = ( GEOMETRIC_REPRESENTATION_CONTEXT(2) 
PARAMETRIC_REPRESENTATION_CONTEXT() REPRESENTATION_CONTEXT('2D SPACE',''
  ) );
#13113 = ORIENTED_EDGE('',*,*,#12802,.F.);
#13114 = ORIENTED_EDGE('',*,*,#13115,.F.);
#13115 = EDGE_CURVE('',#13116,#12482,#13118,.T.);
#13116 = VERTEX_POINT('',#13117);
#13117 = CARTESIAN_POINT('',(14.50425132431,-265.7850238164,
    438.80474590045));
#13118 = SURFACE_CURVE('',#13119,(#13162,#13198),.PCURVE_S1.);
#13119 = B_SPLINE_CURVE_WITH_KNOTS('',11,(#13120,#13121,#13122,#13123,
    #13124,#13125,#13126,#13127,#13128,#13129,#13130,#13131,#13132,
    #13133,#13134,#13135,#13136,#13137,#13138,#13139,#13140,#13141,
    #13142,#13143,#13144,#13145,#13146,#13147,#13148,#13149,#13150,
    #13151,#13152,#13153,#13154,#13155,#13156,#13157,#13158,#13159,
    #13160,#13161),.UNSPECIFIED.,.F.,.F.,(12,10,10,10,12),(
    -142.1304441136,-33.90433414425,0.,1.304267533396E+03,
    2.608535066791E+03),.UNSPECIFIED.);
#13120 = CARTESIAN_POINT('',(-54.11559301155,-355.6734629876,
    361.77509267997));
#13121 = CARTESIAN_POINT('',(-49.15245373301,-349.1716915128,
    367.39790160186));
#13122 = CARTESIAN_POINT('',(-44.19802243725,-342.681327599,
    373.01084513001));
#13123 = CARTESIAN_POINT('',(-39.25229912426,-336.2023712461,
    378.61392326441));
#13124 = CARTESIAN_POINT('',(-34.31528379403,-329.7348224543,
    384.20713600507));
#13125 = CARTESIAN_POINT('',(-29.38697644658,-323.2786812234,
    389.79048335198));
#13126 = CARTESIAN_POINT('',(-24.46737708189,-316.8339475536,
    395.36396530515));
#13127 = CARTESIAN_POINT('',(-19.55648569998,-310.4006214446,
    400.92758186458));
#13128 = CARTESIAN_POINT('',(-14.65430230083,-303.9787028967,
    406.48133303026));
#13129 = CARTESIAN_POINT('',(-9.760826884452,-297.5681919098,
    412.02521880219));
#13130 = CARTESIAN_POINT('',(-4.876059450842,-291.1690884838,
    417.55923918038));
#13131 = CARTESIAN_POINT('',(1.527538493024,-282.7802990281,
    424.81396358574));
#13132 = CARTESIAN_POINT('',(3.062196773301,-280.7699859287,
    426.53459333765));
#13133 = CARTESIAN_POINT('',(4.603956146767,-278.750479162,
    428.24525322882));
#13134 = CARTESIAN_POINT('',(6.152794854879,-276.7218085807,
    429.94590982825));
#13135 = CARTESIAN_POINT('',(7.708688072374,-274.6840080505,
    431.63652646474));
#13136 = CARTESIAN_POINT('',(9.271607910914,-272.6371154475,
    433.31706322865));
#13137 = CARTESIAN_POINT('',(10.841523414402,-270.5811726615,
    434.9874769694));
#13138 = CARTESIAN_POINT('',(12.418400563813,-268.5162255929,
    436.64772129822));
#13139 = CARTESIAN_POINT('',(14.002202273162,-266.4423241549,
    438.29774658579));
#13140 = CARTESIAN_POINT('',(15.592888392224,-264.3595222725,
    439.93749996381));
#13141 = CARTESIAN_POINT('',(78.645774155777,-181.8043047648,
    504.24937136816));
#13142 = CARTESIAN_POINT('',(150.22505857703,-88.25515626491,
    551.64921551607));
#13143 = CARTESIAN_POINT('',(229.24398060854,14.787706739822,
    580.41671108127));
#13144 = CARTESIAN_POINT('',(312.23113593591,122.73755253031,
    588.40120184616));
#13145 = CARTESIAN_POINT('',(395.44125683472,230.71807630707,
    574.95580842415));
#13146 = CARTESIAN_POINT('',(475.13373989864,333.92549397685,
    540.50122912763));
#13147 = CARTESIAN_POINT('',(547.73101752788,427.79342310375,
    486.68502071261));
#13148 = CARTESIAN_POINT('',(610.11500261146,508.36247378997,
    416.11627907918));
#13149 = CARTESIAN_POINT('',(659.78952869915,572.46868073038,
    332.26062676284));
#13150 = CARTESIAN_POINT('',(695.0469968584,617.95072065862,
    239.12449451537));
#13151 = CARTESIAN_POINT('',(734.98250099036,669.45802744515,
    42.831625887186));
#13152 = CARTESIAN_POINT('',(739.66066609081,675.48346512371,
    -60.32516528286));
#13153 = CARTESIAN_POINT('',(728.17641005707,660.6762759708,
    -164.2228952957));
#13154 = CARTESIAN_POINT('',(700.49749171022,624.99666393052,
    -264.3301713506));
#13155 = CARTESIAN_POINT('',(657.47939971386,569.52581084049,
    -356.1546084482));
#13156 = CARTESIAN_POINT('',(600.85689342364,496.4562709297,
    -435.5240172559));
#13157 = CARTESIAN_POINT('',(533.13823199221,408.96306261062,
    -498.9070571129));
#13158 = CARTESIAN_POINT('',(457.42973566727,310.98906162931,
    -543.6409783813));
#13159 = CARTESIAN_POINT('',(377.23860496449,207.01034557535,
    -568.0697628598));
#13160 = CARTESIAN_POINT('',(296.26411762297,101.79470201811,
    -571.7216911714));
#13161 = CARTESIAN_POINT('',(218.08242029425,0.,-555.4338375613));
#13162 = PCURVE('',#12611,#13163);
#13163 = DEFINITIONAL_REPRESENTATION('',(#13164),#13197);
#13164 = B_SPLINE_CURVE_WITH_KNOTS('',11,(#13165,#13166,#13167,#13168,
    #13169,#13170,#13171,#13172,#13173,#13174,#13175,#13176,#13177,
    #13178,#13179,#13180,#13181,#13182,#13183,#13184,#13185,#13186,
    #13187,#13188,#13189,#13190,#13191,#13192,#13193,#13194,#13195,
    #13196),.UNSPECIFIED.,.F.,.F.,(12,10,10,12),(-33.90433414425,0.,
    1.304267533396E+03,2.608535066791E+03),.UNSPECIFIED.);
#13165 = CARTESIAN_POINT('',(3.734042330202,3.39252037174E-14));
#13166 = CARTESIAN_POINT('',(3.728892528441,1.527538493033));
#13167 = CARTESIAN_POINT('',(3.723745682086,3.062196773265));
#13168 = CARTESIAN_POINT('',(3.718601731347,4.603956146856));
#13169 = CARTESIAN_POINT('',(3.713460626187,6.152794854731));
#13170 = CARTESIAN_POINT('',(3.708322326343,7.708688072551));
#13171 = CARTESIAN_POINT('',(3.703186801299,9.271607910757));
#13172 = CARTESIAN_POINT('',(3.698054030315,10.841523414509));
#13173 = CARTESIAN_POINT('',(3.692924002401,12.418400563759));
#13174 = CARTESIAN_POINT('',(3.687796716337,14.00220227318));
#13175 = CARTESIAN_POINT('',(3.682672180658,15.592888392222));
#13176 = CARTESIAN_POINT('',(3.480520901904,78.64577415577));
#13177 = CARTESIAN_POINT('',(3.287586500046,150.22505857707));
#13178 = CARTESIAN_POINT('',(3.100402927962,229.24398060845));
#13179 = CARTESIAN_POINT('',(2.91971387936,312.23113593607));
#13180 = CARTESIAN_POINT('',(2.745205916993,395.44125683451));
#13181 = CARTESIAN_POINT('',(2.576361603198,475.13373989885));
#13182 = CARTESIAN_POINT('',(2.412335550458,547.73101752774));
#13183 = CARTESIAN_POINT('',(2.252269776897,610.11500261153));
#13184 = CARTESIAN_POINT('',(2.095224760695,659.78952869913));
#13185 = CARTESIAN_POINT('',(1.940256556914,695.0469968584));
#13186 = CARTESIAN_POINT('',(1.632548805489,734.98250099036));
#13187 = CARTESIAN_POINT('',(1.479809321763,739.66066609077));
#13188 = CARTESIAN_POINT('',(1.327222932495,728.17641005717));
#13189 = CARTESIAN_POINT('',(1.173815204341,700.49749171001));
#13190 = CARTESIAN_POINT('',(1.018606008405,657.47939971416));
#13191 = CARTESIAN_POINT('',(0.860629838829,600.85689342332));
#13192 = CARTESIAN_POINT('',(0.698936235703,533.13823199247));
#13193 = CARTESIAN_POINT('',(0.532612669491,457.42973566712));
#13194 = CARTESIAN_POINT('',(0.360876931159,377.23860496455));
#13195 = CARTESIAN_POINT('',(0.18327061683,296.26411762295));
#13196 = CARTESIAN_POINT('',(-9.992007221626E-16,218.08242029425));
#13197 = ( GEOMETRIC_REPRESENTATION_CONTEXT(2) 
PARAMETRIC_REPRESENTATION_CONTEXT() REPRESENTATION_CONTEXT('2D SPACE',''
  ) );
#13198 = PCURVE('',#12497,#13199);
#13199 = DEFINITIONAL_REPRESENTATION('',(#13200),#13233);
#13200 = B_SPLINE_CURVE_WITH_KNOTS('',11,(#13201,#13202,#13203,#13204,
    #13205,#13206,#13207,#13208,#13209,#13210,#13211,#13212,#13213,
    #13214,#13215,#13216,#13217,#13218,#13219,#13220,#13221,#13222,
    #13223,#13224,#13225,#13226,#13227,#13228,#13229,#13230,#13231,
    #13232),.UNSPECIFIED.,.F.,.F.,(12,10,10,12),(-33.90433414425,0.,
    1.304267533396E+03,2.608535066791E+03),.UNSPECIFIED.);
#13201 = CARTESIAN_POINT('',(3.734042330202,3.39252037174E-14));
#13202 = CARTESIAN_POINT('',(3.728892528441,1.527538493033));
#13203 = CARTESIAN_POINT('',(3.723745682086,3.062196773265));
#13204 = CARTESIAN_POINT('',(3.718601731347,4.603956146856));
#13205 = CARTESIAN_POINT('',(3.713460626187,6.152794854731));
#13206 = CARTESIAN_POINT('',(3.708322326343,7.708688072551));
#13207 = CARTESIAN_POINT('',(3.703186801299,9.271607910757));
#13208 = CARTESIAN_POINT('',(3.698054030315,10.841523414509));
#13209 = CARTESIAN_POINT('',(3.692924002401,12.418400563759));
#13210 = CARTESIAN_POINT('',(3.687796716337,14.00220227318));
#13211 = CARTESIAN_POINT('',(3.682672180658,15.592888392222));
#13212 = CARTESIAN_POINT('',(3.480520901904,78.64577415577));
#13213 = CARTESIAN_POINT('',(3.287586500046,150.22505857707));
#13214 = CARTESIAN_POINT('',(3.100402927962,229.24398060845));
#13215 = CARTESIAN_POINT('',(2.91971387936,312.23113593607));
#13216 = CARTESIAN_POINT('',(2.745205916993,395.44125683451));
#13217 = CARTESIAN_POINT('',(2.576361603198,475.13373989885));
#13218 = CARTESIAN_POINT('',(2.412335550458,547.73101752774));
#13219 = CARTESIAN_POINT('',(2.252269776897,610.11500261153));
#13220 = CARTESIAN_POINT('',(2.095224760695,659.78952869913));
#13221 = CARTESIAN_POINT('',(1.940256556914,695.0469968584));
#13222 = CARTESIAN_POINT('',(1.632548805489,734.98250099036));
#13223 = CARTESIAN_POINT('',(1.479809321763,739.66066609077));
#13224 = CARTESIAN_POINT('',(1.327222932495,728.17641005717));
#13225 = CARTESIAN_POINT('',(1.173815204341,700.49749171001));
#13226 = CARTESIAN_POINT('',(1.018606008405,657.47939971416));
#13227 = CARTESIAN_POINT('',(0.860629838829,600.85689342332));
#13228 = CARTESIAN_POINT('',(0.698936235703,533.13823199247));
#13229 = CARTESIAN_POINT('',(0.532612669491,457.42973566712));
#13230 = CARTESIAN_POINT('',(0.360876931159,377.23860496455));
#13231 = CARTESIAN_POINT('',(0.18327061683,296.26411762295));
#13232 = CARTESIAN_POINT('',(-9.992007221626E-16,218.08242029425));
#13233 = ( GEOMETRIC_REPRESENTATION_CONTEXT(2) 
PARAMETRIC_REPRESENTATION_CONTEXT() REPRESENTATION_CONTEXT('2D SPACE',''
  ) );
#13234 = ORIENTED_EDGE('',*,*,#13235,.T.);
#13235 = EDGE_CURVE('',#13116,#13236,#13238,.T.);
#13236 = VERTEX_POINT('',#13237);
#13237 = CARTESIAN_POINT('',(14.328823425984,-266.013944395,
    438.62326387753));
#13238 = SURFACE_CURVE('',#13239,(#13250,#13264),.PCURVE_S1.);
#13239 = B_SPLINE_CURVE_WITH_KNOTS('',9,(#13240,#13241,#13242,#13243,
    #13244,#13245,#13246,#13247,#13248,#13249),.UNSPECIFIED.,.F.,.F.,(10
    ,10),(0.,1.),.PIECEWISE_BEZIER_KNOTS.);
#13240 = CARTESIAN_POINT('',(14.50425132431,-265.7850238164,
    438.80474590045));
#13241 = CARTESIAN_POINT('',(14.484122609504,-265.8113805974,
    438.78387878865));
#13242 = CARTESIAN_POINT('',(14.462170503901,-265.8360434793,
    438.76359055697));
#13243 = CARTESIAN_POINT('',(14.435814534875,-265.8560804717,
    438.74503072296));
#13244 = CARTESIAN_POINT('',(14.407862760394,-265.8842542925,
    438.72114794203));
#13245 = CARTESIAN_POINT('',(14.384318228269,-265.8905313225,
    438.71160563372));
#13246 = CARTESIAN_POINT('',(14.339507022751,-265.9132278929,
    438.6869377691));
#13247 = CARTESIAN_POINT('',(14.334805286966,-265.948843997,
    438.66419915224));
#13248 = CARTESIAN_POINT('',(14.328823419876,-265.9805169799,
    438.64353676));
#13249 = CARTESIAN_POINT('',(14.328823425984,-266.013944395,
    438.62326387753));
#13250 = PCURVE('',#12611,#13251);
#13251 = DEFINITIONAL_REPRESENTATION('',(#13252),#13263);
#13252 = B_SPLINE_CURVE_WITH_KNOTS('',9,(#13253,#13254,#13255,#13256,
    #13257,#13258,#13259,#13260,#13261,#13262),.UNSPECIFIED.,.F.,.F.,(10
    ,10),(0.,1.),.PIECEWISE_BEZIER_KNOTS.);
#13253 = CARTESIAN_POINT('',(3.686194442269,14.50425132431));
#13254 = CARTESIAN_POINT('',(3.686259458266,14.484122600344));
#13255 = CARTESIAN_POINT('',(3.686321323855,14.462435128397));
#13256 = CARTESIAN_POINT('',(3.686372319524,14.434810076741));
#13257 = CARTESIAN_POINT('',(3.686445759473,14.409675372257));
#13258 = CARTESIAN_POINT('',(3.686463105889,14.382411765982));
#13259 = CARTESIAN_POINT('',(3.686527849695,14.340673288396));
#13260 = CARTESIAN_POINT('',(3.686609378167,14.334469014905));
#13261 = CARTESIAN_POINT('',(3.686683210098,14.328823425984));
#13262 = CARTESIAN_POINT('',(3.686759419951,14.328823425984));
#13263 = ( GEOMETRIC_REPRESENTATION_CONTEXT(2) 
PARAMETRIC_REPRESENTATION_CONTEXT() REPRESENTATION_CONTEXT('2D SPACE',''
  ) );
#13264 = PCURVE('',#12497,#13265);
#13265 = DEFINITIONAL_REPRESENTATION('',(#13266),#13277);
#13266 = B_SPLINE_CURVE_WITH_KNOTS('',9,(#13267,#13268,#13269,#13270,
    #13271,#13272,#13273,#13274,#13275,#13276),.UNSPECIFIED.,.F.,.F.,(10
    ,10),(0.,1.),.PIECEWISE_BEZIER_KNOTS.);
#13267 = CARTESIAN_POINT('',(3.686194442269,14.50425132431));
#13268 = CARTESIAN_POINT('',(3.686259458266,14.484122600344));
#13269 = CARTESIAN_POINT('',(3.686321323855,14.462435128397));
#13270 = CARTESIAN_POINT('',(3.686372319524,14.434810076741));
#13271 = CARTESIAN_POINT('',(3.686445759473,14.409675372257));
#13272 = CARTESIAN_POINT('',(3.686463105889,14.382411765982));
#13273 = CARTESIAN_POINT('',(3.686527849695,14.340673288396));
#13274 = CARTESIAN_POINT('',(3.686609378167,14.334469014905));
#13275 = CARTESIAN_POINT('',(3.686683210098,14.328823425984));
#13276 = CARTESIAN_POINT('',(3.686759419951,14.328823425984));
#13277 = ( GEOMETRIC_REPRESENTATION_CONTEXT(2) 
PARAMETRIC_REPRESENTATION_CONTEXT() REPRESENTATION_CONTEXT('2D SPACE',''
  ) );
#13278 = ORIENTED_EDGE('',*,*,#13279,.T.);
#13279 = EDGE_CURVE('',#13236,#12446,#13280,.T.);
#13280 = SURFACE_CURVE('',#13281,(#13286,#13293),.PCURVE_S1.);
#13281 = CIRCLE('',#13282,512.98517154708);
#13282 = AXIS2_PLACEMENT_3D('',#13283,#13284,#13285);
#13283 = CARTESIAN_POINT('',(14.328823425984,0.,-3.181637936663E-15));
#13284 = DIRECTION('',(1.,-1.232595164408E-32,-2.22044604925E-16));
#13285 = DIRECTION('',(1.933886501647E-16,-0.491380417772,0.870945052819
    ));
#13286 = PCURVE('',#12611,#13287);
#13287 = DEFINITIONAL_REPRESENTATION('',(#13288),#13292);
#13288 = LINE('',#13289,#13290);
#13289 = CARTESIAN_POINT('',(3.655266664559,14.328823425984));
#13290 = VECTOR('',#13291,1.);
#13291 = DIRECTION('',(1.,0.));
#13292 = ( GEOMETRIC_REPRESENTATION_CONTEXT(2) 
PARAMETRIC_REPRESENTATION_CONTEXT() REPRESENTATION_CONTEXT('2D SPACE',''
  ) );
#13293 = PCURVE('',#12732,#13294);
#13294 = DEFINITIONAL_REPRESENTATION('',(#13295),#13299);
#13295 = LINE('',#13296,#13297);
#13296 = CARTESIAN_POINT('',(-0.,0.20539538919));
#13297 = VECTOR('',#13298,1.);
#13298 = DIRECTION('',(-1.,0.));
#13299 = ( GEOMETRIC_REPRESENTATION_CONTEXT(2) 
PARAMETRIC_REPRESENTATION_CONTEXT() REPRESENTATION_CONTEXT('2D SPACE',''
  ) );
#13300 = ORIENTED_EDGE('',*,*,#12662,.F.);
#13301 = ADVANCED_FACE('',(#13302),#12497,.T.);
#13302 = FACE_BOUND('',#13303,.T.);
#13303 = EDGE_LOOP('',(#13304,#13305,#13327,#13328));
#13304 = ORIENTED_EDGE('',*,*,#12481,.F.);
#13305 = ORIENTED_EDGE('',*,*,#13306,.T.);
#13306 = EDGE_CURVE('',#12448,#13236,#13307,.T.);
#13307 = SURFACE_CURVE('',#13308,(#13313,#13320),.PCURVE_S1.);
#13308 = CIRCLE('',#13309,512.98517154708);
#13309 = AXIS2_PLACEMENT_3D('',#13310,#13311,#13312);
#13310 = CARTESIAN_POINT('',(14.328823425984,0.,-3.181637936663E-15));
#13311 = DIRECTION('',(1.,0.,-2.22044604925E-16));
#13312 = DIRECTION('',(-2.22044604925E-16,-1.224646799147E-16,-1.));
#13313 = PCURVE('',#12497,#13314);
#13314 = DEFINITIONAL_REPRESENTATION('',(#13315),#13319);
#13315 = LINE('',#13316,#13317);
#13316 = CARTESIAN_POINT('',(0.,14.328823425984));
#13317 = VECTOR('',#13318,1.);
#13318 = DIRECTION('',(1.,0.));
#13319 = ( GEOMETRIC_REPRESENTATION_CONTEXT(2) 
PARAMETRIC_REPRESENTATION_CONTEXT() REPRESENTATION_CONTEXT('2D SPACE',''
  ) );
#13320 = PCURVE('',#12760,#13321);
#13321 = DEFINITIONAL_REPRESENTATION('',(#13322),#13326);
#13322 = LINE('',#13323,#13324);
#13323 = CARTESIAN_POINT('',(-0.,0.20539538919));
#13324 = VECTOR('',#13325,1.);
#13325 = DIRECTION('',(-1.,0.));
#13326 = ( GEOMETRIC_REPRESENTATION_CONTEXT(2) 
PARAMETRIC_REPRESENTATION_CONTEXT() REPRESENTATION_CONTEXT('2D SPACE',''
  ) );
#13327 = ORIENTED_EDGE('',*,*,#13235,.F.);
#13328 = ORIENTED_EDGE('',*,*,#13115,.T.);
#13329 = ADVANCED_FACE('',(#13330),#12732,.T.);
#13330 = FACE_BOUND('',#13331,.F.);
#13331 = EDGE_LOOP('',(#13332,#13363,#13364,#13365));
#13332 = ORIENTED_EDGE('',*,*,#13333,.F.);
#13333 = EDGE_CURVE('',#13236,#13334,#13336,.T.);
#13334 = VERTEX_POINT('',#13335);
#13335 = CARTESIAN_POINT('',(1.882938249764E-13,-256.876050684,
    423.55603582826));
#13336 = SURFACE_CURVE('',#13337,(#13347,#13353),.PCURVE_S1.);
#13337 = B_SPLINE_CURVE_WITH_KNOTS('',8,(#13338,#13339,#13340,#13341,
    #13342,#13343,#13344,#13345,#13346),.UNSPECIFIED.,.F.,.F.,(9,9),(0.,
    1.),.PIECEWISE_BEZIER_KNOTS.);
#13338 = CARTESIAN_POINT('',(14.328823425984,-266.013944395,
    438.62326387753));
#13339 = CARTESIAN_POINT('',(11.321246664218,-265.68902542,
    438.08751368729));
#13340 = CARTESIAN_POINT('',(8.435888313178,-265.0598927914,
    437.05015375655));
#13341 = CARTESIAN_POINT('',(5.806252688297,-264.1409704877,
    435.53496739649));
#13342 = CARTESIAN_POINT('',(3.558237366507,-262.9655812406,
    433.59689956674));
#13343 = CARTESIAN_POINT('',(1.79773565609,-261.5846264327,
    431.31988019302));
#13344 = CARTESIAN_POINT('',(0.599245874947,-260.0622454953,
    428.8096670643));
#13345 = CARTESIAN_POINT('',(1.889599587912E-13,-258.469148001,
    426.18285130011));
#13346 = CARTESIAN_POINT('',(1.882938249764E-13,-256.876050684,
    423.55603582826));
#13347 = PCURVE('',#12732,#13348);
#13348 = DEFINITIONAL_REPRESENTATION('',(#13349),#13352);
#13349 = B_SPLINE_CURVE_WITH_KNOTS('',1,(#13350,#13351),.UNSPECIFIED.,
  .F.,.F.,(2,2),(0.,1.),.PIECEWISE_BEZIER_KNOTS.);
#13350 = CARTESIAN_POINT('',(-3.149275539266E-02,0.20539538919));
#13351 = CARTESIAN_POINT('',(-3.149275539266E-02,1.570796326795));
#13352 = ( GEOMETRIC_REPRESENTATION_CONTEXT(2) 
PARAMETRIC_REPRESENTATION_CONTEXT() REPRESENTATION_CONTEXT('2D SPACE',''
  ) );
#13353 = PCURVE('',#12760,#13354);
#13354 = DEFINITIONAL_REPRESENTATION('',(#13355),#13362);
#13355 = B_SPLINE_CURVE_WITH_KNOTS('',5,(#13356,#13357,#13358,#13359,
    #13360,#13361),.UNSPECIFIED.,.F.,.F.,(6,6),(0.,1.),
  .PIECEWISE_BEZIER_KNOTS.);
#13356 = CARTESIAN_POINT('',(-3.686759419951,0.20539538919));
#13357 = CARTESIAN_POINT('',(-3.686759419951,0.478475576711));
#13358 = CARTESIAN_POINT('',(-3.686759419951,0.751555765407));
#13359 = CARTESIAN_POINT('',(-3.686759419951,1.024635950577));
#13360 = CARTESIAN_POINT('',(-3.686759419951,1.297716139274));
#13361 = CARTESIAN_POINT('',(-3.686759419951,1.570796326795));
#13362 = ( GEOMETRIC_REPRESENTATION_CONTEXT(2) 
PARAMETRIC_REPRESENTATION_CONTEXT() REPRESENTATION_CONTEXT('2D SPACE',''
  ) );
#13363 = ORIENTED_EDGE('',*,*,#13279,.T.);
#13364 = ORIENTED_EDGE('',*,*,#12707,.T.);
#13365 = ORIENTED_EDGE('',*,*,#13366,.F.);
#13366 = EDGE_CURVE('',#13334,#12708,#13367,.T.);
#13367 = SURFACE_CURVE('',#13368,(#13373,#13380),.PCURVE_S1.);
#13368 = CIRCLE('',#13369,495.3635239918);
#13369 = AXIS2_PLACEMENT_3D('',#13370,#13371,#13372);
#13370 = CARTESIAN_POINT('',(0.,0.,0.));
#13371 = DIRECTION('',(1.,-1.232595164408E-32,-2.22044604925E-16));
#13372 = DIRECTION('',(1.933886501647E-16,-0.491380417772,0.870945052819
    ));
#13373 = PCURVE('',#12732,#13374);
#13374 = DEFINITIONAL_REPRESENTATION('',(#13375),#13379);
#13375 = LINE('',#13376,#13377);
#13376 = CARTESIAN_POINT('',(-0.,1.570796326795));
#13377 = VECTOR('',#13378,1.);
#13378 = DIRECTION('',(-1.,0.));
#13379 = ( GEOMETRIC_REPRESENTATION_CONTEXT(2) 
PARAMETRIC_REPRESENTATION_CONTEXT() REPRESENTATION_CONTEXT('2D SPACE',''
  ) );
#13380 = PCURVE('',#12786,#13381);
#13381 = DEFINITIONAL_REPRESENTATION('',(#13382),#13386);
#13382 = CIRCLE('',#13383,495.3635239918);
#13383 = AXIS2_PLACEMENT_2D('',#13384,#13385);
#13384 = CARTESIAN_POINT('',(0.,0.));
#13385 = DIRECTION('',(-0.870945052819,-0.491380417772));
#13386 = ( GEOMETRIC_REPRESENTATION_CONTEXT(2) 
PARAMETRIC_REPRESENTATION_CONTEXT() REPRESENTATION_CONTEXT('2D SPACE',''
  ) );
#13387 = ADVANCED_FACE('',(#13388),#12786,.F.);
#13388 = FACE_BOUND('',#13389,.T.);
#13389 = EDGE_LOOP('',(#13390,#13391,#13413));
#13390 = ORIENTED_EDGE('',*,*,#13366,.F.);
#13391 = ORIENTED_EDGE('',*,*,#13392,.F.);
#13392 = EDGE_CURVE('',#12745,#13334,#13393,.T.);
#13393 = SURFACE_CURVE('',#13394,(#13399,#13406),.PCURVE_S1.);
#13394 = CIRCLE('',#13395,495.3635239918);
#13395 = AXIS2_PLACEMENT_3D('',#13396,#13397,#13398);
#13396 = CARTESIAN_POINT('',(0.,0.,0.));
#13397 = DIRECTION('',(1.,0.,-2.22044604925E-16));
#13398 = DIRECTION('',(-2.22044604925E-16,-1.224646799147E-16,-1.));
#13399 = PCURVE('',#12786,#13400);
#13400 = DEFINITIONAL_REPRESENTATION('',(#13401),#13405);
#13401 = CIRCLE('',#13402,495.3635239918);
#13402 = AXIS2_PLACEMENT_2D('',#13403,#13404);
#13403 = CARTESIAN_POINT('',(0.,0.));
#13404 = DIRECTION('',(1.,-1.224646799147E-16));
#13405 = ( GEOMETRIC_REPRESENTATION_CONTEXT(2) 
PARAMETRIC_REPRESENTATION_CONTEXT() REPRESENTATION_CONTEXT('2D SPACE',''
  ) );
#13406 = PCURVE('',#12760,#13407);
#13407 = DEFINITIONAL_REPRESENTATION('',(#13408),#13412);
#13408 = LINE('',#13409,#13410);
#13409 = CARTESIAN_POINT('',(-0.,1.570796326795));
#13410 = VECTOR('',#13411,1.);
#13411 = DIRECTION('',(-1.,0.));
#13412 = ( GEOMETRIC_REPRESENTATION_CONTEXT(2) 
PARAMETRIC_REPRESENTATION_CONTEXT() REPRESENTATION_CONTEXT('2D SPACE',''
  ) );
#13413 = ORIENTED_EDGE('',*,*,#12771,.F.);
#13414 = ADVANCED_FACE('',(#13415),#12760,.T.);
#13415 = FACE_BOUND('',#13416,.F.);
#13416 = EDGE_LOOP('',(#13417,#13418,#13419,#13420));
#13417 = ORIENTED_EDGE('',*,*,#12744,.F.);
#13418 = ORIENTED_EDGE('',*,*,#13306,.T.);
#13419 = ORIENTED_EDGE('',*,*,#13333,.T.);
#13420 = ORIENTED_EDGE('',*,*,#13392,.F.);
#13421 = ADVANCED_FACE('',(#13422),#13045,.T.);
#13422 = FACE_BOUND('',#13423,.T.);
#13423 = EDGE_LOOP('',(#13424,#13447,#13448,#13449));
#13424 = ORIENTED_EDGE('',*,*,#13425,.F.);
#13425 = EDGE_CURVE('',#12803,#13426,#13428,.T.);
#13426 = VERTEX_POINT('',#13427);
#13427 = CARTESIAN_POINT('',(1.058328823426E+03,-8.945863271597E-14,
    -730.485171547));
#13428 = SURFACE_CURVE('',#13429,(#13433,#13440),.PCURVE_S1.);
#13429 = LINE('',#13430,#13431);
#13430 = CARTESIAN_POINT('',(-1.132427485118E-13,-1.24913973513E-13,
    -510.));
#13431 = VECTOR('',#13432,1.);
#13432 = DIRECTION('',(0.978980419738,-4.995438489415E-17,
    -0.203954254112));
#13433 = PCURVE('',#13045,#13434);
#13434 = DEFINITIONAL_REPRESENTATION('',(#13435),#13439);
#13435 = LINE('',#13436,#13437);
#13436 = CARTESIAN_POINT('',(0.,-0.));
#13437 = VECTOR('',#13438,1.);
#13438 = DIRECTION('',(0.,1.));
#13439 = ( GEOMETRIC_REPRESENTATION_CONTEXT(2) 
PARAMETRIC_REPRESENTATION_CONTEXT() REPRESENTATION_CONTEXT('2D SPACE',''
  ) );
#13440 = PCURVE('',#12902,#13441);
#13441 = DEFINITIONAL_REPRESENTATION('',(#13442),#13446);
#13442 = LINE('',#13443,#13444);
#13443 = CARTESIAN_POINT('',(6.28318530718,-0.));
#13444 = VECTOR('',#13445,1.);
#13445 = DIRECTION('',(0.,1.));
#13446 = ( GEOMETRIC_REPRESENTATION_CONTEXT(2) 
PARAMETRIC_REPRESENTATION_CONTEXT() REPRESENTATION_CONTEXT('2D SPACE',''
  ) );
#13447 = ORIENTED_EDGE('',*,*,#13064,.T.);
#13448 = ORIENTED_EDGE('',*,*,#13014,.F.);
#13449 = ORIENTED_EDGE('',*,*,#13450,.F.);
#13450 = EDGE_CURVE('',#13426,#12986,#13451,.T.);
#13451 = SURFACE_CURVE('',#13452,(#13457,#13464),.PCURVE_S1.);
#13452 = CIRCLE('',#13453,730.48517154708);
#13453 = AXIS2_PLACEMENT_3D('',#13454,#13455,#13456);
#13454 = CARTESIAN_POINT('',(1.058328823426E+03,0.,-2.349962054784E-13)
  );
#13455 = DIRECTION('',(1.,0.,-2.22044604925E-16));
#13456 = DIRECTION('',(-2.22044604925E-16,-1.224646799147E-16,-1.));
#13457 = PCURVE('',#13045,#13458);
#13458 = DEFINITIONAL_REPRESENTATION('',(#13459),#13463);
#13459 = LINE('',#13460,#13461);
#13460 = CARTESIAN_POINT('',(0.,1.058328823426E+03));
#13461 = VECTOR('',#13462,1.);
#13462 = DIRECTION('',(1.,0.));
#13463 = ( GEOMETRIC_REPRESENTATION_CONTEXT(2) 
PARAMETRIC_REPRESENTATION_CONTEXT() REPRESENTATION_CONTEXT('2D SPACE',''
  ) );
#13464 = PCURVE('',#13465,#13470);
#13465 = TOROIDAL_SURFACE('',#13466,712.8635239918,18.);
#13466 = AXIS2_PLACEMENT_3D('',#13467,#13468,#13469);
#13467 = CARTESIAN_POINT('',(1.062E+03,0.,-2.358113704304E-13));
#13468 = DIRECTION('',(1.,0.,-2.22044604925E-16));
#13469 = DIRECTION('',(-2.22044604925E-16,-1.224646799147E-16,-1.));
#13470 = DEFINITIONAL_REPRESENTATION('',(#13471),#13475);
#13471 = LINE('',#13472,#13473);
#13472 = CARTESIAN_POINT('',(0.,6.07778991799));
#13473 = VECTOR('',#13474,1.);
#13474 = DIRECTION('',(1.,0.));
#13475 = ( GEOMETRIC_REPRESENTATION_CONTEXT(2) 
PARAMETRIC_REPRESENTATION_CONTEXT() REPRESENTATION_CONTEXT('2D SPACE',''
  ) );
#13476 = ADVANCED_FACE('',(#13477),#13002,.T.);
#13477 = FACE_BOUND('',#13478,.T.);
#13478 = EDGE_LOOP('',(#13479,#13525,#13526,#13577));
#13479 = ORIENTED_EDGE('',*,*,#13480,.F.);
#13480 = EDGE_CURVE('',#12986,#13481,#13483,.T.);
#13481 = VERTEX_POINT('',#13482);
#13482 = CARTESIAN_POINT('',(1.08E+03,114.50534756829,-703.6070843988));
#13483 = SURFACE_CURVE('',#13484,(#13505,#13515),.PCURVE_S1.);
#13484 = B_SPLINE_CURVE_WITH_KNOTS('',10,(#13485,#13486,#13487,#13488,
    #13489,#13490,#13491,#13492,#13493,#13494,#13495,#13496,#13497,
    #13498,#13499,#13500,#13501,#13502,#13503,#13504),.UNSPECIFIED.,.F.,
  .F.,(11,9,11),(0.,0.5,1.),.UNSPECIFIED.);
#13485 = CARTESIAN_POINT('',(1.058328823426E+03,117.33586534642,
    -720.9999171661));
#13486 = CARTESIAN_POINT('',(1.059893794646E+03,117.38823557798,
    -721.3217193065));
#13487 = CARTESIAN_POINT('',(1.061490938192E+03,117.41580059048,
    -721.4910995013));
#13488 = CARTESIAN_POINT('',(1.063103110798E+03,117.41798670132,
    -721.5045326125));
#13489 = CARTESIAN_POINT('',(1.064712716078E+03,117.39456958911,
    -721.3606402408));
#13490 = CARTESIAN_POINT('',(1.066302026456E+03,117.34568506691,
    -721.0602569235));
#13491 = CARTESIAN_POINT('',(1.067853517012E+03,117.27183067033,
    -720.6064398946));
#13492 = CARTESIAN_POINT('',(1.069350198547E+03,117.17385763624,
    -720.0044197938));
#13493 = CARTESIAN_POINT('',(1.070775936367E+03,117.05295345035,
    -719.2614934281));
#13494 = CARTESIAN_POINT('',(1.072115742276E+03,116.91061580243,
    -718.386863731));
#13495 = CARTESIAN_POINT('',(1.074596317149E+03,116.58662272085,
    -716.3960062529));
#13496 = CARTESIAN_POINT('',(1.075737086114E+03,116.40496728719,
    -715.2797784717));
#13497 = CARTESIAN_POINT('',(1.076764750046E+03,116.20542752985,
    -714.0536559382));
#13498 = CARTESIAN_POINT('',(1.07766712402E+03,115.99005489744,
    -712.7302442967));
#13499 = CARTESIAN_POINT('',(1.07843367989E+03,115.76114439353,
    -711.3236457787));
#13500 = CARTESIAN_POINT('',(1.079055764575E+03,115.52119397304,
    -709.8492096986));
#13501 = CARTESIAN_POINT('',(1.079526771448E+03,115.27285797273,
    -708.3232463021));
#13502 = CARTESIAN_POINT('',(1.079842257149E+03,115.01889637152,
    -706.7627149768));
#13503 = CARTESIAN_POINT('',(1.08E+03,114.76212196991,-705.1848996879));
#13504 = CARTESIAN_POINT('',(1.08E+03,114.50534756829,-703.6070843988));
#13505 = PCURVE('',#13002,#13506);
#13506 = DEFINITIONAL_REPRESENTATION('',(#13507),#13514);
#13507 = B_SPLINE_CURVE_WITH_KNOTS('',5,(#13508,#13509,#13510,#13511,
    #13512,#13513),.UNSPECIFIED.,.F.,.F.,(6,6),(0.,1.),
  .PIECEWISE_BEZIER_KNOTS.);
#13508 = CARTESIAN_POINT('',(0.161326179008,6.07778991799));
#13509 = CARTESIAN_POINT('',(0.161326179008,6.433028261187));
#13510 = CARTESIAN_POINT('',(0.161326179008,6.788266604374));
#13511 = CARTESIAN_POINT('',(0.161326179009,7.14350494759));
#13512 = CARTESIAN_POINT('',(0.161326179008,7.498743290778));
#13513 = CARTESIAN_POINT('',(0.161326179008,7.853981633974));
#13514 = ( GEOMETRIC_REPRESENTATION_CONTEXT(2) 
PARAMETRIC_REPRESENTATION_CONTEXT() REPRESENTATION_CONTEXT('2D SPACE',''
  ) );
#13515 = PCURVE('',#13465,#13516);
#13516 = DEFINITIONAL_REPRESENTATION('',(#13517),#13524);
#13517 = B_SPLINE_CURVE_WITH_KNOTS('',5,(#13518,#13519,#13520,#13521,
    #13522,#13523),.UNSPECIFIED.,.F.,.F.,(6,6),(0.,1.),
  .PIECEWISE_BEZIER_KNOTS.);
#13518 = CARTESIAN_POINT('',(0.161326179008,6.07778991799));
#13519 = CARTESIAN_POINT('',(0.161326179008,6.433028261187));
#13520 = CARTESIAN_POINT('',(0.161326179008,6.788266604374));
#13521 = CARTESIAN_POINT('',(0.161326179009,7.14350494759));
#13522 = CARTESIAN_POINT('',(0.161326179008,7.498743290778));
#13523 = CARTESIAN_POINT('',(0.161326179008,7.853981633974));
#13524 = ( GEOMETRIC_REPRESENTATION_CONTEXT(2) 
PARAMETRIC_REPRESENTATION_CONTEXT() REPRESENTATION_CONTEXT('2D SPACE',''
  ) );
#13525 = ORIENTED_EDGE('',*,*,#12985,.T.);
#13526 = ORIENTED_EDGE('',*,*,#13527,.T.);
#13527 = EDGE_CURVE('',#12941,#13528,#13530,.T.);
#13528 = VERTEX_POINT('',#13529);
#13529 = CARTESIAN_POINT('',(1.08E+03,114.50534756829,703.60708439886));
#13530 = SURFACE_CURVE('',#13531,(#13552,#13562),.PCURVE_S1.);
#13531 = B_SPLINE_CURVE_WITH_KNOTS('',10,(#13532,#13533,#13534,#13535,
    #13536,#13537,#13538,#13539,#13540,#13541,#13542,#13543,#13544,
    #13545,#13546,#13547,#13548,#13549,#13550,#13551),.UNSPECIFIED.,.F.,
  .F.,(11,9,11),(0.,0.5,1.),.UNSPECIFIED.);
#13532 = CARTESIAN_POINT('',(1.058328823426E+03,117.33586534642,
    720.99991716613));
#13533 = CARTESIAN_POINT('',(1.059893794646E+03,117.38823557798,
    721.32171930653));
#13534 = CARTESIAN_POINT('',(1.061490938192E+03,117.41580059049,
    721.49109950123));
#13535 = CARTESIAN_POINT('',(1.063103110799E+03,117.41798670131,
    721.50453261266));
#13536 = CARTESIAN_POINT('',(1.064712716078E+03,117.39456958914,
    721.36064024058));
#13537 = CARTESIAN_POINT('',(1.066302026457E+03,117.34568506689,
    721.06025692369));
#13538 = CARTESIAN_POINT('',(1.067853517012E+03,117.27183067036,
    720.60643989435));
#13539 = CARTESIAN_POINT('',(1.069350198547E+03,117.17385763623,
    720.0044197939));
#13540 = CARTESIAN_POINT('',(1.070775936367E+03,117.05295345036,
    719.26149342805));
#13541 = CARTESIAN_POINT('',(1.072115742276E+03,116.91061580243,
    718.38686373101));
#13542 = CARTESIAN_POINT('',(1.074596317149E+03,116.58662272085,
    716.39600625287));
#13543 = CARTESIAN_POINT('',(1.075737086114E+03,116.40496728719,
    715.27977847169));
#13544 = CARTESIAN_POINT('',(1.076764750046E+03,116.20542752985,
    714.05365593821));
#13545 = CARTESIAN_POINT('',(1.07766712402E+03,115.99005489744,
    712.7302442966));
#13546 = CARTESIAN_POINT('',(1.07843367989E+03,115.76114439354,
    711.32364577876));
#13547 = CARTESIAN_POINT('',(1.079055764575E+03,115.52119397304,
    709.84920969855));
#13548 = CARTESIAN_POINT('',(1.079526771448E+03,115.27285797273,
    708.32324630221));
#13549 = CARTESIAN_POINT('',(1.079842257149E+03,115.01889637151,
    706.76271497679));
#13550 = CARTESIAN_POINT('',(1.08E+03,114.76212196991,705.18489968791));
#13551 = CARTESIAN_POINT('',(1.08E+03,114.50534756829,703.60708439886));
#13552 = PCURVE('',#13002,#13553);
#13553 = DEFINITIONAL_REPRESENTATION('',(#13554),#13561);
#13554 = B_SPLINE_CURVE_WITH_KNOTS('',5,(#13555,#13556,#13557,#13558,
    #13559,#13560),.UNSPECIFIED.,.F.,.F.,(6,6),(0.,1.),
  .PIECEWISE_BEZIER_KNOTS.);
#13555 = CARTESIAN_POINT('',(2.980266474581,6.07778991799));
#13556 = CARTESIAN_POINT('',(2.980266474581,6.433028261187));
#13557 = CARTESIAN_POINT('',(2.980266474581,6.788266604365));
#13558 = CARTESIAN_POINT('',(2.980266474581,7.143504947601));
#13559 = CARTESIAN_POINT('',(2.980266474581,7.498743290778));
#13560 = CARTESIAN_POINT('',(2.980266474581,7.853981633974));
#13561 = ( GEOMETRIC_REPRESENTATION_CONTEXT(2) 
PARAMETRIC_REPRESENTATION_CONTEXT() REPRESENTATION_CONTEXT('2D SPACE',''
  ) );
#13562 = PCURVE('',#13563,#13568);
#13563 = TOROIDAL_SURFACE('',#13564,712.8635239918,18.);
#13564 = AXIS2_PLACEMENT_3D('',#13565,#13566,#13567);
#13565 = CARTESIAN_POINT('',(1.062E+03,0.,-2.358113704304E-13));
#13566 = DIRECTION('',(1.,0.,-2.22044604925E-16));
#13567 = DIRECTION('',(-2.22044604925E-16,-1.224646799147E-16,-1.));
#13568 = DEFINITIONAL_REPRESENTATION('',(#13569),#13576);
#13569 = B_SPLINE_CURVE_WITH_KNOTS('',5,(#13570,#13571,#13572,#13573,
    #13574,#13575),.UNSPECIFIED.,.F.,.F.,(6,6),(0.,1.),
  .PIECEWISE_BEZIER_KNOTS.);
#13570 = CARTESIAN_POINT('',(2.980266474581,6.07778991799));
#13571 = CARTESIAN_POINT('',(2.980266474581,6.433028261187));
#13572 = CARTESIAN_POINT('',(2.980266474581,6.788266604365));
#13573 = CARTESIAN_POINT('',(2.980266474581,7.143504947601));
#13574 = CARTESIAN_POINT('',(2.980266474581,7.498743290778));
#13575 = CARTESIAN_POINT('',(2.980266474581,7.853981633974));
#13576 = ( GEOMETRIC_REPRESENTATION_CONTEXT(2) 
PARAMETRIC_REPRESENTATION_CONTEXT() REPRESENTATION_CONTEXT('2D SPACE',''
  ) );
#13577 = ORIENTED_EDGE('',*,*,#13578,.F.);
#13578 = EDGE_CURVE('',#13481,#13528,#13579,.T.);
#13579 = SURFACE_CURVE('',#13580,(#13585,#13592),.PCURVE_S1.);
#13580 = CIRCLE('',#13581,712.8635239918);
#13581 = AXIS2_PLACEMENT_3D('',#13582,#13583,#13584);
#13582 = CARTESIAN_POINT('',(1.08E+03,0.,-2.39808173319E-13));
#13583 = DIRECTION('',(1.,0.,-2.22044604925E-16));
#13584 = DIRECTION('',(-2.22044604925E-16,-1.224646799147E-16,-1.));
#13585 = PCURVE('',#13002,#13586);
#13586 = DEFINITIONAL_REPRESENTATION('',(#13587),#13591);
#13587 = LINE('',#13588,#13589);
#13588 = CARTESIAN_POINT('',(0.,7.853981633974));
#13589 = VECTOR('',#13590,1.);
#13590 = DIRECTION('',(1.,0.));
#13591 = ( GEOMETRIC_REPRESENTATION_CONTEXT(2) 
PARAMETRIC_REPRESENTATION_CONTEXT() REPRESENTATION_CONTEXT('2D SPACE',''
  ) );
#13592 = PCURVE('',#13593,#13598);
#13593 = PLANE('',#13594);
#13594 = AXIS2_PLACEMENT_3D('',#13595,#13596,#13597);
#13595 = CARTESIAN_POINT('',(1.08E+03,0.,-2.39808173319E-13));
#13596 = DIRECTION('',(1.,0.,-2.22044604925E-16));
#13597 = DIRECTION('',(-2.22044604925E-16,0.,-1.));
#13598 = DEFINITIONAL_REPRESENTATION('',(#13599),#13603);
#13599 = CIRCLE('',#13600,712.8635239918);
#13600 = AXIS2_PLACEMENT_2D('',#13601,#13602);
#13601 = CARTESIAN_POINT('',(0.,0.));
#13602 = DIRECTION('',(1.,-1.224646799147E-16));
#13603 = ( GEOMETRIC_REPRESENTATION_CONTEXT(2) 
PARAMETRIC_REPRESENTATION_CONTEXT() REPRESENTATION_CONTEXT('2D SPACE',''
  ) );
#13604 = ADVANCED_FACE('',(#13605),#12902,.T.);
#13605 = FACE_BOUND('',#13606,.T.);
#13606 = EDGE_LOOP('',(#13607,#13608,#13609,#13631));
#13607 = ORIENTED_EDGE('',*,*,#12825,.T.);
#13608 = ORIENTED_EDGE('',*,*,#13425,.T.);
#13609 = ORIENTED_EDGE('',*,*,#13610,.F.);
#13610 = EDGE_CURVE('',#12941,#13426,#13611,.T.);
#13611 = SURFACE_CURVE('',#13612,(#13617,#13624),.PCURVE_S1.);
#13612 = CIRCLE('',#13613,730.48517154708);
#13613 = AXIS2_PLACEMENT_3D('',#13614,#13615,#13616);
#13614 = CARTESIAN_POINT('',(1.058328823426E+03,0.,-2.349962054784E-13)
  );
#13615 = DIRECTION('',(1.,0.,-2.22044604925E-16));
#13616 = DIRECTION('',(-2.22044604925E-16,-1.224646799147E-16,-1.));
#13617 = PCURVE('',#12902,#13618);
#13618 = DEFINITIONAL_REPRESENTATION('',(#13619),#13623);
#13619 = LINE('',#13620,#13621);
#13620 = CARTESIAN_POINT('',(0.,1.058328823426E+03));
#13621 = VECTOR('',#13622,1.);
#13622 = DIRECTION('',(1.,0.));
#13623 = ( GEOMETRIC_REPRESENTATION_CONTEXT(2) 
PARAMETRIC_REPRESENTATION_CONTEXT() REPRESENTATION_CONTEXT('2D SPACE',''
  ) );
#13624 = PCURVE('',#13563,#13625);
#13625 = DEFINITIONAL_REPRESENTATION('',(#13626),#13630);
#13626 = LINE('',#13627,#13628);
#13627 = CARTESIAN_POINT('',(0.,6.07778991799));
#13628 = VECTOR('',#13629,1.);
#13629 = DIRECTION('',(1.,0.));
#13630 = ( GEOMETRIC_REPRESENTATION_CONTEXT(2) 
PARAMETRIC_REPRESENTATION_CONTEXT() REPRESENTATION_CONTEXT('2D SPACE',''
  ) );
#13631 = ORIENTED_EDGE('',*,*,#12940,.T.);
#13632 = ADVANCED_FACE('',(#13633),#13465,.T.);
#13633 = FACE_BOUND('',#13634,.T.);
#13634 = EDGE_LOOP('',(#13635,#13657,#13658,#13659));
#13635 = ORIENTED_EDGE('',*,*,#13636,.F.);
#13636 = EDGE_CURVE('',#13426,#13637,#13639,.T.);
#13637 = VERTEX_POINT('',#13638);
#13638 = CARTESIAN_POINT('',(1.08E+03,-8.730060328855E-14,
    -712.8635239918));
#13639 = SURFACE_CURVE('',#13640,(#13645,#13651),.PCURVE_S1.);
#13640 = CIRCLE('',#13641,18.);
#13641 = AXIS2_PLACEMENT_3D('',#13642,#13643,#13644);
#13642 = CARTESIAN_POINT('',(1.062E+03,-8.730060328855E-14,
    -712.8635239918));
#13643 = DIRECTION('',(2.719262146894E-32,-1.,1.224646799147E-16));
#13644 = DIRECTION('',(-2.22044604925E-16,-1.224646799147E-16,-1.));
#13645 = PCURVE('',#13465,#13646);
#13646 = DEFINITIONAL_REPRESENTATION('',(#13647),#13650);
#13647 = B_SPLINE_CURVE_WITH_KNOTS('',1,(#13648,#13649),.UNSPECIFIED.,
  .F.,.F.,(2,2),(6.07778991799,7.853981633974),
  .PIECEWISE_BEZIER_KNOTS.);
#13648 = CARTESIAN_POINT('',(0.,6.07778991799));
#13649 = CARTESIAN_POINT('',(0.,7.853981633974));
#13650 = ( GEOMETRIC_REPRESENTATION_CONTEXT(2) 
PARAMETRIC_REPRESENTATION_CONTEXT() REPRESENTATION_CONTEXT('2D SPACE',''
  ) );
#13651 = PCURVE('',#13563,#13652);
#13652 = DEFINITIONAL_REPRESENTATION('',(#13653),#13656);
#13653 = B_SPLINE_CURVE_WITH_KNOTS('',1,(#13654,#13655),.UNSPECIFIED.,
  .F.,.F.,(2,2),(6.07778991799,7.853981633974),
  .PIECEWISE_BEZIER_KNOTS.);
#13654 = CARTESIAN_POINT('',(6.28318530718,6.07778991799));
#13655 = CARTESIAN_POINT('',(6.28318530718,7.853981633974));
#13656 = ( GEOMETRIC_REPRESENTATION_CONTEXT(2) 
PARAMETRIC_REPRESENTATION_CONTEXT() REPRESENTATION_CONTEXT('2D SPACE',''
  ) );
#13657 = ORIENTED_EDGE('',*,*,#13450,.T.);
#13658 = ORIENTED_EDGE('',*,*,#13480,.T.);
#13659 = ORIENTED_EDGE('',*,*,#13660,.F.);
#13660 = EDGE_CURVE('',#13637,#13481,#13661,.T.);
#13661 = SURFACE_CURVE('',#13662,(#13667,#13674),.PCURVE_S1.);
#13662 = CIRCLE('',#13663,712.8635239918);
#13663 = AXIS2_PLACEMENT_3D('',#13664,#13665,#13666);
#13664 = CARTESIAN_POINT('',(1.08E+03,0.,-2.39808173319E-13));
#13665 = DIRECTION('',(1.,0.,-2.22044604925E-16));
#13666 = DIRECTION('',(-2.22044604925E-16,-1.224646799147E-16,-1.));
#13667 = PCURVE('',#13465,#13668);
#13668 = DEFINITIONAL_REPRESENTATION('',(#13669),#13673);
#13669 = LINE('',#13670,#13671);
#13670 = CARTESIAN_POINT('',(0.,7.853981633974));
#13671 = VECTOR('',#13672,1.);
#13672 = DIRECTION('',(1.,0.));
#13673 = ( GEOMETRIC_REPRESENTATION_CONTEXT(2) 
PARAMETRIC_REPRESENTATION_CONTEXT() REPRESENTATION_CONTEXT('2D SPACE',''
  ) );
#13674 = PCURVE('',#13593,#13675);
#13675 = DEFINITIONAL_REPRESENTATION('',(#13676),#13680);
#13676 = CIRCLE('',#13677,712.8635239918);
#13677 = AXIS2_PLACEMENT_2D('',#13678,#13679);
#13678 = CARTESIAN_POINT('',(0.,0.));
#13679 = DIRECTION('',(1.,-1.224646799147E-16));
#13680 = ( GEOMETRIC_REPRESENTATION_CONTEXT(2) 
PARAMETRIC_REPRESENTATION_CONTEXT() REPRESENTATION_CONTEXT('2D SPACE',''
  ) );
#13681 = ADVANCED_FACE('',(#13682),#13563,.T.);
#13682 = FACE_BOUND('',#13683,.T.);
#13683 = EDGE_LOOP('',(#13684,#13685,#13686,#13708));
#13684 = ORIENTED_EDGE('',*,*,#13610,.T.);
#13685 = ORIENTED_EDGE('',*,*,#13636,.T.);
#13686 = ORIENTED_EDGE('',*,*,#13687,.F.);
#13687 = EDGE_CURVE('',#13528,#13637,#13688,.T.);
#13688 = SURFACE_CURVE('',#13689,(#13694,#13701),.PCURVE_S1.);
#13689 = CIRCLE('',#13690,712.8635239918);
#13690 = AXIS2_PLACEMENT_3D('',#13691,#13692,#13693);
#13691 = CARTESIAN_POINT('',(1.08E+03,0.,-2.39808173319E-13));
#13692 = DIRECTION('',(1.,0.,-2.22044604925E-16));
#13693 = DIRECTION('',(-2.22044604925E-16,-1.224646799147E-16,-1.));
#13694 = PCURVE('',#13563,#13695);
#13695 = DEFINITIONAL_REPRESENTATION('',(#13696),#13700);
#13696 = LINE('',#13697,#13698);
#13697 = CARTESIAN_POINT('',(0.,7.853981633974));
#13698 = VECTOR('',#13699,1.);
#13699 = DIRECTION('',(1.,0.));
#13700 = ( GEOMETRIC_REPRESENTATION_CONTEXT(2) 
PARAMETRIC_REPRESENTATION_CONTEXT() REPRESENTATION_CONTEXT('2D SPACE',''
  ) );
#13701 = PCURVE('',#13593,#13702);
#13702 = DEFINITIONAL_REPRESENTATION('',(#13703),#13707);
#13703 = CIRCLE('',#13704,712.8635239918);
#13704 = AXIS2_PLACEMENT_2D('',#13705,#13706);
#13705 = CARTESIAN_POINT('',(0.,0.));
#13706 = DIRECTION('',(1.,-1.224646799147E-16));
#13707 = ( GEOMETRIC_REPRESENTATION_CONTEXT(2) 
PARAMETRIC_REPRESENTATION_CONTEXT() REPRESENTATION_CONTEXT('2D SPACE',''
  ) );
#13708 = ORIENTED_EDGE('',*,*,#13527,.F.);
#13709 = ADVANCED_FACE('',(#13710),#13593,.T.);
#13710 = FACE_BOUND('',#13711,.T.);
#13711 = EDGE_LOOP('',(#13712,#13713,#13714));
#13712 = ORIENTED_EDGE('',*,*,#13578,.T.);
#13713 = ORIENTED_EDGE('',*,*,#13687,.T.);
#13714 = ORIENTED_EDGE('',*,*,#13660,.T.);
#13715 = ( GEOMETRIC_REPRESENTATION_CONTEXT(3) 
GLOBAL_UNCERTAINTY_ASSIGNED_CONTEXT((#13719)) 
GLOBAL_UNIT_ASSIGNED_CONTEXT((#13716,#13717,#13718)) 
REPRESENTATION_CONTEXT('Context #1',
  '3D Context with UNIT and UNCERTAINTY') );
#13716 = ( LENGTH_UNIT() NAMED_UNIT(*) SI_UNIT(.MILLI.,.METRE.) );
#13717 = ( NAMED_UNIT(*) PLANE_ANGLE_UNIT() SI_UNIT($,.RADIAN.) );
#13718 = ( NAMED_UNIT(*) SI_UNIT($,.STERADIAN.) SOLID_ANGLE_UNIT() );
#13719 = UNCERTAINTY_MEASURE_WITH_UNIT(LENGTH_MEASURE(2.E-04),#13716,
  'distance_accuracy_value','confusion accuracy');
#13720 = PRODUCT_RELATED_PRODUCT_CATEGORY('part',$,(#12435));
#13721 = SHAPE_DEFINITION_REPRESENTATION(#13722,#13728);
#13722 = PRODUCT_DEFINITION_SHAPE('','',#13723);
#13723 = PRODUCT_DEFINITION('design','',#13724,#13727);
#13724 = PRODUCT_DEFINITION_FORMATION('','',#13725);
#13725 = PRODUCT('TPS_Front_Stack','TPS_Front_Stack','',(#13726));
#13726 = PRODUCT_CONTEXT('',#2,'mechanical');
#13727 = PRODUCT_DEFINITION_CONTEXT('part definition',#2,'design');
#13728 = ADVANCED_BREP_SHAPE_REPRESENTATION('',(#11,#13729),#13827);
#13729 = MANIFOLD_SOLID_BREP('',#13730);
#13730 = CLOSED_SHELL('',(#13731,#13819,#13823));
#13731 = ADVANCED_FACE('',(#13732),#13745,.T.);
#13732 = FACE_BOUND('',#13733,.T.);
#13733 = EDGE_LOOP('',(#13734,#13768,#13791,#13818));
#13734 = ORIENTED_EDGE('',*,*,#13735,.F.);
#13735 = EDGE_CURVE('',#13736,#13736,#13738,.T.);
#13736 = VERTEX_POINT('',#13737);
#13737 = CARTESIAN_POINT('',(720.,-1.653273178849E-13,-675.));
#13738 = SURFACE_CURVE('',#13739,(#13744,#13756),.PCURVE_S1.);
#13739 = CIRCLE('',#13740,675.);
#13740 = AXIS2_PLACEMENT_3D('',#13741,#13742,#13743);
#13741 = CARTESIAN_POINT('',(720.,0.,-1.59872115546E-13));
#13742 = DIRECTION('',(1.,0.,-2.22044604925E-16));
#13743 = DIRECTION('',(-2.22044604925E-16,0.,-1.));
#13744 = PCURVE('',#13745,#13750);
#13745 = CONICAL_SURFACE('',#13746,450.,0.302884868375);
#13746 = AXIS2_PLACEMENT_3D('',#13747,#13748,#13749);
#13747 = CARTESIAN_POINT('',(0.,0.,0.));
#13748 = DIRECTION('',(1.,0.,-2.22044604925E-16));
#13749 = DIRECTION('',(-2.22044604925E-16,0.,-1.));
#13750 = DEFINITIONAL_REPRESENTATION('',(#13751),#13755);
#13751 = LINE('',#13752,#13753);
#13752 = CARTESIAN_POINT('',(0.,720.));
#13753 = VECTOR('',#13754,1.);
#13754 = DIRECTION('',(1.,0.));
#13755 = ( GEOMETRIC_REPRESENTATION_CONTEXT(2) 
PARAMETRIC_REPRESENTATION_CONTEXT() REPRESENTATION_CONTEXT('2D SPACE',''
  ) );
#13756 = PCURVE('',#13757,#13762);
#13757 = PLANE('',#13758);
#13758 = AXIS2_PLACEMENT_3D('',#13759,#13760,#13761);
#13759 = CARTESIAN_POINT('',(720.,0.,-1.59872115546E-13));
#13760 = DIRECTION('',(1.,0.,-2.22044604925E-16));
#13761 = DIRECTION('',(-2.22044604925E-16,0.,-1.));
#13762 = DEFINITIONAL_REPRESENTATION('',(#13763),#13767);
#13763 = CIRCLE('',#13764,675.);
#13764 = AXIS2_PLACEMENT_2D('',#13765,#13766);
#13765 = CARTESIAN_POINT('',(0.,0.));
#13766 = DIRECTION('',(1.,0.));
#13767 = ( GEOMETRIC_REPRESENTATION_CONTEXT(2) 
PARAMETRIC_REPRESENTATION_CONTEXT() REPRESENTATION_CONTEXT('2D SPACE',''
  ) );
#13768 = ORIENTED_EDGE('',*,*,#13769,.F.);
#13769 = EDGE_CURVE('',#13770,#13736,#13772,.T.);
#13770 = VERTEX_POINT('',#13771);
#13771 = CARTESIAN_POINT('',(-9.992007221626E-14,-1.102182119233E-13,
    -450.));
#13772 = SEAM_CURVE('',#13773,(#13777,#13784),.PCURVE_S1.);
#13773 = LINE('',#13774,#13775);
#13774 = CARTESIAN_POINT('',(-9.992007221626E-14,-1.102182119233E-13,
    -450.));
#13775 = VECTOR('',#13776,1.);
#13776 = DIRECTION('',(0.954479978035,-7.305630312193E-17,
    -0.298274993136));
#13777 = PCURVE('',#13745,#13778);
#13778 = DEFINITIONAL_REPRESENTATION('',(#13779),#13783);
#13779 = LINE('',#13780,#13781);
#13780 = CARTESIAN_POINT('',(6.28318530718,-0.));
#13781 = VECTOR('',#13782,1.);
#13782 = DIRECTION('',(0.,1.));
#13783 = ( GEOMETRIC_REPRESENTATION_CONTEXT(2) 
PARAMETRIC_REPRESENTATION_CONTEXT() REPRESENTATION_CONTEXT('2D SPACE',''
  ) );
#13784 = PCURVE('',#13745,#13785);
#13785 = DEFINITIONAL_REPRESENTATION('',(#13786),#13790);
#13786 = LINE('',#13787,#13788);
#13787 = CARTESIAN_POINT('',(0.,-0.));
#13788 = VECTOR('',#13789,1.);
#13789 = DIRECTION('',(0.,1.));
#13790 = ( GEOMETRIC_REPRESENTATION_CONTEXT(2) 
PARAMETRIC_REPRESENTATION_CONTEXT() REPRESENTATION_CONTEXT('2D SPACE',''
  ) );
#13791 = ORIENTED_EDGE('',*,*,#13792,.T.);
#13792 = EDGE_CURVE('',#13770,#13770,#13793,.T.);
#13793 = SURFACE_CURVE('',#13794,(#13799,#13806),.PCURVE_S1.);
#13794 = CIRCLE('',#13795,450.);
#13795 = AXIS2_PLACEMENT_3D('',#13796,#13797,#13798);
#13796 = CARTESIAN_POINT('',(0.,0.,0.));
#13797 = DIRECTION('',(1.,0.,-2.22044604925E-16));
#13798 = DIRECTION('',(-2.22044604925E-16,0.,-1.));
#13799 = PCURVE('',#13745,#13800);
#13800 = DEFINITIONAL_REPRESENTATION('',(#13801),#13805);
#13801 = LINE('',#13802,#13803);
#13802 = CARTESIAN_POINT('',(0.,0.));
#13803 = VECTOR('',#13804,1.);
#13804 = DIRECTION('',(1.,0.));
#13805 = ( GEOMETRIC_REPRESENTATION_CONTEXT(2) 
PARAMETRIC_REPRESENTATION_CONTEXT() REPRESENTATION_CONTEXT('2D SPACE',''
  ) );
#13806 = PCURVE('',#13807,#13812);
#13807 = PLANE('',#13808);
#13808 = AXIS2_PLACEMENT_3D('',#13809,#13810,#13811);
#13809 = CARTESIAN_POINT('',(0.,0.,0.));
#13810 = DIRECTION('',(1.,0.,-2.22044604925E-16));
#13811 = DIRECTION('',(-2.22044604925E-16,0.,-1.));
#13812 = DEFINITIONAL_REPRESENTATION('',(#13813),#13817);
#13813 = CIRCLE('',#13814,450.);
#13814 = AXIS2_PLACEMENT_2D('',#13815,#13816);
#13815 = CARTESIAN_POINT('',(0.,0.));
#13816 = DIRECTION('',(1.,0.));
#13817 = ( GEOMETRIC_REPRESENTATION_CONTEXT(2) 
PARAMETRIC_REPRESENTATION_CONTEXT() REPRESENTATION_CONTEXT('2D SPACE',''
  ) );
#13818 = ORIENTED_EDGE('',*,*,#13769,.T.);
#13819 = ADVANCED_FACE('',(#13820),#13757,.T.);
#13820 = FACE_BOUND('',#13821,.T.);
#13821 = EDGE_LOOP('',(#13822));
#13822 = ORIENTED_EDGE('',*,*,#13735,.T.);
#13823 = ADVANCED_FACE('',(#13824),#13807,.F.);
#13824 = FACE_BOUND('',#13825,.T.);
#13825 = EDGE_LOOP('',(#13826));
#13826 = ORIENTED_EDGE('',*,*,#13792,.F.);
#13827 = ( GEOMETRIC_REPRESENTATION_CONTEXT(3) 
GLOBAL_UNCERTAINTY_ASSIGNED_CONTEXT((#13831)) 
GLOBAL_UNIT_ASSIGNED_CONTEXT((#13828,#13829,#13830)) 
REPRESENTATION_CONTEXT('Context #1',
  '3D Context with UNIT and UNCERTAINTY') );
#13828 = ( LENGTH_UNIT() NAMED_UNIT(*) SI_UNIT(.MILLI.,.METRE.) );
#13829 = ( NAMED_UNIT(*) PLANE_ANGLE_UNIT() SI_UNIT($,.RADIAN.) );
#13830 = ( NAMED_UNIT(*) SI_UNIT($,.STERADIAN.) SOLID_ANGLE_UNIT() );
#13831 = UNCERTAINTY_MEASURE_WITH_UNIT(LENGTH_MEASURE(1.E-07),#13828,
  'distance_accuracy_value','confusion accuracy');
#13832 = PRODUCT_RELATED_PRODUCT_CATEGORY('part',$,(#13725));
#13833 = MECHANICAL_DESIGN_GEOMETRIC_PRESENTATION_REPRESENTATION('',(
    #13834),#5177);
#13834 = STYLED_ITEM('color',(#13835),#5079);
#13835 = PRESENTATION_STYLE_ASSIGNMENT((#13836,#13844));
#13836 = SURFACE_STYLE_USAGE(.BOTH.,#13837);
#13837 = SURFACE_SIDE_STYLE('',(#13838,#13842));
#13838 = SURFACE_STYLE_FILL_AREA(#13839);
#13839 = FILL_AREA_STYLE('',(#13840));
#13840 = FILL_AREA_STYLE_COLOUR('',#13841);
#13841 = COLOUR_RGB('',0.678430976034,0.709803998361,0.741176010593);
#13842 = SURFACE_STYLE_RENDERING_WITH_PROPERTIES(.NORMAL_SHADING.,#13841
  ,(#13843));
#13843 = SURFACE_STYLE_TRANSPARENT(1.);
#13844 = CURVE_STYLE('',#13845,POSITIVE_LENGTH_MEASURE(0.1),#13841);
#13845 = DRAUGHTING_PRE_DEFINED_CURVE_FONT('continuous');
#13846 = MECHANICAL_DESIGN_GEOMETRIC_PRESENTATION_REPRESENTATION('',(
    #13847),#9845);
#13847 = STYLED_ITEM('color',(#13848),#8569);
#13848 = PRESENTATION_STYLE_ASSIGNMENT((#13849,#13856));
#13849 = SURFACE_STYLE_USAGE(.BOTH.,#13850);
#13850 = SURFACE_SIDE_STYLE('',(#13851,#13854));
#13851 = SURFACE_STYLE_FILL_AREA(#13852);
#13852 = FILL_AREA_STYLE('',(#13853));
#13853 = FILL_AREA_STYLE_COLOUR('',#13841);
#13854 = SURFACE_STYLE_RENDERING_WITH_PROPERTIES(.NORMAL_SHADING.,#13841
  ,(#13855));
#13855 = SURFACE_STYLE_TRANSPARENT(1.);
#13856 = CURVE_STYLE('',#13857,POSITIVE_LENGTH_MEASURE(0.1),#13841);
#13857 = DRAUGHTING_PRE_DEFINED_CURVE_FONT('continuous');
#13858 = MECHANICAL_DESIGN_GEOMETRIC_PRESENTATION_REPRESENTATION('',(
    #13859),#13715);
#13859 = STYLED_ITEM('color',(#13860),#12439);
#13860 = PRESENTATION_STYLE_ASSIGNMENT((#13861,#13868));
#13861 = SURFACE_STYLE_USAGE(.BOTH.,#13862);
#13862 = SURFACE_SIDE_STYLE('',(#13863,#13866));
#13863 = SURFACE_STYLE_FILL_AREA(#13864);
#13864 = FILL_AREA_STYLE('',(#13865));
#13865 = FILL_AREA_STYLE_COLOUR('',#13841);
#13866 = SURFACE_STYLE_RENDERING_WITH_PROPERTIES(.NORMAL_SHADING.,#13841
  ,(#13867));
#13867 = SURFACE_STYLE_TRANSPARENT(1.);
#13868 = CURVE_STYLE('',#13869,POSITIVE_LENGTH_MEASURE(0.1),#13841);
#13869 = DRAUGHTING_PRE_DEFINED_CURVE_FONT('continuous');
#13870 = MECHANICAL_DESIGN_GEOMETRIC_PRESENTATION_REPRESENTATION('',(
    #13871),#5065);
#13871 = STYLED_ITEM('color',(#13872),#4859);
#13872 = PRESENTATION_STYLE_ASSIGNMENT((#13873,#13880));
#13873 = SURFACE_STYLE_USAGE(.BOTH.,#13874);
#13874 = SURFACE_SIDE_STYLE('',(#13875,#13878));
#13875 = SURFACE_STYLE_FILL_AREA(#13876);
#13876 = FILL_AREA_STYLE('',(#13877));
#13877 = FILL_AREA_STYLE_COLOUR('',#13841);
#13878 = SURFACE_STYLE_RENDERING_WITH_PROPERTIES(.NORMAL_SHADING.,#13841
  ,(#13879));
#13879 = SURFACE_STYLE_TRANSPARENT(1.);
#13880 = CURVE_STYLE('',#13881,POSITIVE_LENGTH_MEASURE(0.1),#13841);
#13881 = DRAUGHTING_PRE_DEFINED_CURVE_FONT('continuous');
#13882 = MECHANICAL_DESIGN_GEOMETRIC_PRESENTATION_REPRESENTATION('',(
    #13883,#13894,#13905,#13916,#13927,#13938),#4845);
#13883 = STYLED_ITEM('color',(#13884),#4497);
#13884 = PRESENTATION_STYLE_ASSIGNMENT((#13885,#13892));
#13885 = SURFACE_STYLE_USAGE(.BOTH.,#13886);
#13886 = SURFACE_SIDE_STYLE('',(#13887,#13890));
#13887 = SURFACE_STYLE_FILL_AREA(#13888);
#13888 = FILL_AREA_STYLE('',(#13889));
#13889 = FILL_AREA_STYLE_COLOUR('',#13841);
#13890 = SURFACE_STYLE_RENDERING_WITH_PROPERTIES(.NORMAL_SHADING.,#13841
  ,(#13891));
#13891 = SURFACE_STYLE_TRANSPARENT(1.);
#13892 = CURVE_STYLE('',#13893,POSITIVE_LENGTH_MEASURE(0.1),#13841);
#13893 = DRAUGHTING_PRE_DEFINED_CURVE_FONT('continuous');
#13894 = STYLED_ITEM('color',(#13895),#4555);
#13895 = PRESENTATION_STYLE_ASSIGNMENT((#13896,#13903));
#13896 = SURFACE_STYLE_USAGE(.BOTH.,#13897);
#13897 = SURFACE_SIDE_STYLE('',(#13898,#13901));
#13898 = SURFACE_STYLE_FILL_AREA(#13899);
#13899 = FILL_AREA_STYLE('',(#13900));
#13900 = FILL_AREA_STYLE_COLOUR('',#13841);
#13901 = SURFACE_STYLE_RENDERING_WITH_PROPERTIES(.NORMAL_SHADING.,#13841
  ,(#13902));
#13902 = SURFACE_STYLE_TRANSPARENT(1.);
#13903 = CURVE_STYLE('',#13904,POSITIVE_LENGTH_MEASURE(0.1),#13841);
#13904 = DRAUGHTING_PRE_DEFINED_CURVE_FONT('continuous');
#13905 = STYLED_ITEM('color',(#13906),#4613);
#13906 = PRESENTATION_STYLE_ASSIGNMENT((#13907,#13914));
#13907 = SURFACE_STYLE_USAGE(.BOTH.,#13908);
#13908 = SURFACE_SIDE_STYLE('',(#13909,#13912));
#13909 = SURFACE_STYLE_FILL_AREA(#13910);
#13910 = FILL_AREA_STYLE('',(#13911));
#13911 = FILL_AREA_STYLE_COLOUR('',#13841);
#13912 = SURFACE_STYLE_RENDERING_WITH_PROPERTIES(.NORMAL_SHADING.,#13841
  ,(#13913));
#13913 = SURFACE_STYLE_TRANSPARENT(1.);
#13914 = CURVE_STYLE('',#13915,POSITIVE_LENGTH_MEASURE(0.1),#13841);
#13915 = DRAUGHTING_PRE_DEFINED_CURVE_FONT('continuous');
#13916 = STYLED_ITEM('color',(#13917),#4671);
#13917 = PRESENTATION_STYLE_ASSIGNMENT((#13918,#13925));
#13918 = SURFACE_STYLE_USAGE(.BOTH.,#13919);
#13919 = SURFACE_SIDE_STYLE('',(#13920,#13923));
#13920 = SURFACE_STYLE_FILL_AREA(#13921);
#13921 = FILL_AREA_STYLE('',(#13922));
#13922 = FILL_AREA_STYLE_COLOUR('',#13841);
#13923 = SURFACE_STYLE_RENDERING_WITH_PROPERTIES(.NORMAL_SHADING.,#13841
  ,(#13924));
#13924 = SURFACE_STYLE_TRANSPARENT(1.);
#13925 = CURVE_STYLE('',#13926,POSITIVE_LENGTH_MEASURE(0.1),#13841);
#13926 = DRAUGHTING_PRE_DEFINED_CURVE_FONT('continuous');
#13927 = STYLED_ITEM('color',(#13928),#4729);
#13928 = PRESENTATION_STYLE_ASSIGNMENT((#13929,#13936));
#13929 = SURFACE_STYLE_USAGE(.BOTH.,#13930);
#13930 = SURFACE_SIDE_STYLE('',(#13931,#13934));
#13931 = SURFACE_STYLE_FILL_AREA(#13932);
#13932 = FILL_AREA_STYLE('',(#13933));
#13933 = FILL_AREA_STYLE_COLOUR('',#13841);
#13934 = SURFACE_STYLE_RENDERING_WITH_PROPERTIES(.NORMAL_SHADING.,#13841
  ,(#13935));
#13935 = SURFACE_STYLE_TRANSPARENT(1.);
#13936 = CURVE_STYLE('',#13937,POSITIVE_LENGTH_MEASURE(0.1),#13841);
#13937 = DRAUGHTING_PRE_DEFINED_CURVE_FONT('continuous');
#13938 = STYLED_ITEM('color',(#13939),#4787);
#13939 = PRESENTATION_STYLE_ASSIGNMENT((#13940,#13947));
#13940 = SURFACE_STYLE_USAGE(.BOTH.,#13941);
#13941 = SURFACE_SIDE_STYLE('',(#13942,#13945));
#13942 = SURFACE_STYLE_FILL_AREA(#13943);
#13943 = FILL_AREA_STYLE('',(#13944));
#13944 = FILL_AREA_STYLE_COLOUR('',#13841);
#13945 = SURFACE_STYLE_RENDERING_WITH_PROPERTIES(.NORMAL_SHADING.,#13841
  ,(#13946));
#13946 = SURFACE_STYLE_TRANSPARENT(1.);
#13947 = CURVE_STYLE('',#13948,POSITIVE_LENGTH_MEASURE(0.1),#13841);
#13948 = DRAUGHTING_PRE_DEFINED_CURVE_FONT('continuous');
#13949 = MECHANICAL_DESIGN_GEOMETRIC_PRESENTATION_REPRESENTATION('',(
    #13950,#13961,#13972),#6783);
#13950 = STYLED_ITEM('color',(#13951),#5793);
#13951 = PRESENTATION_STYLE_ASSIGNMENT((#13952,#13959));
#13952 = SURFACE_STYLE_USAGE(.BOTH.,#13953);
#13953 = SURFACE_SIDE_STYLE('',(#13954,#13957));
#13954 = SURFACE_STYLE_FILL_AREA(#13955);
#13955 = FILL_AREA_STYLE('',(#13956));
#13956 = FILL_AREA_STYLE_COLOUR('',#13841);
#13957 = SURFACE_STYLE_RENDERING_WITH_PROPERTIES(.NORMAL_SHADING.,#13841
  ,(#13958));
#13958 = SURFACE_STYLE_TRANSPARENT(1.);
#13959 = CURVE_STYLE('',#13960,POSITIVE_LENGTH_MEASURE(0.1),#13841);
#13960 = DRAUGHTING_PRE_DEFINED_CURVE_FONT('continuous');
#13961 = STYLED_ITEM('color',(#13962),#6123);
#13962 = PRESENTATION_STYLE_ASSIGNMENT((#13963,#13970));
#13963 = SURFACE_STYLE_USAGE(.BOTH.,#13964);
#13964 = SURFACE_SIDE_STYLE('',(#13965,#13968));
#13965 = SURFACE_STYLE_FILL_AREA(#13966);
#13966 = FILL_AREA_STYLE('',(#13967));
#13967 = FILL_AREA_STYLE_COLOUR('',#13841);
#13968 = SURFACE_STYLE_RENDERING_WITH_PROPERTIES(.NORMAL_SHADING.,#13841
  ,(#13969));
#13969 = SURFACE_STYLE_TRANSPARENT(1.);
#13970 = CURVE_STYLE('',#13971,POSITIVE_LENGTH_MEASURE(0.1),#13841);
#13971 = DRAUGHTING_PRE_DEFINED_CURVE_FONT('continuous');
#13972 = STYLED_ITEM('color',(#13973),#6453);
#13973 = PRESENTATION_STYLE_ASSIGNMENT((#13974,#13981));
#13974 = SURFACE_STYLE_USAGE(.BOTH.,#13975);
#13975 = SURFACE_SIDE_STYLE('',(#13976,#13979));
#13976 = SURFACE_STYLE_FILL_AREA(#13977);
#13977 = FILL_AREA_STYLE('',(#13978));
#13978 = FILL_AREA_STYLE_COLOUR('',#13841);
#13979 = SURFACE_STYLE_RENDERING_WITH_PROPERTIES(.NORMAL_SHADING.,#13841
  ,(#13980));
#13980 = SURFACE_STYLE_TRANSPARENT(1.);
#13981 = CURVE_STYLE('',#13982,POSITIVE_LENGTH_MEASURE(0.1),#13841);
#13982 = DRAUGHTING_PRE_DEFINED_CURVE_FONT('continuous');
#13983 = MECHANICAL_DESIGN_GEOMETRIC_PRESENTATION_REPRESENTATION('',(
    #13984),#8555);
#13984 = STYLED_ITEM('color',(#13985),#7279);
#13985 = PRESENTATION_STYLE_ASSIGNMENT((#13986,#13993));
#13986 = SURFACE_STYLE_USAGE(.BOTH.,#13987);
#13987 = SURFACE_SIDE_STYLE('',(#13988,#13991));
#13988 = SURFACE_STYLE_FILL_AREA(#13989);
#13989 = FILL_AREA_STYLE('',(#13990));
#13990 = FILL_AREA_STYLE_COLOUR('',#13841);
#13991 = SURFACE_STYLE_RENDERING_WITH_PROPERTIES(.NORMAL_SHADING.,#13841
  ,(#13992));
#13992 = SURFACE_STYLE_TRANSPARENT(1.);
#13993 = CURVE_STYLE('',#13994,POSITIVE_LENGTH_MEASURE(0.1),#13841);
#13994 = DRAUGHTING_PRE_DEFINED_CURVE_FONT('continuous');
#13995 = MECHANICAL_DESIGN_GEOMETRIC_PRESENTATION_REPRESENTATION('',(
    #13996),#11135);
#13996 = STYLED_ITEM('color',(#13997),#9859);
#13997 = PRESENTATION_STYLE_ASSIGNMENT((#13998,#14005));
#13998 = SURFACE_STYLE_USAGE(.BOTH.,#13999);
#13999 = SURFACE_SIDE_STYLE('',(#14000,#14003));
#14000 = SURFACE_STYLE_FILL_AREA(#14001);
#14001 = FILL_AREA_STYLE('',(#14002));
#14002 = FILL_AREA_STYLE_COLOUR('',#13841);
#14003 = SURFACE_STYLE_RENDERING_WITH_PROPERTIES(.NORMAL_SHADING.,#13841
  ,(#14004));
#14004 = SURFACE_STYLE_TRANSPARENT(1.);
#14005 = CURVE_STYLE('',#14006,POSITIVE_LENGTH_MEASURE(0.1),#13841);
#14006 = DRAUGHTING_PRE_DEFINED_CURVE_FONT('continuous');
#14007 = MECHANICAL_DESIGN_GEOMETRIC_PRESENTATION_REPRESENTATION('',(
    #14008,#14019,#14030,#14041),#3097);
#14008 = STYLED_ITEM('color',(#14009),#2705);
#14009 = PRESENTATION_STYLE_ASSIGNMENT((#14010,#14017));
#14010 = SURFACE_STYLE_USAGE(.BOTH.,#14011);
#14011 = SURFACE_SIDE_STYLE('',(#14012,#14015));
#14012 = SURFACE_STYLE_FILL_AREA(#14013);
#14013 = FILL_AREA_STYLE('',(#14014));
#14014 = FILL_AREA_STYLE_COLOUR('',#13841);
#14015 = SURFACE_STYLE_RENDERING_WITH_PROPERTIES(.NORMAL_SHADING.,#13841
  ,(#14016));
#14016 = SURFACE_STYLE_TRANSPARENT(1.);
#14017 = CURVE_STYLE('',#14018,POSITIVE_LENGTH_MEASURE(0.1),#13841);
#14018 = DRAUGHTING_PRE_DEFINED_CURVE_FONT('continuous');
#14019 = STYLED_ITEM('color',(#14020),#2803);
#14020 = PRESENTATION_STYLE_ASSIGNMENT((#14021,#14028));
#14021 = SURFACE_STYLE_USAGE(.BOTH.,#14022);
#14022 = SURFACE_SIDE_STYLE('',(#14023,#14026));
#14023 = SURFACE_STYLE_FILL_AREA(#14024);
#14024 = FILL_AREA_STYLE('',(#14025));
#14025 = FILL_AREA_STYLE_COLOUR('',#13841);
#14026 = SURFACE_STYLE_RENDERING_WITH_PROPERTIES(.NORMAL_SHADING.,#13841
  ,(#14027));
#14027 = SURFACE_STYLE_TRANSPARENT(1.);
#14028 = CURVE_STYLE('',#14029,POSITIVE_LENGTH_MEASURE(0.1),#13841);
#14029 = DRAUGHTING_PRE_DEFINED_CURVE_FONT('continuous');
#14030 = STYLED_ITEM('color',(#14031),#2901);
#14031 = PRESENTATION_STYLE_ASSIGNMENT((#14032,#14039));
#14032 = SURFACE_STYLE_USAGE(.BOTH.,#14033);
#14033 = SURFACE_SIDE_STYLE('',(#14034,#14037));
#14034 = SURFACE_STYLE_FILL_AREA(#14035);
#14035 = FILL_AREA_STYLE('',(#14036));
#14036 = FILL_AREA_STYLE_COLOUR('',#13841);
#14037 = SURFACE_STYLE_RENDERING_WITH_PROPERTIES(.NORMAL_SHADING.,#13841
  ,(#14038));
#14038 = SURFACE_STYLE_TRANSPARENT(1.);
#14039 = CURVE_STYLE('',#14040,POSITIVE_LENGTH_MEASURE(0.1),#13841);
#14040 = DRAUGHTING_PRE_DEFINED_CURVE_FONT('continuous');
#14041 = STYLED_ITEM('color',(#14042),#2999);
#14042 = PRESENTATION_STYLE_ASSIGNMENT((#14043,#14050));
#14043 = SURFACE_STYLE_USAGE(.BOTH.,#14044);
#14044 = SURFACE_SIDE_STYLE('',(#14045,#14048));
#14045 = SURFACE_STYLE_FILL_AREA(#14046);
#14046 = FILL_AREA_STYLE('',(#14047));
#14047 = FILL_AREA_STYLE_COLOUR('',#13841);
#14048 = SURFACE_STYLE_RENDERING_WITH_PROPERTIES(.NORMAL_SHADING.,#13841
  ,(#14049));
#14049 = SURFACE_STYLE_TRANSPARENT(1.);
#14050 = CURVE_STYLE('',#14051,POSITIVE_LENGTH_MEASURE(0.1),#13841);
#14051 = DRAUGHTING_PRE_DEFINED_CURVE_FONT('continuous');
#14052 = MECHANICAL_DESIGN_GEOMETRIC_PRESENTATION_REPRESENTATION('',(
    #14053),#2271);
#14053 = STYLED_ITEM('color',(#14054),#965);
#14054 = PRESENTATION_STYLE_ASSIGNMENT((#14055,#14062));
#14055 = SURFACE_STYLE_USAGE(.BOTH.,#14056);
#14056 = SURFACE_SIDE_STYLE('',(#14057,#14060));
#14057 = SURFACE_STYLE_FILL_AREA(#14058);
#14058 = FILL_AREA_STYLE('',(#14059));
#14059 = FILL_AREA_STYLE_COLOUR('',#13841);
#14060 = SURFACE_STYLE_RENDERING_WITH_PROPERTIES(.NORMAL_SHADING.,#13841
  ,(#14061));
#14061 = SURFACE_STYLE_TRANSPARENT(1.);
#14062 = CURVE_STYLE('',#14063,POSITIVE_LENGTH_MEASURE(0.1),#13841);
#14063 = DRAUGHTING_PRE_DEFINED_CURVE_FONT('continuous');
#14064 = MECHANICAL_DESIGN_GEOMETRIC_PRESENTATION_REPRESENTATION('',(
    #14065),#951);
#14065 = STYLED_ITEM('color',(#14066),#15);
#14066 = PRESENTATION_STYLE_ASSIGNMENT((#14067,#14074));
#14067 = SURFACE_STYLE_USAGE(.BOTH.,#14068);
#14068 = SURFACE_SIDE_STYLE('',(#14069,#14072));
#14069 = SURFACE_STYLE_FILL_AREA(#14070);
#14070 = FILL_AREA_STYLE('',(#14071));
#14071 = FILL_AREA_STYLE_COLOUR('',#13841);
#14072 = SURFACE_STYLE_RENDERING_WITH_PROPERTIES(.NORMAL_SHADING.,#13841
  ,(#14073));
#14073 = SURFACE_STYLE_TRANSPARENT(1.);
#14074 = CURVE_STYLE('',#14075,POSITIVE_LENGTH_MEASURE(0.1),#13841);
#14075 = DRAUGHTING_PRE_DEFINED_CURVE_FONT('continuous');
#14076 = MECHANICAL_DESIGN_GEOMETRIC_PRESENTATION_REPRESENTATION('',(
    #14077),#2691);
#14077 = STYLED_ITEM('color',(#14078),#2593);
#14078 = PRESENTATION_STYLE_ASSIGNMENT((#14079,#14086));
#14079 = SURFACE_STYLE_USAGE(.BOTH.,#14080);
#14080 = SURFACE_SIDE_STYLE('',(#14081,#14084));
#14081 = SURFACE_STYLE_FILL_AREA(#14082);
#14082 = FILL_AREA_STYLE('',(#14083));
#14083 = FILL_AREA_STYLE_COLOUR('',#13841);
#14084 = SURFACE_STYLE_RENDERING_WITH_PROPERTIES(.NORMAL_SHADING.,#13841
  ,(#14085));
#14085 = SURFACE_STYLE_TRANSPARENT(1.);
#14086 = CURVE_STYLE('',#14087,POSITIVE_LENGTH_MEASURE(0.1),#13841);
#14087 = DRAUGHTING_PRE_DEFINED_CURVE_FONT('continuous');
#14088 = MECHANICAL_DESIGN_GEOMETRIC_PRESENTATION_REPRESENTATION('',(
    #14089),#7239);
#14089 = STYLED_ITEM('color',(#14090),#6909);
#14090 = PRESENTATION_STYLE_ASSIGNMENT((#14091,#14098));
#14091 = SURFACE_STYLE_USAGE(.BOTH.,#14092);
#14092 = SURFACE_SIDE_STYLE('',(#14093,#14096));
#14093 = SURFACE_STYLE_FILL_AREA(#14094);
#14094 = FILL_AREA_STYLE('',(#14095));
#14095 = FILL_AREA_STYLE_COLOUR('',#13841);
#14096 = SURFACE_STYLE_RENDERING_WITH_PROPERTIES(.NORMAL_SHADING.,#13841
  ,(#14097));
#14097 = SURFACE_STYLE_TRANSPARENT(1.);
#14098 = CURVE_STYLE('',#14099,POSITIVE_LENGTH_MEASURE(0.1),#13841);
#14099 = DRAUGHTING_PRE_DEFINED_CURVE_FONT('continuous');
#14100 = MECHANICAL_DESIGN_GEOMETRIC_PRESENTATION_REPRESENTATION('',(
    #14101,#14112,#14123),#2579);
#14101 = STYLED_ITEM('color',(#14102),#2285);
#14102 = PRESENTATION_STYLE_ASSIGNMENT((#14103,#14110));
#14103 = SURFACE_STYLE_USAGE(.BOTH.,#14104);
#14104 = SURFACE_SIDE_STYLE('',(#14105,#14108));
#14105 = SURFACE_STYLE_FILL_AREA(#14106);
#14106 = FILL_AREA_STYLE('',(#14107));
#14107 = FILL_AREA_STYLE_COLOUR('',#13841);
#14108 = SURFACE_STYLE_RENDERING_WITH_PROPERTIES(.NORMAL_SHADING.,#13841
  ,(#14109));
#14109 = SURFACE_STYLE_TRANSPARENT(1.);
#14110 = CURVE_STYLE('',#14111,POSITIVE_LENGTH_MEASURE(0.1),#13841);
#14111 = DRAUGHTING_PRE_DEFINED_CURVE_FONT('continuous');
#14112 = STYLED_ITEM('color',(#14113),#2383);
#14113 = PRESENTATION_STYLE_ASSIGNMENT((#14114,#14121));
#14114 = SURFACE_STYLE_USAGE(.BOTH.,#14115);
#14115 = SURFACE_SIDE_STYLE('',(#14116,#14119));
#14116 = SURFACE_STYLE_FILL_AREA(#14117);
#14117 = FILL_AREA_STYLE('',(#14118));
#14118 = FILL_AREA_STYLE_COLOUR('',#13841);
#14119 = SURFACE_STYLE_RENDERING_WITH_PROPERTIES(.NORMAL_SHADING.,#13841
  ,(#14120));
#14120 = SURFACE_STYLE_TRANSPARENT(1.);
#14121 = CURVE_STYLE('',#14122,POSITIVE_LENGTH_MEASURE(0.1),#13841);
#14122 = DRAUGHTING_PRE_DEFINED_CURVE_FONT('continuous');
#14123 = STYLED_ITEM('color',(#14124),#2481);
#14124 = PRESENTATION_STYLE_ASSIGNMENT((#14125,#14132));
#14125 = SURFACE_STYLE_USAGE(.BOTH.,#14126);
#14126 = SURFACE_SIDE_STYLE('',(#14127,#14130));
#14127 = SURFACE_STYLE_FILL_AREA(#14128);
#14128 = FILL_AREA_STYLE('',(#14129));
#14129 = FILL_AREA_STYLE_COLOUR('',#13841);
#14130 = SURFACE_STYLE_RENDERING_WITH_PROPERTIES(.NORMAL_SHADING.,#13841
  ,(#14131));
#14131 = SURFACE_STYLE_TRANSPARENT(1.);
#14132 = CURVE_STYLE('',#14133,POSITIVE_LENGTH_MEASURE(0.1),#13841);
#14133 = DRAUGHTING_PRE_DEFINED_CURVE_FONT('continuous');
#14134 = MECHANICAL_DESIGN_GEOMETRIC_PRESENTATION_REPRESENTATION('',(
    #14135),#7265);
#14135 = STYLED_ITEM('color',(#14136),#7255);
#14136 = PRESENTATION_STYLE_ASSIGNMENT((#14137));
#14137 = SURFACE_STYLE_USAGE(.BOTH.,#14138);
#14138 = SURFACE_SIDE_STYLE('',(#14139,#14142));
#14139 = SURFACE_STYLE_FILL_AREA(#14140);
#14140 = FILL_AREA_STYLE('',(#14141));
#14141 = FILL_AREA_STYLE_COLOUR('',#13841);
#14142 = SURFACE_STYLE_RENDERING_WITH_PROPERTIES(.NORMAL_SHADING.,#13841
  ,(#14143));
#14143 = SURFACE_STYLE_TRANSPARENT(1.);
#14144 = MECHANICAL_DESIGN_GEOMETRIC_PRESENTATION_REPRESENTATION('',(
    #14145),#6895);
#14145 = STYLED_ITEM('color',(#14146),#6797);
#14146 = PRESENTATION_STYLE_ASSIGNMENT((#14147,#14154));
#14147 = SURFACE_STYLE_USAGE(.BOTH.,#14148);
#14148 = SURFACE_SIDE_STYLE('',(#14149,#14152));
#14149 = SURFACE_STYLE_FILL_AREA(#14150);
#14150 = FILL_AREA_STYLE('',(#14151));
#14151 = FILL_AREA_STYLE_COLOUR('',#13841);
#14152 = SURFACE_STYLE_RENDERING_WITH_PROPERTIES(.NORMAL_SHADING.,#13841
  ,(#14153));
#14153 = SURFACE_STYLE_TRANSPARENT(1.);
#14154 = CURVE_STYLE('',#14155,POSITIVE_LENGTH_MEASURE(0.1),#13841);
#14155 = DRAUGHTING_PRE_DEFINED_CURVE_FONT('continuous');
#14156 = MECHANICAL_DESIGN_GEOMETRIC_PRESENTATION_REPRESENTATION('',(
    #14157,#14168),#4483);
#14157 = STYLED_ITEM('color',(#14158),#3111);
#14158 = PRESENTATION_STYLE_ASSIGNMENT((#14159,#14166));
#14159 = SURFACE_STYLE_USAGE(.BOTH.,#14160);
#14160 = SURFACE_SIDE_STYLE('',(#14161,#14164));
#14161 = SURFACE_STYLE_FILL_AREA(#14162);
#14162 = FILL_AREA_STYLE('',(#14163));
#14163 = FILL_AREA_STYLE_COLOUR('',#13841);
#14164 = SURFACE_STYLE_RENDERING_WITH_PROPERTIES(.NORMAL_SHADING.,#13841
  ,(#14165));
#14165 = SURFACE_STYLE_TRANSPARENT(1.);
#14166 = CURVE_STYLE('',#14167,POSITIVE_LENGTH_MEASURE(0.1),#13841);
#14167 = DRAUGHTING_PRE_DEFINED_CURVE_FONT('continuous');
#14168 = STYLED_ITEM('color',(#14169),#4425);
#14169 = PRESENTATION_STYLE_ASSIGNMENT((#14170,#14177));
#14170 = SURFACE_STYLE_USAGE(.BOTH.,#14171);
#14171 = SURFACE_SIDE_STYLE('',(#14172,#14175));
#14172 = SURFACE_STYLE_FILL_AREA(#14173);
#14173 = FILL_AREA_STYLE('',(#14174));
#14174 = FILL_AREA_STYLE_COLOUR('',#13841);
#14175 = SURFACE_STYLE_RENDERING_WITH_PROPERTIES(.NORMAL_SHADING.,#13841
  ,(#14176));
#14176 = SURFACE_STYLE_TRANSPARENT(1.);
#14177 = CURVE_STYLE('',#14178,POSITIVE_LENGTH_MEASURE(0.1),#13841);
#14178 = DRAUGHTING_PRE_DEFINED_CURVE_FONT('continuous');
#14179 = MECHANICAL_DESIGN_GEOMETRIC_PRESENTATION_REPRESENTATION('',(
    #14180,#14191,#14202,#14213,#14224,#14235),#5779);
#14180 = STYLED_ITEM('color',(#14181),#5191);
#14181 = PRESENTATION_STYLE_ASSIGNMENT((#14182,#14189));
#14182 = SURFACE_STYLE_USAGE(.BOTH.,#14183);
#14183 = SURFACE_SIDE_STYLE('',(#14184,#14187));
#14184 = SURFACE_STYLE_FILL_AREA(#14185);
#14185 = FILL_AREA_STYLE('',(#14186));
#14186 = FILL_AREA_STYLE_COLOUR('',#13841);
#14187 = SURFACE_STYLE_RENDERING_WITH_PROPERTIES(.NORMAL_SHADING.,#13841
  ,(#14188));
#14188 = SURFACE_STYLE_TRANSPARENT(1.);
#14189 = CURVE_STYLE('',#14190,POSITIVE_LENGTH_MEASURE(0.1),#13841);
#14190 = DRAUGHTING_PRE_DEFINED_CURVE_FONT('continuous');
#14191 = STYLED_ITEM('color',(#14192),#5289);
#14192 = PRESENTATION_STYLE_ASSIGNMENT((#14193,#14200));
#14193 = SURFACE_STYLE_USAGE(.BOTH.,#14194);
#14194 = SURFACE_SIDE_STYLE('',(#14195,#14198));
#14195 = SURFACE_STYLE_FILL_AREA(#14196);
#14196 = FILL_AREA_STYLE('',(#14197));
#14197 = FILL_AREA_STYLE_COLOUR('',#13841);
#14198 = SURFACE_STYLE_RENDERING_WITH_PROPERTIES(.NORMAL_SHADING.,#13841
  ,(#14199));
#14199 = SURFACE_STYLE_TRANSPARENT(1.);
#14200 = CURVE_STYLE('',#14201,POSITIVE_LENGTH_MEASURE(0.1),#13841);
#14201 = DRAUGHTING_PRE_DEFINED_CURVE_FONT('continuous');
#14202 = STYLED_ITEM('color',(#14203),#5387);
#14203 = PRESENTATION_STYLE_ASSIGNMENT((#14204,#14211));
#14204 = SURFACE_STYLE_USAGE(.BOTH.,#14205);
#14205 = SURFACE_SIDE_STYLE('',(#14206,#14209));
#14206 = SURFACE_STYLE_FILL_AREA(#14207);
#14207 = FILL_AREA_STYLE('',(#14208));
#14208 = FILL_AREA_STYLE_COLOUR('',#13841);
#14209 = SURFACE_STYLE_RENDERING_WITH_PROPERTIES(.NORMAL_SHADING.,#13841
  ,(#14210));
#14210 = SURFACE_STYLE_TRANSPARENT(1.);
#14211 = CURVE_STYLE('',#14212,POSITIVE_LENGTH_MEASURE(0.1),#13841);
#14212 = DRAUGHTING_PRE_DEFINED_CURVE_FONT('continuous');
#14213 = STYLED_ITEM('color',(#14214),#5485);
#14214 = PRESENTATION_STYLE_ASSIGNMENT((#14215,#14222));
#14215 = SURFACE_STYLE_USAGE(.BOTH.,#14216);
#14216 = SURFACE_SIDE_STYLE('',(#14217,#14220));
#14217 = SURFACE_STYLE_FILL_AREA(#14218);
#14218 = FILL_AREA_STYLE('',(#14219));
#14219 = FILL_AREA_STYLE_COLOUR('',#13841);
#14220 = SURFACE_STYLE_RENDERING_WITH_PROPERTIES(.NORMAL_SHADING.,#13841
  ,(#14221));
#14221 = SURFACE_STYLE_TRANSPARENT(1.);
#14222 = CURVE_STYLE('',#14223,POSITIVE_LENGTH_MEASURE(0.1),#13841);
#14223 = DRAUGHTING_PRE_DEFINED_CURVE_FONT('continuous');
#14224 = STYLED_ITEM('color',(#14225),#5583);
#14225 = PRESENTATION_STYLE_ASSIGNMENT((#14226,#14233));
#14226 = SURFACE_STYLE_USAGE(.BOTH.,#14227);
#14227 = SURFACE_SIDE_STYLE('',(#14228,#14231));
#14228 = SURFACE_STYLE_FILL_AREA(#14229);
#14229 = FILL_AREA_STYLE('',(#14230));
#14230 = FILL_AREA_STYLE_COLOUR('',#13841);
#14231 = SURFACE_STYLE_RENDERING_WITH_PROPERTIES(.NORMAL_SHADING.,#13841
  ,(#14232));
#14232 = SURFACE_STYLE_TRANSPARENT(1.);
#14233 = CURVE_STYLE('',#14234,POSITIVE_LENGTH_MEASURE(0.1),#13841);
#14234 = DRAUGHTING_PRE_DEFINED_CURVE_FONT('continuous');
#14235 = STYLED_ITEM('color',(#14236),#5681);
#14236 = PRESENTATION_STYLE_ASSIGNMENT((#14237,#14244));
#14237 = SURFACE_STYLE_USAGE(.BOTH.,#14238);
#14238 = SURFACE_SIDE_STYLE('',(#14239,#14242));
#14239 = SURFACE_STYLE_FILL_AREA(#14240);
#14240 = FILL_AREA_STYLE('',(#14241));
#14241 = FILL_AREA_STYLE_COLOUR('',#13841);
#14242 = SURFACE_STYLE_RENDERING_WITH_PROPERTIES(.NORMAL_SHADING.,#13841
  ,(#14243));
#14243 = SURFACE_STYLE_TRANSPARENT(1.);
#14244 = CURVE_STYLE('',#14245,POSITIVE_LENGTH_MEASURE(0.1),#13841);
#14245 = DRAUGHTING_PRE_DEFINED_CURVE_FONT('continuous');
#14246 = MECHANICAL_DESIGN_GEOMETRIC_PRESENTATION_REPRESENTATION('',(
    #14247),#13827);
#14247 = STYLED_ITEM('color',(#14248),#13729);
#14248 = PRESENTATION_STYLE_ASSIGNMENT((#14249,#14256));
#14249 = SURFACE_STYLE_USAGE(.BOTH.,#14250);
#14250 = SURFACE_SIDE_STYLE('',(#14251,#14254));
#14251 = SURFACE_STYLE_FILL_AREA(#14252);
#14252 = FILL_AREA_STYLE('',(#14253));
#14253 = FILL_AREA_STYLE_COLOUR('',#13841);
#14254 = SURFACE_STYLE_RENDERING_WITH_PROPERTIES(.NORMAL_SHADING.,#13841
  ,(#14255));
#14255 = SURFACE_STYLE_TRANSPARENT(1.);
#14256 = CURVE_STYLE('',#14257,POSITIVE_LENGTH_MEASURE(0.1),#13841);
#14257 = DRAUGHTING_PRE_DEFINED_CURVE_FONT('continuous');
#14258 = MECHANICAL_DESIGN_GEOMETRIC_PRESENTATION_REPRESENTATION('',(
    #14259),#12425);
#14259 = STYLED_ITEM('color',(#14260),#11149);
#14260 = PRESENTATION_STYLE_ASSIGNMENT((#14261,#14268));
#14261 = SURFACE_STYLE_USAGE(.BOTH.,#14262);
#14262 = SURFACE_SIDE_STYLE('',(#14263,#14266));
#14263 = SURFACE_STYLE_FILL_AREA(#14264);
#14264 = FILL_AREA_STYLE('',(#14265));
#14265 = FILL_AREA_STYLE_COLOUR('',#13841);
#14266 = SURFACE_STYLE_RENDERING_WITH_PROPERTIES(.NORMAL_SHADING.,#13841
  ,(#14267));
#14267 = SURFACE_STYLE_TRANSPARENT(1.);
#14268 = CURVE_STYLE('',#14269,POSITIVE_LENGTH_MEASURE(0.1),#13841);
#14269 = DRAUGHTING_PRE_DEFINED_CURVE_FONT('continuous');
ENDSEC;
END-ISO-10303-21;
